text,chunk_type,doi,paper_title,polymers,properties,num_properties
"Title: A Coarse-Grained Force Field for Silica–Polybutadiene Interfaces and Nanocomposites

Abstract: We present a coarse-grained force field for modelling silica–polybutadiene interfaces and nanocomposites. The polymer, poly(cis-1,4-butadiene), is treated with a previously published united-atom model. Silica is treated as a rigid body, using one Si-centered superatom for each SiO2 unit. The parameters for the cross-interaction between silica and the polymer are derived by Boltzmann inversion of the density oscillations at model interfaces, obtained from atomistic simulations of silica surfaces containing both 𝑄4 (hydrophobic) and 𝑄3 (silanol-containing, hydrophilic) silicon atoms. The performance of the model is tested in both equilibrium and non-equilibrium molecular dynamics simulations. We expect the present model to be useful for future large-scale simulations of rubber–silica nanocomposites.

Polymers Studied: Poly(cis-1,4-butadiene)
Properties Measured: density
Force Fields Used: United-atom model

Sample Data:
  - Poly(cis-1,4-butadiene): density = 0.93

DOI: https://doi.org/10.3390/polym12071484",paper,https://doi.org/10.3390/polym12071484,A Coarse-Grained Force Field for Silica–Polybutadiene Interfaces and Nanocomposites,"Poly(cis-1,4-butadiene)",density,1
"Title: A coarse-grained model for capturing the helical behavior of isotactic polypropylene

Abstract: Understanding the process–property relations of helical polymers using molecular simulations has been an attractive research field over the years. Specifically, isotactic polypropylene still remains a challenge for current computational experimentation, as it exhibits phenomena such as crystallization that emerge on large spatial and temporal scales. Coarse-graining is an efficient technique for approaching such phenomena, although previous coarse-grained models lack in preserving important atomistic and structural details. In this paper we develop a new coarse-grained model, based on the popular MARTINI force field, that is able to reproduce the helical behavior of isotactic polypropylene. To test the model, the predicted statistical and structural properties (characteristic ratio, density, entanglement molecular weight, solubility parameter in the melt) are compared with previous simulation results and available experimental data. For the development of the new coarse-grained force field, a single unperturbed chain Monte Carlo algorithm has been implemented: an efficient algorithm which samples conformations representative of a melt by simulating just a single chain.

Polymers Studied: Isotactic Polypropylene
Properties Measured: density, radius_gyration
Force Fields Used: MARTINI, TraPPE-UA, HELIPP

Sample Data:
  - Isotactic Polypropylene: density = 1.048
  - Isotactic Polypropylene: radius_gyration = 1.48
  - Isotactic Polypropylene: radius_gyration = 9.8
  - Isotactic Polypropylene: density = 0.73
  - Isotactic Polypropylene: radius_gyration = 9.23

DOI: https://doi.org/10.1039/d2sm00200k",paper,https://doi.org/10.1039/d2sm00200k,A coarse-grained model for capturing the helical behavior of isotactic polypropylene,Isotactic Polypropylene,"density, radius_gyration",5
"Title: A comparative study of force fields for predicting shape memory properties of liquid crystalline elastomers using molecular dynamic simulations

Abstract: Molecular dynamic (MD) simulation techniques are increasingly being adopted as efficient computational tools to design novel and exotic classes of materials for which traditional methods of synthesis and prototyping are either too costly, unsafe, and time-consuming in laboratory settings. Of such class of materials are liquid crystalline elastomers (LCEs) with favorable shape memory characteristics. These materials exhibit some distinct properties, including stimuli responsiveness to heat or UV and appropriate molecular structure for shape memory behaviors. In this work, the MD simulations were employed to compare and assess the leading force fields currently available for modeling the behavior of a typical LCE system. Three force fields, including Dreiding, PCFF, and SciPCFF, were separately assigned to model the LCE system, and their suitability was validated through experimental results. Among these selected force fields, the SciPCFF produced the best agreement with the experimentally measured thermal and viscoelastic properties compared to those of simulated steady-state density, transition temperature, and viscoelastic characteristics. Next, shape fixity (Rf) and shape recovery (Rr) of LCEs were estimated using this force field. A four-step simulated shape memory procedure proceeded under a tensile mode. The changes in molecular conformations were calculated for Rf and Rr after the unloading step and the reheating step. The results revealed that the model LCE system exhibits characteristic behaviors of Rf and Rr over the thermomechanical shape memory process, confirming the suitability of selected force field for use in the design and prediction of properties of typical LCE class of polymers.

Polymers Studied: RM257-based Liquid Crystalline Elastomer
Properties Measured: density
Force Fields Used: Dreiding, PCFF, SciPCFF

Sample Data:
  - RM257-based Liquid Crystalline Elastomer: density = 1.073
  - RM257-based Liquid Crystalline Elastomer: density = 1.158
  - RM257-based Liquid Crystalline Elastomer: density = 1.202

DOI: https://doi.org/10.1063/5.0044197",paper,https://doi.org/10.1063/5.0044197,A comparative study of force fields for predicting shape memory properties of liquid crystalline elastomers using molecular dynamic simulations,RM257-based Liquid Crystalline Elastomer,density,3
"Title: A force field for bio-polymers in ionic liquids

Abstract: We present the extension of our force field BILFF (Bio-Polymers in Ionic Liquids Force Field) to the bio-polymer cellulose. We already published BILFF parameters for mixtures of ionic liquid 1-ethyl-3-methylimidazolium acetate ([EMIm][OAc]) with water. Our all-atom force field focuses on a quantitative reproduction of the hydrogen bonds in the complex mixture of cellulose, [EMIm]+, [OAc]− and water when compared to reference ab initio molecular dynamics (AIMD) simulations. To enhance the sampling, 50 individual AIMD simulations starting from different initial configurations were performed for cellulose in solvent instead of one long simulation, and the resulting averages were used for force field optimization. All cellulose force field parameters were iteratively adjusted starting from the literature force field of W. Damm et al. We were able to obtain a very good agreement with respect to both the microstructure of the reference AIMD simulations and experimental results such as the system density (even at higher temperatures) and the crystal structure. Our new force field allows performing very long simulations of large systems containing cellulose solvated in (aqueous) [EMIm][OAc] with almost ab initio accuracy.

Polymers Studied: Cellulose
Properties Measured: density
Force Fields Used: BILFF

Sample Data:
  - Cellulose: density = 1.09
  - Cellulose: density = 1.08

DOI: https://doi.org/10.1039/d2cp05636d",paper,https://doi.org/10.1039/d2cp05636d,A force field for bio-polymers in ionic liquids,Cellulose,density,2
"Title: All-Atom Molecular Dynamics Simulations of Poly(ethylene glycol) Networks in Water for Evaluating Negative Energetic Elasticity

Abstract: We performed all-atom molecular dynamics simulations on poly(ethylene glycol) (PEG) hydrogels to microscopically confirm the recently discovered “negative energetic elasticity” [Y. Yoshikawa et al., Phys. Rev. X 2021, 11, 011045], which refers to a negative energetic contribution to the elastic modulus. To scrutinize the force field parameters, we evaluated the densities of aqueous solutions of linear PEG chains at varying concentrations through simulations and compared them with experimental values. We simulated a PEG network consisting of 23 unit cells of a diamond lattice with 60 PEG units per strand among numerous water molecules. Subsequently, we examined the temperature (T) dependence of shear stress (σXY) for each shear strain (γ) under constant-volume conditions for a simulation duration of 360 ns. Current computational limitations lead to significant errors in σXY. Thus, we employed a statistical approach considering numerous data sets (σXY, γ, T) based on the multivariate regression of the equation σXY = Aγ(T – TE) in a narrow temperature range using fitting parameters A and TE, where a positive TE implies a negative energetic elasticity. The magnitude of the negative energetic elasticity (proportional to TE) was approximately double the overall magnitude (proportional to T – TE). We confirmed the feasibility of the obtained TE values via a statistical error analysis. The theoretical prediction of the systematic difference between the TE values under constant-pressure and constant-volume conditions was confirmed. Our method is effective for evaluating the negative energetic elasticity through TE for arbitrary PEG concentrations and strand lengths.

Polymers Studied: Poly(ethylene glycol)
Properties Measured: density
Force Fields Used: TEAM FF

Sample Data:
  - Poly(ethylene glycol): density = 1.0411
  - Poly(ethylene glycol): density = 1.0296
  - Poly(ethylene glycol): density = 1.033
  - Poly(ethylene glycol): density = 1.0261

DOI: https://doi.org/10.1021/acs.macromol.3c01121",paper,https://doi.org/10.1021/acs.macromol.3c01121,All-Atom Molecular Dynamics Simulations of Poly(ethylene glycol) Networks in Water for Evaluating Negative Energetic Elasticity,Poly(ethylene glycol),density,4
"Title: All-Atom Molecular Dynamics Simulations on a Single Chain of PET and PEV Polymers

Abstract: Polyethylene vanillic (PEV), a bio-based material, has mechanical and thermal properties similar to polyethylene terephthalate (PET), the most common polymer used in industries. The present study aimed to investigate and compare their structural dynamics and physical data using a computational approach. The simple model of a single-chain polymer containing 100 repeating units was performed by all-atom molecular dynamics (MD) simulations with refined OPLS–AA force field parameters. As a result, the flexibility of the PEV structure was greater than that of PET. PET and PEV polymers had the predicted glass transition temperature Tg values of approximately 345 K and 353 K, respectively. PEV showed a slightly higher Tg than PET, consistent with current experimental evidence.

Polymers Studied: Poly(ethylene terephthalate), Poly(ethylene vanillate)
Properties Measured: density, glass_transition_temp
Force Fields Used: OPLS

Sample Data:
  - Poly(ethylene terephthalate): density = 1.26
  - Poly(ethylene terephthalate): glass_transition_temp = 345
  - Poly(ethylene vanillate): density = 1.23
  - Poly(ethylene vanillate): glass_transition_temp = 353

DOI: https://doi.org/10.3390/polym14061161",paper,https://doi.org/10.3390/polym14061161,All-Atom Molecular Dynamics Simulations on a Single Chain of PET and PEV Polymers,"Poly(ethylene terephthalate), Poly(ethylene vanillate)","density, glass_transition_temp",4
"Title: All-atom molecular dynamics study of impact fracture of glassy polymers. I_ Molecular mechanism of brittleness of PMMA and ductility of PC

Abstract: Molecular mechanism of brittle and ductile impact fractures of glassy polymers has been investigated. We performed atomistic molecular dynamics (MD) calculations for two glassy polymers, brittle poly(methyl methacrylate) (PMMA) and ductile polycarbonate (PC) using the dissociative force fields. The systems were prepared as realistic as possible such that they reproduced the experimental molecular weight distribution, tacticity, radius of gyration, and entanglement density. The calculated system simulated a small portion of the macroscopic specimen near the notch. The simulations adopted a uniaxial extension condition with the lateral pressure maintained as 1 atm. Under this condition, our atomistic models reproduced the brittle fracture of PMMA via cavitation and ductile fracture of PC via shear yielding and strain hardening. The fracture pathways were determined only by the differences in the material. A conceptual bridge between microscopic simulations and macroscopic experimental observations was provided. The brittle fracture of PMMA is found to be caused by the less flexible backbones with fewer entanglements as well as the inhomogeneity of the material. This contrasts with the finding that more flexible backbones with denser entanglement network result in ductility for PC.

Polymers Studied: Poly(methyl methacrylate), Polycarbonate, Polymethyl methacrylate
Properties Measured: density, glass_transition_temp
Force Fields Used: OPLS-AA

Sample Data:
  - Poly(methyl methacrylate): density = 1.1
  - Poly(methyl methacrylate): glass_transition_temp = 459
  - Polycarbonate: density = 1.2
  - Polycarbonate: glass_transition_temp = 440
  - Polymethyl methacrylate: density = 1.1
  ... and 1 more measurements

DOI: https://doi.org/10.1016/j.polymer.2019.121570",paper,https://doi.org/10.1016/j.polymer.2019.121570,All-atom molecular dynamics study of impact fracture of glassy polymers. I_ Molecular mechanism of brittleness of PMMA and ductility of PC,"Poly(methyl methacrylate), Polycarbonate, Polymethyl methacrylate","density, glass_transition_temp",6
"Title: All-atom molecular dynamics study of impact fracture of glassy polymers. II- Microscopic origins of stresses in elasticity, yielding, and strain hardening

Abstract: Polycarbonate (PC) is a typical ductile polymer which first undergoes shear yielding followed by plastic deformation when subjected to stress. Although numerous theoretical models have been proposed to explain the yielding, its microscopic origin remains unclear. Therefore, we analyzed herein our previous all-atomistic molecular dynamic (MD) trajectories to investigate the microscopic origins of the yielding stress as well as the entire fracture process via rigorous stress decomposition, which considered the contributions of the system alignment and the bond, angle, and van der Waals (vdW) interactions. The affine deformation in the elastic region occurs due to bond stretching, angle bending, and separation of the vdW interacting atom pairs. Plastic deformation, which initiates upon yielding, reduces the growth rate of the bond, angle stresses and vdW stresses via the interchain collisions; meanwhile, the system alignment also contributes to an increased stress. Finally, the main chain bonds and angles are further stretched after strain softening, thereby causing strain hardening.

Polymers Studied: Polycarbonate
Properties Measured: density, glass_transition_temp, youngs_modulus
Force Fields Used: dissociative force field, Dissociative force field

Sample Data:
  - Polycarbonate: density = 1.2
  - Polycarbonate: glass_transition_temp = 440.15
  - Polycarbonate: youngs_modulus = 3.13
  - Polycarbonate: density = 1.2
  - Polycarbonate: youngs_modulus = 3.13

DOI: https://doi.org/10.1016/j.polymer.2020.122908",paper,https://doi.org/10.1016/j.polymer.2020.122908,"All-atom molecular dynamics study of impact fracture of glassy polymers. II- Microscopic origins of stresses in elasticity, yielding, and strain hardening",Polycarbonate,"density, glass_transition_temp, youngs_modulus",5
"Title: All-atom molecular dynamics study of the impact fracture of glassy polymers. III- Compressive fracture of PC and PMMA

Abstract: The compressive fracture of glassy polymers was investigated by performing all-atomistic molecular dynamics calculations for poly (methyl methacrylate) (PMMA) and polycarbonate (PC). The microscopic behaviors such as conformation changes of PMMA were different from that of PC by the analysis of one- and two radial distribution functions and bond breakages. Both brittle PMMA and ductile PC underwent ductile fracture when compressed and exhibited stress-strain curves comparable to those obtained experimentally. The compression process demonstrated a similar but not identical mechanism to extension: first, strain-induced affine deformation resulted in volume reduction in the elastic deformation; second, accumulated stress caused plastic deformation and strain softening accompanied by volume expansion; third, strain hardening occurred, but because of van der Waals repulsion instead of the entanglement networks. The volume expansion during strain softening showed no correlation with the increase in the dihedral transition rate. Structural anisotropy was observed as the strain increased, leading to the alignment of the polymer chain to the plane perpendicular to the compression direction and anisotropic density distribution.

Polymers Studied: Poly(methyl methacrylate), Polycarbonate
Properties Measured: density, glass_transition_temp, youngs_modulus
Force Fields Used: OPLS-AA, Hahn et al. force field

Sample Data:
  - Poly(methyl methacrylate): density = 1.1
  - Poly(methyl methacrylate): glass_transition_temp = 459.15
  - Poly(methyl methacrylate): youngs_modulus = 5.8
  - Polycarbonate: density = 1.2
  - Polycarbonate: glass_transition_temp = 440.15
  ... and 1 more measurements

DOI: https://doi.org/10.1016/j.polymer.2023.126276",paper,https://doi.org/10.1016/j.polymer.2023.126276,All-atom molecular dynamics study of the impact fracture of glassy polymers. III- Compressive fracture of PC and PMMA,"Poly(methyl methacrylate), Polycarbonate","density, glass_transition_temp, youngs_modulus",6
"Title: Atomistic and Coarse-Grained Simulations of Bulk Amorphous Amylose Above and Below the Glass Transition

Abstract: The present work reports a generic methodology for deriving coarse-grained force fields based on iterative Boltzmann inversion and a generic simulation strategy implementing a cooling protocol for obtaining fully relaxed structures of amorphous amylose below the glass transition temperature. A particular coarse-grained force field for amylose was constructed and was compared to Martini force field and its superiority to predict structural properties such as density, radius of gyration, end-to-end distance, glass transition temperature, and characteristic ratio for amorphous amylose over a wide range of temperatures and molecular weights. This work can be easily extended for studying other bio-based polymers like polysaccharides.

Polymers Studied: Amylose 20-mer
Properties Measured: density, glass_transition_temp, radius_gyration
Force Fields Used: CHARMM36, Martini, IBI

Sample Data:
  - Amylose 20-mer: density = 1.24
  - Amylose 20-mer: glass_transition_temp = 586
  - Amylose 20-mer: radius_gyration = 1.628
  - Amylose 20-mer: radius_gyration = 1.777
  - Amylose 20-mer: radius_gyration = 1.701
  ... and 1 more measurements

DOI: https://doi.org/10.1021/acs.macromol.1c01925",paper,https://doi.org/10.1021/acs.macromol.1c01925,Atomistic and Coarse-Grained Simulations of Bulk Amorphous Amylose Above and Below the Glass Transition,Amylose 20-mer,"density, glass_transition_temp, radius_gyration",6
"Title: Charge Scaling in Classical Force Fields for Lithium Ions in Polymers

Abstract: Polymer electrolytes are of interest for applications in energy storage. Molecular simulations of ion transport in polymer electrolytes have been widely used to study the conductivity in these materials. Such simulations have generally relied on classical force fields. A peculiar feature of such force fields has been that in the particular case of lithium ions (Li+), their charge must be scaled down by approximately 20% to achieve agreement with experimental measurements of ion diffusivity. In this work, we present first-principles calculations that serve to justify the charge-scaling factor and van der Waals interaction parameters for Li+ diffusion in poly(ethylene glycol) (PEO) with bistriflimide (TFSI–) counterions. Our results indicate that a scaling factor of 0.79 provides good agreement with DFT calculations over a relatively wide range of Li+ concentrations and temperatures, consistent with past reports where that factor was adjusted by trial and error. We also show that such a scaling factor leads to diffusivities that are in quantitative agreement with experimental measurements.

Polymers Studied: Poly(ethylene glycol)
Properties Measured: diffusion_coefficient
Force Fields Used: OPLS

Sample Data:
  - Poly(ethylene glycol): diffusion_coefficient = Approximately (1e-11 to 1e-10)

DOI: https://doi.org/10.1021/acsmacrolett.4c00368",paper,https://doi.org/10.1021/acsmacrolett.4c00368,Charge Scaling in Classical Force Fields for Lithium Ions in Polymers,Poly(ethylene glycol),diffusion_coefficient,1
"Title: Coarse-Grained Force Field Calibration Based on Multiobjective Bayesian Optimization to Simulate Water Diffusion in Poly-Œµ-caprolactone

Abstract: Molecular dynamics at the atomistic scale is increasingly being used to predict material properties and speed up the material design and development process. However, the accuracy of molecular dynamics predictions is sensitively dependent on the force fields. In the traditional force field calibration process, a specific property, predicted by the model, is compared with the experimental observation and the force field parameters are adjusted to minimize the difference. This leads to the issue that the calibrated force fields are not generic and robust enough to predict different properties. Here, a new calibration method based on multiobjective Bayesian optimization is developed to speed up the development of molecular dynamics force fields that are capable of predicting multiple properties accurately. This is achieved by reducing the number of simulation runs to generate the Pareto front with an efficient sequential sampling strategy. The methodology is demonstrated by generating a new coarse-grained force field for polycaprolactone, where the force field can predict the mechanical properties and water diffusion in the polymer.

Polymers Studied: Polycaprolactone
Properties Measured: diffusion_coefficient, youngs_modulus
Force Fields Used: MARTINI coarse-grained, MARTINI force field by Raman et al.

Sample Data:
  - Polycaprolactone: diffusion_coefficient = 2.17e-11
  - Polycaprolactone: youngs_modulus = 0.3583
  - Polycaprolactone: diffusion_coefficient = 1.05e-11
  - Polycaprolactone: youngs_modulus = 0.4491
  - Polycaprolactone: diffusion_coefficient = 1.46e-11
  ... and 5 more measurements

DOI: https://doi.org/10.1021/acs.jpca.0c01939",paper,https://doi.org/10.1021/acs.jpca.0c01939,Coarse-Grained Force Field Calibration Based on Multiobjective Bayesian Optimization to Simulate Water Diffusion in Poly-Œµ-caprolactone,Polycaprolactone,"diffusion_coefficient, youngs_modulus",10
"Title: Coarse-Grained Force Field for Polyethylene Oxide and Polyethylene Glycol Aqueous Solutions Based on a Polarizable Water Model

Abstract: A new, accurate and transferable coarse-grained (CG) force field (FF) for polyethylene oxide (PEO) and polyethylene glycol (PEG) aqueous solutions based on a polarizable CG water (PCGW) model is developed in this work. A PCGW bead, which represents four water molecules, is modeled as two charged dummy particles connected by two constrained bonds to a central neutral particle; a PEO or PEG oligomer is modeled as a chain with repeated middle beads (PEOM) representing diether groups and two terminal beads (PEOT or PEGT) of a different type compared to PEOM. To describe nonbonded van der Waals interactions, a piecewise Morse potential with four tunable parameters is used. The force parameters are automatically and rigorously optimized by a meta-multilinear interpolation parameterization (meta-MIP) algorithm to simultaneously match multiple thermodynamic properties, including the density, heat of vaporization, vapor–liquid interfacial tension, and solvation free energy of the pure PEO or PEG oligomer bulk system as well as the mixing density and hydration free energy of the oligomer/water binary mixture. Additional thermodynamic and structural properties for longer PEO and PEG polymer aqueous solutions, such as the self-diffusion coefficient, radius of gyration, and end-to-end distance, are predicted to test the accuracy and transferability of this new CG FF. Based on the PCGW model, the presented FF optimization algorithm and strategy can be extended to more complex polyelectrolytes and surfactants.

Polymers Studied: Poly(ethylene oxide), Dimethoxyethane (PEO2), PEO oligomer (PEO3), PEO oligomer (PEO4), PEO oligomer (PEO5), PEG oligomer (PEG2), PEG oligomer (PEG3)
Properties Measured: density
Force Fields Used: p-OMFF

Sample Data:
  - Poly(ethylene oxide): density = 0.671
  - Dimethoxyethane (PEO2): density = 0.837
  - PEO oligomer (PEO3): density = 0.922
  - PEO oligomer (PEO4): density = 0.975
  - PEO oligomer (PEO5): density = 1.013
  ... and 2 more measurements

DOI: https://doi.org/10.1021/acs.jctc.2c01151",paper,https://doi.org/10.1021/acs.jctc.2c01151,Coarse-Grained Force Field for Polyethylene Oxide and Polyethylene Glycol Aqueous Solutions Based on a Polarizable Water Model,"Poly(ethylene oxide), Dimethoxyethane (PEO2), PEO oligomer (PEO3), PEO oligomer (PEO4), PEO oligomer (PEO5), PEG oligomer (PEG2), PEG oligomer (PEG3)",density,7
"Title: Coarse-grained force-field for large scale molecular dynamics simulations of polyacrylamide and polyacrylamide-gels based on quantum mechanics

Abstract: We developed a new coarse-grained (CG) molecular dynamics force field for polyacrylamide (PAM) polymer based on fitting to the quantum mechanics (QM) equation of state (EOS). In this method, all nonbond interactions between representative beads are parameterized using a series of QM-EOS, which significantly improves the accuracy in comparison to common CG methods derived from atomistic molecular dynamics. This CG force-field has both higher accuracy and improved computational efficiency with respect to the OPLS atomistic force field. The nonbond components of the EOS were obtained from cold-compression curves on PAM crystals with rigid chains, while the covalent terms that contribute to the EOS were obtained using relaxed chains. For describing PAM gels we developed water–PAM interaction parameters using the same method. We demonstrate that the new CG-PAM force field reproduces the EOS of PAM crystals, isolated PAM chains, and water–PAM systems, while successfully predicting such experimental quantities as density, specific heat capacity, thermal conductivity and melting point.

Polymers Studied: Polyacrylamide
Properties Measured: density
Force Fields Used: QM-CG-PAM, OPLS

Sample Data:
  - Polyacrylamide: density = 1.304
  - Polyacrylamide: density = 1.307

DOI: https://doi.org/10.1039/d0cp05767c",paper,https://doi.org/10.1039/d0cp05767c,Coarse-grained force-field for large scale molecular dynamics simulations of polyacrylamide and polyacrylamide-gels based on quantum mechanics,Polyacrylamide,density,2
"Title: Development and Testing of an All-Atom Force Field for Diketopyrrolopyrrole Polymers with Conjugated Substituents

Abstract: We develop an all-atom force field for a series of diketopyrrolopyrrole polymers with two aromatic pyridine substituents and a variable number of π-conjugated thiophene units in the backbone (DPP2PymT), used as donor materials in organic photovoltaic devices. Available intrafragment parameterizations of the individual fragment building blocks are combined with interfragment bonded and nonbonded parameters explicitly derived from density functional theory calculations. To validate the force field, we perform classical molecular dynamics simulations of single polymer chains with m = 1, 2, 3 in good and bad solvents and of melts. We observe the expected dependence of the chain conformation on the solvent quality, with the chain collapsing in water, and swelling in chloroform. The glass-transition temperature for the polymer melts is found to be in the range of 340–370 K. Analysis of the mobility of the conjugated segments in the polymer backbone reveals two relaxation processes: a fast one with a characteristic time at room temperature on the order of 10 ps associated with nearly harmonic vibrations and a slow one on the order of 100 ns associated with temperature-activated cis–trans transitions.

Polymers Studied: Diketopyrrolopyrrole-based conjugated polymer
Properties Measured: density, glass_transition_temp
Force Fields Used: All-atom FF, GROMOS-54A7-based (developed)

Sample Data:
  - Diketopyrrolopyrrole-based conjugated polymer: density = 0.923
  - Diketopyrrolopyrrole-based conjugated polymer: glass_transition_temp = 357
  - Diketopyrrolopyrrole-based conjugated polymer: density = 0.973
  - Diketopyrrolopyrrole-based conjugated polymer: glass_transition_temp = 346
  - Diketopyrrolopyrrole-based conjugated polymer: density = 1.005
  ... and 1 more measurements

DOI: https://doi.org/10.1021/acs.jpcb.0c06787",paper,https://doi.org/10.1021/acs.jpcb.0c06787,Development and Testing of an All-Atom Force Field for Diketopyrrolopyrrole Polymers with Conjugated Substituents,Diketopyrrolopyrrole-based conjugated polymer,"density, glass_transition_temp",6
"Title: Development of scalable and generalizable machine learned force field for polymers

Abstract: Understanding and predicting the properties of polymers is vital to developing tailored polymer molecules for desired applications. Classical force fields may fail to capture key properties, for example, the transport properties of certain polymer systems such as polyethylene glycol. As a solution, we present an alternative potential energy surface, a charge recursive neural network (QRNN) model trained on DFT calculations made on smaller atomic clusters that generalizes well to oligomers comprising larger atomic clusters or longer chains. We demonstrate the validity of the polymer QRNN workflow by modeling the oligomers of ethylene glycol. We apply two rounds of active learning (addition of new training clusters based on current model performance) and implement a novel model training approach that uses partial charges from a semi-empirical method. Our developed QRNN model for polymers produces stable molecular dynamics (MD) simulation trajectory and captures the dynamics of polymer chains as indicated by the striking agreement with experimental values. Our model allows working on much larger systems than allowed by DFT simulations, at the same time providing a more accurate force field than classical force fields which provides a promising avenue for large-scale molecular simulations of polymeric systems.

Polymers Studied: Ethylene glycol oligomers
Properties Measured: density
Force Fields Used: QRNN - M,D,T, QRNN - AL-TL, QRNN - AL2.0-TL-xTB

Sample Data:
  - Ethylene glycol oligomers: density = 1.06
  - Ethylene glycol oligomers: density = 1.15
  - Ethylene glycol oligomers: density = 1.11

DOI: https://doi.org/10.1038/s41598-023-43804-5",paper,https://doi.org/10.1038/s41598-023-43804-5,Development of scalable and generalizable machine learned force field for polymers,Ethylene glycol oligomers,density,3
"Title: Effects of an atomistic modeling approach on predicted mechanical properties of glassy polymers via molecular dynamics

Abstract: Glassy polymers are utilized in numerous applications ranging from light-weight structural materials to membranes for industrial gas separation. In this study, we quantify the ability of non-equilibrium molecular dynamics (NEMD) simulations to predict mechanical properties of glassy polymers based on different modeling approaches: force field selection, number of polymer chains in the simulation cell, and polymer builder algorithm. The polymers analyzed in this work are poly(methyl methacrylate) (PMMA), poly(propylene) (PP), and a polymer of intrinsic microporosity (PIM-1). PMMA samples were synthesized in silico using three different methods: continuous configurational biased Monte Carlo, pseudo-self-avoiding random walk, and a generalized simulated polymerization approach. Following the application of a consistent equilibration approach for each PMMA sample, stress–strain data from simulated tensile testing revealed that the choice of polymer builder algorithm or number of chains comprising the simulation cell did not have significant impact on the predicted elastic modulus. Force field selection effects have been analyzed by applying generalized force fields (GAFF and DREIDING) to each PMMA and PP sample and were found to be the most influencing factor studied. For these polymers, it was found that the DREIDING force field provides excellent agreement with experimental tensile moduli, ∼3.25 GPa and ∼1.53 GPa for PMMA and PP, respectively, while GAFF provides a systematic overestimation of the modulus by approximately 1.0 GPa. However, in the case of the PIM-1 model, with previously validated bonded interactions described by GAFF and non-bonded parameters from the TraPPE force field, the tensile modulus was predicted to be 1.23 GPa, which is well within the range of measured experimental values. Altogether, the simulations performed in this study illustrate the capabilities of atomistic MD simulations to predict the elastic modulus of glassy polymers and highlight energetic potential terms to consider for force field validation.

Polymers Studied: Poly(methyl methacrylate), Poly(propylene), Polymer of Intrinsic Microporosity-1
Properties Measured: density, youngs_modulus
Force Fields Used: DREIDING, GAFF, GAFF/TraPPE

Sample Data:
  - Poly(methyl methacrylate): density = 0.994
  - Poly(methyl methacrylate): youngs_modulus = 3.25
  - Poly(methyl methacrylate): density = 1.081
  - Poly(methyl methacrylate): youngs_modulus = 4.13
  - Poly(methyl methacrylate): density = 1
  ... and 31 more measurements

DOI: https://doi.org/10.1088/1361-651x/ab615c",paper,https://doi.org/10.1088/1361-651x/ab615c,Effects of an atomistic modeling approach on predicted mechanical properties of glassy polymers via molecular dynamics,"Poly(methyl methacrylate), Poly(propylene), Polymer of Intrinsic Microporosity-1","density, youngs_modulus",36
"Title: Extraction of Mechanical Parameters via Molecular Dynamics Simulation_Application to Polyimides

Abstract: Polyimides feature a vast number of industrial applications due to their high thermal stability and insulation properties. These polymers exhibit an exceptional combination of thermal stability and mechanical toughness, which allows the semiconductor industry to use them as a mechanical stress buffer. Here, we perform all-atom molecular dynamics (MD) simulations for such materials to assess their predictive capability with respect to their mechanical properties. Specifically, we demonstrate that the OPLS-AA force field can be used to successfully describe an often-used polyimide (i.e., Kapton®) with respect to its Young’s modulus and Poisson’s ratio. Two different modes to extract these mechanical properties from MD simulations are presented. In particular, our continuous deformation mode simulations almost perfectly replicate the results from real-world experimental data and are in line with predictions using other MD force fields. Our thorough investigation of Kapton® also includes an analysis of the anisotropy of normal stresses, as well as the effect of simulation properties on the predicted Young’s moduli. Furthermore, the polyimide pyromellitic dianhydride/2-(4-aminophenyl)-1H-benzimidazole-5-amine (PMDA-BIA) was investigated to draw a more thorough picture of the usability of the OPLS-AA force field for polyimides.

Polymers Studied: Poly(pyromellitic dianhydride-oxydianiline), Poly(pyromellitic dianhydride-benzimidazole amine)
Properties Measured: glass_transition_temp, youngs_modulus
Force Fields Used: OPLS-AA

Sample Data:
  - Poly(pyromellitic dianhydride-oxydianiline): glass_transition_temp = 600-700
  - Poly(pyromellitic dianhydride-oxydianiline): youngs_modulus = 2.5
  - Poly(pyromellitic dianhydride-benzimidazole amine): glass_transition_temp = 500-600
  - Poly(pyromellitic dianhydride-benzimidazole amine): youngs_modulus = 2

DOI: https://doi.org/10.3390/polym16060813",paper,https://doi.org/10.3390/polym16060813,Extraction of Mechanical Parameters via Molecular Dynamics Simulation_Application to Polyimides,"Poly(pyromellitic dianhydride-oxydianiline), Poly(pyromellitic dianhydride-benzimidazole amine)","glass_transition_temp, youngs_modulus",4
"Title: First-Principles-Based Machine-Learning Molecular Dynamics for Crystalline Polymers with van der Waals Interactions

Abstract: Machine-learning (ML) techniques have drawn an ever-increasing focus as they enable high-throughput screening and multiscale prediction of material properties. Especially, ML force fields (FFs) of quantum mechanical accuracy are expected to play a central role for the purpose. The construction of ML-FFs for polymers is, however, still in its infancy due to the formidable configurational space of its composing atoms. Here, we demonstrate the effective development of ML-FFs using kernel functions and a Gaussian process for an organic polymer, polytetrafluoroethylene (PTFE), with a data set acquired by first-principles calculations and ab initio molecular dynamics (AIMD) simulations. Even though the training data set is sampled only with short PTFE chains, structures of longer chains optimized by our ML-FF show an excellent consistency with density functional theory calculations. Furthermore, when integrated with molecular dynamics simulations, the ML-FF successfully describes various physical properties of a PTFE bundle, such as a density, melting temperature, coefficient of thermal expansion, and Young’s modulus.

Polymers Studied: Polytetrafluoroethylene
Properties Measured: density, youngs_modulus
Force Fields Used: Machine-learning force field (ML-FF) with Gaussian process regression and vdW correction

Sample Data:
  - Polytetrafluoroethylene: density = 2.136
  - Polytetrafluoroethylene: youngs_modulus = 139.44
  - Polytetrafluoroethylene: density = 1.247
  - Polytetrafluoroethylene: youngs_modulus = 139.44
  - Polytetrafluoroethylene: youngs_modulus = 135.55

DOI: https://doi.org/10.1021/acs.jpclett.1c01140",paper,https://doi.org/10.1021/acs.jpclett.1c01140,First-Principles-Based Machine-Learning Molecular Dynamics for Crystalline Polymers with van der Waals Interactions,Polytetrafluoroethylene,"density, youngs_modulus",5
"Title: Full-Atomistic Optimized Potentials for Liquid Simulations and Polymer Consistent Force Field Models for Biocompatible Shape-Memory Poly(Œµ-caprolactone)

Abstract: Thermally induced shape memory poly(ε-caprolactone) (PCL)-based polymers are one of the most extensively researched families of biocompatible materials. They are degradable under physiological conditions and have high applicability in general biomedical engineering, with cross-linked PCL networks being particularly useful for tissue engineering. In this study, we used the optimized potentials for liquid simulations (OPLS) force field, which is well suited for describing intermolecular interactions in biomolecules, and the class II polymer consistent force field (PCFF) to investigate the properties of telechelic PCL with diacrylates as reactive functionalities on its end groups. PCFF has been specifically parameterized for simulating synthetic polymeric materials. We compare the findings of all-atom molecular dynamics simulations with known experimental data and theoretical assumptions to verify the applicability of both these force fields. We estimated the melt density, volume, transition temperatures, and mechanical characteristics of two-branched PCL diacrylates with a molecular weight of 2481 Da. Our findings point to the utility of the aforementioned force fields in predicting the properties of PCL-based polymers. It also opens avenues for developing PCL cross-linked polymer models and employing OPLS to investigate the interactions of synthetic polymers with biomolecules.

Polymers Studied: Two-branched poly(ε-caprolactone)
Properties Measured: density, glass_transition_temp, radius_gyration, youngs_modulus
Force Fields Used: OPLS-AA, PCFF

Sample Data:
  - Two-branched poly(ε-caprolactone): density = 1.092
  - Two-branched poly(ε-caprolactone): glass_transition_temp = 275
  - Two-branched poly(ε-caprolactone): radius_gyration = 1.128
  - Two-branched poly(ε-caprolactone): youngs_modulus = 1.43
  - Two-branched poly(ε-caprolactone): density = 1.07
  ... and 7 more measurements

DOI: https://doi.org/10.1021/acs.jpcb.2c01973",paper,https://doi.org/10.1021/acs.jpcb.2c01973,Full-Atomistic Optimized Potentials for Liquid Simulations and Polymer Consistent Force Field Models for Biocompatible Shape-Memory Poly(Œµ-caprolactone),Two-branched poly(ε-caprolactone),"density, glass_transition_temp, radius_gyration, youngs_modulus",12
"Title: Glass Transition and Structure of Organic Polymers from All-Atom Molecular Simulations

Abstract: Molecular dynamics simulations of polymer samples with all-atom resolution provide important insight into the relationship between the atom-level structure and macroscopic properties of polymers. The computational setup of molecular simulations in such a case deserves to be validated, paying attention not to overlook various aspects or inferior settings or postprocessing analyses that have the potential to distort the simulation outcome or at least to make the simulated ensemble too incompatible with its experimental counterparts, such as their polydispersity, initial conformation, or thermal history of the samples. The accuracy of the simulation results obtained from existing all-atom nonpolarizable force fields for three selected polymers is independently benchmarked with respect to the polymer densities and glass transition temperatures. Errors of structural or thermodynamic properties arising due to insufficient sample equilibration or inadequate simulation setup are quantified. Special attention is paid to the selection of reference literature data for polymer systems that are well characterized and as similar as possible to the computationally treated samples. Very different performances of predictions of the glass transition temperatures occur among the individual target polymers, with both their sampling uncertainty and errors from reference experimental data ranging from acceptable below 10 K to highly unsatisfactory 100 K in individual cases. The accuracy of the predicted glass transition temperature is found to be higher for polymers exhibiting faster internal dynamics and distinct trend shifts between the glass and the liquid. On the contrary, when the glass transition occurs gradually over a wider temperature range, it becomes very difficult to capture the adequate transition temperature within molecular simulations, regardless of the evaluation protocol used. Bulk density proves to be the most reliable observable for subsequent trend shift analyses, which typically yield similar results regardless of performing equilibrium or nonequilibrium simulations and adopting the bilinear or hyperbolic regression analyses.

Polymers Studied: Poly(ethylene glycol), Polylactic Acid, Polyvinylpyrrolidone
Properties Measured: density, glass_transition_temp
Force Fields Used: OPLS

Sample Data:
  - Poly(ethylene glycol): density = 1.124
  - Poly(ethylene glycol): glass_transition_temp = 269
  - Polylactic Acid: density = 1.193
  - Polylactic Acid: glass_transition_temp = 351
  - Polyvinylpyrrolidone: density = 1.108
  ... and 1 more measurements

DOI: https://doi.org/10.1021/acs.iecr.3c03038",paper,https://doi.org/10.1021/acs.iecr.3c03038,Glass Transition and Structure of Organic Polymers from All-Atom Molecular Simulations,"Poly(ethylene glycol), Polylactic Acid, Polyvinylpyrrolidone","density, glass_transition_temp",6
"Title: Modeling of Poly(3-hexylthiophene) and Its Oligomer‚Äôs Structure and Thermal Behavior with Different Force Fields: Insights into the Phase Transitions of Semiconducting Polymers

Abstract: The polymorphism of poly(3-hexylthiophene) (P3HT), one of the reference systems in fundamental studies of polymer semiconductors, is explored by molecular dynamics modeling of selected 3-hexylthiophene (3HT) oligomers, comparing structural and thermal behavior simulation results with rare monodisperse oligomer experimental data. The relative stability of the two crystalline polymorphs and the mechanism of interconversion between them, as the degree of polymerization grows in (3HT)n oligomers (n = 10, 16, 20) to the polymer, can be investigated in infinite periodic oligomer crystals without implicitly imposing infinite molecular weights, as inevitable for polymers. To evaluate the impact of different descriptions of molecular interactions, simulations were performed by using three different force fields specifically adapted to poly(3-alkylthiophenes) (P3ATs). Our results show that MD may adequately describe the key features and relative stability of the different crystal phases and suggest plausible interconversion mechanisms for very rapid solid–solid or melting transitions, albeit with complementary differences among different force fields, which become substantial modeling highly disordered crystal structures or mesophases.

Polymers Studied: Poly(3-hexylthiophene)
Properties Measured: density
Force Fields Used: FF3, BHA, OPL

Sample Data:
  - Poly(3-hexylthiophene): density = 1.196
  - Poly(3-hexylthiophene): density = 1.176
  - Poly(3-hexylthiophene): density = 1.197

DOI: https://doi.org/10.1021/acs.macromol.2c00131",paper,https://doi.org/10.1021/acs.macromol.2c00131,Modeling of Poly(3-hexylthiophene) and Its Oligomer‚Äôs Structure and Thermal Behavior with Different Force Fields: Insights into the Phase Transitions of Semiconducting Polymers,Poly(3-hexylthiophene),density,3
"Title: Modeling the degradation of polypropylene and polystyrene under shock compression and mechanical cleaving using the ReaxFF force field

Abstract: Polypropylene (PP) and polystyrene (PS) underwent a comprehensive investigation into their mechanical and chemical degradation through reactive molecular dynamics simulations. The simulations utilized the ReaxFF force field for CHO (carbon-hydrogen-oxygen) systems in the combustion branch. The study included equilibrium simulations to determine densities and melting temperatures, non-equilibrium simulations for stress-strain and Young moduli determination, mechanical cleaving to identify surface species resulting from material fragmentation, and shock compression simulations to elucidate chemical reactions activated by some external energy sources. The results indicate that material properties such as densities, phase transition temperatures, and Young moduli are accurately reproduced by the ReaxFF-CHO force field. The reactive dynamics analysis yielded crucial insights into the surface composition of fragmented polymers. Both polymers exhibited backbone breakage, leaving -CH2· and –CH·- radicals as terminals. PP demonstrated substantial fragmentation, while PS showed a tendency to develop crosslinks. A detailed analysis of chemical reactions resulting from increasing activation due to increasing value of compression pressure is presented and discussed.

Polymers Studied: Polypropylene, Polystyrene
Properties Measured: density, youngs_modulus
Force Fields Used: ReaxFF-CHO

Sample Data:
  - Polypropylene: density = 1.172
  - Polypropylene: youngs_modulus = 1.49
  - Polystyrene: density = 1.298
  - Polystyrene: youngs_modulus = 2.71

DOI: https://doi.org/10.1016/j.chemosphere.2024.142056",paper,https://doi.org/10.1016/j.chemosphere.2024.142056,Modeling the degradation of polypropylene and polystyrene under shock compression and mechanical cleaving using the ReaxFF force field,"Polypropylene, Polystyrene","density, youngs_modulus",4
"Title: Molecular Dynamics Modeling of Epoxy Resins Using the Reactive Interface Force Field

Abstract: Predictive computational modeling of polymer materials is necessary for the efficient design of composite materials and the corresponding processing methods. Molecular dynamics (MD) modeling is especially important for establishing accurate processing–structure–property relationships for neat resins. For MD modeling of amorphous polymer materials, an accurate force field is fundamental to reliable prediction of properties. Reactive force fields, in which chemical bonds can be formed or broken, offer further capability in predicting the mechanical behavior of amorphous polymers subjected to relatively large deformations. To this end, the reactive interface force field (IFF-R) has been recently developed to provide an efficient means to predict the behavior of materials under these conditions. Although IFF-R has been proven to be consistent for some crystalline organic and inorganic systems, it has not yet been proven to be consistent for amorphous polymer systems. The objective of this study is to use IFF-R to predict the thermomechanical properties of three different epoxy systems and validate them with experimental measurements. The results indicate that IFF-R predicts thermomechanical properties that are consistent with the experiment. Therefore, IFF-R can be used to reliably establish the mechanical properties of polymers on the molecular level for future design of new composite materials and processing methods.

Polymers Studied: EPON 862 epoxy resin cured with DETDA, EPON 828 epoxy resin cured with PEA, EPON 828 epoxy resin cured with DDS
Properties Measured: density, glass_transition_temp, youngs_modulus
Force Fields Used: IFF-R

Sample Data:
  - EPON 862 epoxy resin cured with DETDA: density = 1.204
  - EPON 862 epoxy resin cured with DETDA: glass_transition_temp = 428
  - EPON 862 epoxy resin cured with DETDA: youngs_modulus = 3.5
  - EPON 828 epoxy resin cured with PEA: density = 1.153
  - EPON 828 epoxy resin cured with PEA: glass_transition_temp = 365.8
  ... and 2 more measurements

DOI: https://doi.org/10.1021/acs.macromol.1c01813",paper,https://doi.org/10.1021/acs.macromol.1c01813,Molecular Dynamics Modeling of Epoxy Resins Using the Reactive Interface Force Field,"EPON 862 epoxy resin cured with DETDA, EPON 828 epoxy resin cured with PEA, EPON 828 epoxy resin cured with DDS","density, glass_transition_temp, youngs_modulus",7
"Title: Molecular dynamics simulations for glass transition temperature predictions of polyhydroxyalkanoate biopolymers

Abstract: Polyhydroxyalkanoates (PHAs) represent an emerging class of biosynthetic and biodegradable polyesters that exhibit considerable potential to replace petroleum-based plastics towards a sustainable future. Despite the promise, general structure–property mappings within this class of polymers remain largely unexplored. An efficient exploration of this vast chemical space calls for the development and validation of predictive methods for accurate estimation of a diverse range of properties for PHA-based polymers. Towards this aim, here we present and validate the results of our molecular dynamics (MD) simulation based approach aimed at predicting glass transition temperatures (Tg) of PHA-based polymers. Since generally available and widely used polymer forcefields exhibit a relatively poor performance for Tg predictions, we have developed a new forcefield by modifying the polymer consistent force field (PCFF) via refining a selected set of torsion potentials of the polymer backbone using accurate density functional theory (DFT) computations. After carefully assessing the dependence of critical simulation parameters, such as, polymer chain length, number of polymer chains, supercell size, and thermal quenching rate used in the simulation, the applicability and transferability of the modified PCFF (mPCFF) is demonstrated by directly comparing the computed Tg predictions of various polymers with different chemistries, polymer side chain lengths and functional groups forming the polymer side chains against the respective experimentally measured values. Furthermore, the transport properties such as self-diffusion coefficient and viscosity are computationally determined and their well-known correlation with the target properties is demonstrated. Lastly, we have employed the developed approach to predict Tg values for a number of yet-to-be-synthesized PHA-based polymers with a diverse set of functional groups in the polymer side chains. The results are further rationalized by correlating the predicted Tg values with the inter-chain H-bond formation tendencies of the different side chain functional groups. This work represents an important first step towards computationally guided design of PHA-based functional polymers and opens up new directions for a systematic investigation of composition- and configuration-dependent structure–property relationships in more complex binary and ternary copolymer systems.

Polymers Studied: Poly(4-hydroxybutyrate), Poly(3-hydroxybutyrate), Poly(3-hydroxy-5-phenylvalerate), Poly(3-hydroxyvalerate), Poly(3-hydroxyhexanoate), Poly(3-hydroxyheptanoate), Poly(3-hydroxy-4-phenylbutyrate), Poly(3-hydroxy-6-phenylhexanoate), Poly(3-hydroxy-7-phenylheptanoate)
Properties Measured: diffusion_coefficient, glass_transition_temp, viscosity
Force Fields Used: mPCFF, PCFF

Sample Data:
  - Poly(4-hydroxybutyrate): diffusion_coefficient = 1.08e-12
  - Poly(4-hydroxybutyrate): glass_transition_temp = 261.57
  - Poly(4-hydroxybutyrate): diffusion_coefficient = 1.08e-12
  - Poly(4-hydroxybutyrate): glass_transition_temp = 253.16
  - Poly(4-hydroxybutyrate): viscosity = 0.015
  ... and 12 more measurements

DOI: https://doi.org/10.1039/d0cp03163a",paper,https://doi.org/10.1039/d0cp03163a,Molecular dynamics simulations for glass transition temperature predictions of polyhydroxyalkanoate biopolymers,"Poly(4-hydroxybutyrate), Poly(3-hydroxybutyrate), Poly(3-hydroxy-5-phenylvalerate), Poly(3-hydroxyvalerate), Poly(3-hydroxyhexanoate), Poly(3-hydroxyheptanoate), Poly(3-hydroxy-4-phenylbutyrate), Poly(3-hydroxy-6-phenylhexanoate), Poly(3-hydroxy-7-phenylheptanoate)","diffusion_coefficient, glass_transition_temp, viscosity",17
"Title: Polyimide Polymer Simulations through Coarse-Grained Modeling- Prediction of Structure, Physical Properties, and Gas Separation Properties

Abstract: In this study, we introduce a set of coarse-grained (CG) force field parameters for simulating a series of 6FDA-based polyimides. Utilizing atomistic descriptors, we developed CG models that accurately predict the specific volume of the polymers under investigation. Our findings suggest that certain parameters, particularly those associated with specific diamines, can be employed to predict properties such as density using a multiple linear regression. Our study further explores the halogenation of diamines and proposes methods for estimating intermolecular interaction parameters. Our calculations refer to various structural properties, including the radius of gyration, end-to-end distance, glass transition temperature, and diffusion coefficients. Utilizing the newly developed CG force field parameters, we conducted gas separation simulations for 6FDA-DAM polyimide, particularly to predict both sorption- and diffusion-separation mechanisms within the polymer. These simulations provided excellent agreement with experimental data on solubility, diffusion, and permeability selectivity for CO2/CH4, O2/N2, and propylene/propane. The results contribute significantly to our understanding of polyimide behavior, and the parameters proposed here offer a promising tool for the development of new materials with tailored properties for targeted applications.

Polymers Studied: Polyimide from 6FDA and DAM
Properties Measured: density, glass_transition_temp, radius_gyration
Force Fields Used: Martini 3

Sample Data:
  - Polyimide from 6FDA and DAM: density = 1.35
  - Polyimide from 6FDA and DAM: glass_transition_temp = 660
  - Polyimide from 6FDA and DAM: radius_gyration = 2.8

DOI: https://doi.org/10.1021/acs.jpcb.4c04595",paper,https://doi.org/10.1021/acs.jpcb.4c04595,"Polyimide Polymer Simulations through Coarse-Grained Modeling- Prediction of Structure, Physical Properties, and Gas Separation Properties",Polyimide from 6FDA and DAM,"density, glass_transition_temp, radius_gyration",3
"Title: Revised Atomic Charges for OPLS Force Field Model of Poly(Ethylene Oxide)_Benchmarks and Applications in Polymer Electrolyte

Abstract: Poly(ethylene oxide) (PEO)-based polymers are common hosts in solid polymer electrolytes (SPEs) for high-power energy devices. Molecular simulations have provided valuable molecular insights into structures and ion transport mechanisms of PEO-based SPEs. The calculation of thermodynamic and kinetic properties rely crucially on the dependability of the molecular force fields describing inter- and intra-molecular interactions with the target system. In this work, we reparametrized atomic partial charges for the widely applied optimized potentials for liquid simulations (OPLS) force field of PEO. The revised OPLS force field, OPLSR, improves the calculations of density, thermal expansion coefficient, and the phase transition of the PEO system. In particular, OPLSR greatly enhances the accuracy of the calculated dielectric constant of PEO, which is critical for simulating polymer electrolytes. The reparameterization method was further applied to SPE system of PEO/LiTFSI with O:Li ratio of 16:1. Based on the reparametrized partial charges, we applied separate charge-scaling factors for PEO and Li salts. The charge-rescaled OPLSR model significantly improves the resulting kinetics of Li+ transport while maintaining the accurate description of coordination structures within PEO-based SPE. The proposed OPLSR force field can benefit the future simulation studies of SPE systems.

Polymers Studied: Poly(ethylene oxide), Poly(ethylene oxide) with LiTFSI
Properties Measured: density, diffusion_coefficient
Force Fields Used: OPLS, OPLSR (full charge) , OPLSR, charge rescaled OPLSR (fpoly=0.8, fion=0.55)

Sample Data:
  - Poly(ethylene oxide): density = 1.1
  - Poly(ethylene oxide) with LiTFSI: diffusion_coefficient = 1.7e-13
  - Poly(ethylene oxide): density = 1.176
  - Poly(ethylene oxide): diffusion_coefficient = 1.34e-13
  - Poly(ethylene oxide): density = 1.17
  ... and 1 more measurements

DOI: https://doi.org/10.3390/polym13071131",paper,https://doi.org/10.3390/polym13071131,Revised Atomic Charges for OPLS Force Field Model of Poly(Ethylene Oxide)_Benchmarks and Applications in Polymer Electrolyte,"Poly(ethylene oxide), Poly(ethylene oxide) with LiTFSI","density, diffusion_coefficient",6
"Title: Structure of Atactic Polystyrene:  A Molecular Dynamics Simulation Study

Abstract: We have performed a molecular dynamics simulation study of atactic polystyrene (a-PS) and its dimer 2,4-diphenylpentane (DPP) using a previously derived quantum chemistry based explicit atom force field. The X-ray structure factor of a-PS obtained from simulations was found to be in good agreement with experiment, reproducing the “amorphous” peak at around 1.4 Å-1 as well as the “polymerization peak” at around 0.75 Å-1 and its anomalous temperature dependence (increasing intensity with increasing temperature). We found that the amorphous peak in a-PS arises primarily from phenyl−phenyl correlations, with important intramolecular and intermolecular contributions. While the intermolecular component was found to shift to lower q with increasing temperature, the intramolecular component was found to be insensitive to temperature, resulting in a weak temperature dependence of the amorphous peak. Simulations revealed the presence of the polymerization peak in DPP, indicating that the designation “polymerization peak” for this feature is a misnomer. The polymerization peak in both a-PS and DPP was found to be due primarily to intermolecular correlations of backbone atoms. This underlying correlation showed the expected decrease in intensity and shifting to lower q with increasing temperature. The shifting to lower q of intermolecular phenyl−phenyl and phenyl−backbone correlations with increasing temperature was found to lead to the observed anomalous temperature dependence of the polymerization peak.

Polymers Studied: Atactic Polystyrene
Properties Measured: density
Force Fields Used: quantum chemistry based explicit atom force field

Sample Data:
  - Atactic Polystyrene: density = 1.051
  - Atactic Polystyrene: density = 0.995

DOI: https://doi.org/10.1021/ma0003553",paper,https://doi.org/10.1021/ma0003553,Structure of Atactic Polystyrene:  A Molecular Dynamics Simulation Study,Atactic Polystyrene,density,2
"Title: Study of dielectric properties of meta-aramid fibers by molecular dynamics methods using modified OPLSAA force field

Abstract: The dielectric properties of materials have been a prevalent subject in dielectric physics research. However, the theoretical calculation of the dielectric properties of polymer insulating materials remains challenging. Taking meta-aramid fiber (PMIA) as the research object, the micro-dielectric relaxation process of the PMIA system was studied by molecular dynamics and the polarization frequency response theory. The OPLSAA force field was optimized based on the density functional theory B3LYP/6-31G. Using calculations of the spatial structure, chain motion, basic physical and chemical properties, and dielectric properties of PMIA, it was found that the optimized OPLSAA force field accurately indicated the dielectric properties of PMIA. The frequency-dependent dielectric properties of PMIA calculated by the optimized OPLSAA force field were consistent with the polarization frequency response theory, and the simulation results agreed with the Debye model theory. The theoretical calculation process of polymer dielectric properties based on molecular dynamics presented in this paper provides a new avenue to improve the prediction accuracy of polymer dielectric properties.

Polymers Studied: Poly(m-phenylene isophthalamide)
Properties Measured: density, glass_transition_temp
Force Fields Used: Modified OPLSAA, COMPASS, PCFF

Sample Data:
  - Poly(m-phenylene isophthalamide): density = 1.249
  - Poly(m-phenylene isophthalamide): glass_transition_temp = 564
  - Poly(m-phenylene isophthalamide): density = 1.297
  - Poly(m-phenylene isophthalamide): glass_transition_temp = 567
  - Poly(m-phenylene isophthalamide): density = 1.247
  ... and 1 more measurements

DOI: https://doi.org/10.1016/j.polymer.2022.125331",paper,https://doi.org/10.1016/j.polymer.2022.125331,Study of dielectric properties of meta-aramid fibers by molecular dynamics methods using modified OPLSAA force field,Poly(m-phenylene isophthalamide),"density, glass_transition_temp",6
"Title: Validation of Force Fields of Rubber through Glass-Transition Temperature Calculation by Microsecond Atomic-Scale Molecular Dynamics Simulation

Abstract: Microsecond atomic-scale molecular dynamics simulation has been employed to calculate the glass-transition temperature (Tg) of cis- and trans-1,4-polybutadiene (PB) and 1,4-polyisoprene (PI). Both all-atomistic and united-atom models have been simulated using force fields, already available in literature. The accuracy of these decade old force fields has been tested by comparing calculated glass-transition temperatures to the corresponding experimental values. Tg depicts the phase transition in elastomers and substantially affects various physical properties of polymers, and hence the reproducibility of Tg becomes very crucial from a thermodynamic point of view. Such validation using Tg also evaluates the ability of these force fields to be used for advanced materials like rubber nanocomposites, where Tg is greatly affected by the presence of fillers. We have calculated Tg for a total of eight systems, featuring all-atom and united-atom models of cis- and trans-PI and -PB, which are the major constituents of natural and synthetic rubber. Tuning and refinement of the force fields has also been done using quantum-chemical calculations to obtain desirable density and Tg. Thus, a set of properly validated force fields, capable of reproducing various macroscopic properties of rubber, has been provided. A novel polymer equilibration protocol, involving potential energy convergence as the equilibration criterion, has been proposed. We demonstrate that not only macroscopic polymer properties like density, thermal expansion coefficient, and Tg but also local structural characteristics like end-to-end distance (R) and radius of gyration (Rg) and mechanical properties like bulk modulus have also been equilibrated using our strategy. Complete decay of end-to-end vector autocorrelation function with time also supports proper equilibration using our strategy.

Polymers Studied: cis-1,4-Polybutadiene, trans-1,4-Polybutadiene, cis-1,4-Polyisoprene, trans-1,4-Polyisoprene
Properties Measured: density, glass_transition_temp, radius_gyration
Force Fields Used: United-atom (Smith and Paul), All-atom (OPLS-AA based), United-atom (Harmandaris et al.), All-atom (Modified Faller et al.)

Sample Data:
  - cis-1,4-Polybutadiene: density = 0.89
  - cis-1,4-Polybutadiene: glass_transition_temp = 200
  - cis-1,4-Polybutadiene: density = 0.894
  - cis-1,4-Polybutadiene: glass_transition_temp = 190
  - cis-1,4-Polybutadiene: radius_gyration = 1.54
  ... and 15 more measurements

DOI: https://doi.org/10.1021/acs.jpcb.5b10789",paper,https://doi.org/10.1021/acs.jpcb.5b10789,Validation of Force Fields of Rubber through Glass-Transition Temperature Calculation by Microsecond Atomic-Scale Molecular Dynamics Simulation,"cis-1,4-Polybutadiene, trans-1,4-Polybutadiene, cis-1,4-Polyisoprene, trans-1,4-Polyisoprene","density, glass_transition_temp, radius_gyration",20
"Title: A coarse-grain force field based on quantum mechanics (CGq FF) for molecular dynamics simulation of poly(ethylene glycol)-block-poly (e-caprolactone) (PEG-b-PCL) micelles

Abstract: In order to provide the means to predict from molecular dynamics (MD) simulations the structures of copolymer-based micelles in solution, we developed coarse grain force field (CGq FF) parameters for poly(ethylene glycol) (PEG) and for poly(ε-caprolactone) (PCL). A key advance here is the use of quantum mechanics to train the parameters describing the non-bonded (NB) interactions between the CG beads. The functional forms are the same as the MARTINI CG FF so standard MD codes can be used. Our CGq FF describes well the experimentally observed properties for the polymer–air and polymer–water interfaces, indicating the accuracy of the NB interactions. The structural properties (density, radius of gyration (Rg), and end-to-end distance (h)) match both experiment and all atom (AA) simulations. We illustrate the application of this CGq FF by following the formation of a spherical micelle from 250 chains of PEG23-b-PCL9 diblock copolymer, each block with molecular weight of 1000 Daltons (10 500 beads, corresponding to 123 250 atoms), in a water box with 119 139 water beads (426 553 water molecules).

Polymers Studied: Poly(ethylene glycol) (PEG9), Polycaprolactone (PCL10), Methoxy-poly(ethylene glycol)-block-polycaprolactone (MePEG23-b-PCL9)
Properties Measured: density, radius_gyration
Force Fields Used: CGq FF (MARTINI based)

Sample Data:
  - Poly(ethylene glycol) (PEG9): density = 1.126
  - Polycaprolactone (PCL10): density = 1.212
  - Methoxy-poly(ethylene glycol)-block-polycaprolactone (MePEG23-b-PCL9): radius_gyration = 3.535

DOI: https://doi.org/10.1039/d0cp04364h",paper,https://doi.org/10.1039/d0cp04364h,A coarse-grain force field based on quantum mechanics (CGq FF) for molecular dynamics simulation of poly(ethylene glycol)-block-poly (e-caprolactone) (PEG-b-PCL) micelles,"Poly(ethylene glycol) (PEG9), Polycaprolactone (PCL10), Methoxy-poly(ethylene glycol)-block-polycaprolactone (MePEG23-b-PCL9)","density, radius_gyration",3
"Title: A coil-to-globule transition capable coarse-grained model for poly(N-isopropylacrylamide)

Abstract: We present a model for mesoscopic molecular dynamics simulations of poly(N-isopropyl-acrylamide) (pNIPAM). The model uses a coarse-grained scheme based on the explicit-solvent Martini force field. The mapping of the polymer accounts for three beads per monomer. Similarly to the Martini water bead, the amide moieties of the polymer include an electric dipole. The model is tested by building polymer chains of different sizes and proved to accurately capture the thermal response of pNIPAM without including any temperature-dependent parameters. The critical temperature of the model is observed at (302.1 ± 1.1) K for a 35-mer and it keeps invariant when increasing the chain length. We deployed a series of replica-exchange molecular dynamics simulations that evidence the oligomer reaches thermodynamic equilibrium irrespective of the starting configuration. Finally, the model is applied to a membrane structure of pNIPAM where a good agreement with previous atomistic simulations is observed.

Polymers Studied: Poly(N-isopropylacrylamide)
Properties Measured: radius_gyration
Force Fields Used: Martini 2.2

Sample Data:
  - Poly(N-isopropylacrylamide): radius_gyration = 2.3
  - Poly(N-isopropylacrylamide): radius_gyration = 1.25

DOI: https://doi.org/10.1039/d0cp03101a",paper,https://doi.org/10.1039/d0cp03101a,A coil-to-globule transition capable coarse-grained model for poly(N-isopropylacrylamide),Poly(N-isopropylacrylamide),radius_gyration,2
"Title: A Molecular Dynamics Simulation Study of Segmental Relaxation Processes in Miscible Polymer Blends

Abstract: We have performed molecular dynamics simulations of blends composed of chemically realistic (CR) and lower barrier (LB) 1,4-polybutadiene (PBD) over a wide range of composition and temperature. In these blends, the dynamically fast component (LB-PBD, T g ‚Äö√¢√† 108 K) and dynamically slow component (CR-PBD, T g ‚Äö√¢√† 164 K) are conformationally, structurally, and thermodynamically very similar, with different dihedral barriers leading to significantly different segmental dynamics. We observe primary (R-relaxation) and secondary main-chain (≈í‚â§-relaxation) processes in the dielectric response of pure melts and CR-PBD/LB-PBD blends for all temperatures and compositions investigated. The separation between the dielectric Rand ≈í‚â§-relaxation processes of the fast component polymer significantly increases upon blending. This increasing separation dramatically influences the frequency-dependent dielectric susceptibility of the blend due to the significant strength of the fast component ≈í‚â§-relaxation process and the insensitivity of this relaxation process to the blend composition, providing a plausible explanation for the broadening of the blend dielectric response observed experimentally in a number of miscible blends. The results obtained from our simulations are discussed in light of concentration fluctuation, Lodge-McLeish, and coupling models.

Polymers Studied: Chemically Realistic 1,4-Polybutadiene, Lower-Barrier 1,4-Polybutadiene
Properties Measured: glass_transition_temp
Force Fields Used: quantum chemistry based united atom force field

Sample Data:
  - Chemically Realistic 1,4-Polybutadiene: glass_transition_temp = 164
  - Lower-Barrier 1,4-Polybutadiene: glass_transition_temp = 108

DOI: https://doi.org/10.1021/ma0608828",paper,https://doi.org/10.1021/ma0608828,A Molecular Dynamics Simulation Study of Segmental Relaxation Processes in Miscible Polymer Blends,"Chemically Realistic 1,4-Polybutadiene, Lower-Barrier 1,4-Polybutadiene",glass_transition_temp,2
"Title: A New Parameterization of an All-Atom Force Field for Cellulose

Abstract: We have parametrized an AMBER force field in a TEAMFF database to accurately represent intra- and intermolecular interactions of cellulose. Parameters are obtained by fitting quantum mechanics (QM) energetic data on a training set of 12 simple and substituted heterocycles, alcohols, ethers, and saccharides. The temperature-dependent Lennard–Jones parameters were optimized by fitting experimental data of 23 molecular liquids at different temperatures using molecular dynamics (MD) simulations. Validation on cellobiose, the monomer of cellulose, exhibits excellent agreement between the data obtained by molecular mechanics calculations using the present force field and QM calculations in terms of conformational energies, structures, and vibrational frequencies. The MD simulation results of cellulose Iβ crystal agree well with the experimental data, showing a 0.1% deviation in density and less than 1% deviations in all the cell parameters.

Polymers Studied: Cellulose Ib crystal
Properties Measured: density
Force Fields Used: AMBER (TEAMFF)

Sample Data:
  - Cellulose Ib crystal: density = 1.635

DOI: https://doi.org/10.1007/s11837-021-04732-9",paper,https://doi.org/10.1007/s11837-021-04732-9,A New Parameterization of an All-Atom Force Field for Cellulose,Cellulose Ib crystal,density,1
"Title: Atomistic hybrid particle-field molecular dynamics combined with slip-springs- Restoring entangled dynamics to simulations of polymer melts

Abstract: In hybrid particle-field (hPF) simulations (J. Chem. Phys., 2009 130, 214106), the entangled dynamics of polymer melts is lost due to chain crossability. Chains cross, because the field-treatment of the nonbonded interactions makes them effectively soft-core. We introduce a multi-chain slip-spring model (J. Chem. Phys., 2013 138, 104907) into the hPF scheme to mimic the topological constraints of entanglements.The structure of the polymer chains is consistent with that of regular molecular dynamics simulations and is not affected by the introduction of slip-springs. Although slight deviations are seen at short times, dynamical properties such as mean-square displacements and reorientational relaxation times are in good agreement with traditional molecular dynamics simulations and theoretical predictions at long times.

Polymers Studied: Polyethylene, Polyethylene (n=150), Polyethylene (n=350), Polyethylene (n=520), Polyethylene (n=1300), Polyethylene (n=2600)
Properties Measured: density
Force Fields Used: United-atom force field, United-atom model

Sample Data:
  - Polyethylene: density = 0.77
  - Polyethylene: density = 0.77
  - Polyethylene (n=150): density = 0.77
  - Polyethylene (n=350): density = 0.77
  - Polyethylene (n=520): density = 0.77
  ... and 2 more measurements

DOI: https://doi.org/10.1002/jcc.26428",paper,https://doi.org/10.1002/jcc.26428,Atomistic hybrid particle-field molecular dynamics combined with slip-springs- Restoring entangled dynamics to simulations of polymer melts,"Polyethylene, Polyethylene (n=150), Polyethylene (n=350), Polyethylene (n=520), Polyethylene (n=1300), Polyethylene (n=2600)",density,7
"Title: Branched polyethyleneimineCHARMM force field and molecular_dynamics_simulations

Abstract: Polyethyleneimine (PEI), one of the non-viral vectors of great interest for gene delivery, was investigated at all-atom level, with particular emphasis on its branched form. We report the extension of our previously published CHARMM force field (FF) for linear PEI, with parameters optimized specifically for branched configurations. A new residue type for the branch connector is introduced and the charges and bonded parameters are derived from ab initio calculations based on a model polymer. The new FF is validated by extensive molecular dynamics simulations of solvated branched PEIs of various protonation fractions and branch lengths. The gyration radii, end-to-end distances, and diffusion coefficients are compared with results for linear PEIs of similar molecular weights and protonation patterns. Solvated complexes of DNA with (linear/branched) PEI were also investigated to determine favorable attachment conformations. The parametrized atomistic force field is suitable for simulations of PEI with arbitrary branching pattern, protonation, and size, and is expected to provide relevant insights regarding optimal conditions for DNA-PEI complex formation.

Polymers Studied: Linear Polyethylenimine (LPEI39u4), Linear Polyethylenimine (LPEI39u2), Linear Polyethylenimine (LPEI51p0), Branched Polyethylenimine (BPEI17u2)
Properties Measured: radius_gyration, diffusion_coefficient
Force Fields Used: CHARMM

Sample Data:
  - Linear Polyethylenimine (LPEI39u4): radius_gyration = 1.91
  - Linear Polyethylenimine (LPEI39u2): radius_gyration = 2.24
  - Linear Polyethylenimine (LPEI51p0): radius_gyration = 1.66
  - Branched Polyethylenimine (BPEI17u2): diffusion_coefficient = 2.1e-10

DOI: https://doi.org/10.1002/jcc.27005",paper,https://doi.org/10.1002/jcc.27005,Branched polyethyleneimineCHARMM force field and molecular_dynamics_simulations,"Linear Polyethylenimine (LPEI39u4), Linear Polyethylenimine (LPEI39u2), Linear Polyethylenimine (LPEI51p0), Branched Polyethylenimine (BPEI17u2)","radius_gyration, diffusion_coefficient",4
"Title: C_H_O_F_Al ReaxFF Force Field Development and Application to Study the Condensed-Phase Poly(vinylidene fluoride) and Reaction Mechanisms with Aluminum

Abstract: Poly(vinylidene fluoride) (PVDF) is a well-known polymer with a (−CH2–CF2−)n chemical formula that is used, in particular, in electronic devices. The spatial arrangements of −CH2– and −CF2– units and the spatial alignment of PVDF chains determine the ferroelectricity, pyroelectricity, and piezoelectricity of condensed-phase PVDF. PVDF can be fabricated with Al metal as an energetic composite for rocket propellants. To better understand how PVDF molecular structures affect the properties in the condensed phase and the chemical reaction mechanisms with Al, we have developed a C/H/O/Al/F ReaxFF force field through parameterization against data from quantum mechanical (QM) calculations and experiments. This ReaxFF force field demonstrates good transferability in both low-temperature regimes, dominated by nonreactive conformational changes, and high-temperature regimes, dominated by PVDF chemical conversion. In the low-temperature regime, we investigated the α → β crystalline phase transition kinetics induced by a poling electric field or mechanical deformation. The molecular dynamics (MD) simulations show that electric field magnitude thresholds for the α → β crystalline phase transitions are 5.0 and 7.5 GV/m in the y and x directions, respectively. In addition, we found that the trans-gauche+–trans-gauche– conformation in the α crystalline structure transforms to the all-trans conformation through mechanical deformation. However, the all-trans chains are arranged in an antiparallel pattern in the stretched structure, resulting in zero polarity. We also observed that the poling electric field threshold can be reduced by combining it with mechanical deformation. In the high-temperature regime, we analyzed the reactions between PVDF and surface-oxidized Al nanoparticles. Results indicate that the reactions are triggered by the absorption of an H or F atom from PVDF to the alumina surface, followed by HF formation from PVDF pyrolysis. The produced HF molecules rapidly react with the surface alumina to form OH and AlFx. The activation energy of AlFx formation is estimated using Arrhenius analysis. In addition, OH groups combine to produce H2O vapor, whereas AlFx aggregates. Moreover, AlCx is also produced. The developed C/H/O/F/Al ReaxFF force field can serve for future studies of composite materials involving Al, alumina, PVDF, and its copolymers.

Polymers Studied: Poly(vinylidene fluoride)
Properties Measured: youngs_modulus
Force Fields Used: C/H/O/F/Al ReaxFF

Sample Data:
  - Poly(vinylidene fluoride): youngs_modulus = 132
  - Poly(vinylidene fluoride): youngs_modulus = 294
  - Poly(vinylidene fluoride): youngs_modulus = 144
  - Poly(vinylidene fluoride): youngs_modulus = 80

DOI: https://doi.org/10.1021/acs.jpcc.2c02043",paper,https://doi.org/10.1021/acs.jpcc.2c02043,C_H_O_F_Al ReaxFF Force Field Development and Application to Study the Condensed-Phase Poly(vinylidene fluoride) and Reaction Mechanisms with Aluminum,Poly(vinylidene fluoride),youngs_modulus,4
"Title: Characterizing moisture uptake and plasticization effects of water on amorphous amylose starch models using molecular dynamics methods

Abstract: Dynamics and thermophysical properties of amorphous starch were explored using molecular dynamics (MD) simulations. Using the OPLS3e force field, simulations of short amylose chains in water were performed to determine force field accuracy. Using well-tempered metadynamics, a free energy map of the two glycosidic angles of an amylose molecule was constructed and compared with other modern force fields. Good agreement of torsional sampling for both solvated and amorphous amylose starch models was observed. Using combined grand canonical Monte Carlo (GCMC)/MD simulations, a moisture sorption isotherm curve is predicted along with temperature dependence. Concentration-dependent activation energies for water transport agree quantitatively with previous experiments. Finally, the plasticization effect of moisture content on amorphous starch was investigated. Predicted glass transition temperature (Tg) depression as a function of moisture content is in line with experimental trends. Further, our calculations provide a value for the dry Tg for amorphous starch, a value which no experimental value is available.

Polymers Studied: Amylose DP12
Properties Measured: radius_gyration
Force Fields Used: OPLS3e

Sample Data:
  - Amylose DP12: radius_gyration = 1.3

DOI: https://doi.org/10.26434/chemrxiv.12582272.v1",paper,https://doi.org/10.26434/chemrxiv.12582272.v1,Characterizing moisture uptake and plasticization effects of water on amorphous amylose starch models using molecular dynamics methods,Amylose DP12,radius_gyration,1
"Title: Coarse-graining of polyisoprene melts using inverse Monte Carlo and local density potentials

Abstract: Bottom-up coarse-graining of polymers is commonly performed by matching structural order parameters such as distribution of bond lengths, bending and dihedral angles, and pair distribution functions. In this study, we introduce the distribution of nearest-neighbors as an additional order parameter in the concept of local density potentials. We describe how the inverse-Monte Carlo method provides a framework for forcefield development that is capable of overcoming challenges associated with the parameterization of interaction terms in polymer systems. The technique is applied on polyisoprene melts as a prototype system. We demonstrate that while different forcefields can be developed that perform equally in terms of matching target distributions, the inclusion of nearest-neighbors provides a straightforward route to match both thermodynamic and conformational properties. We find that several temperature state points can also be addressed, provided that the forcefield is refined accordingly. Finally, we examine both the single-particle and the collective dynamics of the coarse-grain models, demonstrating that all forcefields present a similar acceleration relative to the atomistic systems.

Polymers Studied: Polyisoprene
Properties Measured: density, radius_gyration
Force Fields Used: Coarse-grained (CG) models developed via inverse Monte Carlo

Sample Data:
  - Polyisoprene: density = 0.835
  - Polyisoprene: radius_gyration = 1.35

DOI: https://doi.org/10.1063/1.5143245",paper,https://doi.org/10.1063/1.5143245,Coarse-graining of polyisoprene melts using inverse Monte Carlo and local density potentials,Polyisoprene,"density, radius_gyration",2
"Title: Conformational Heterogeneity and Interchain Percolation Revealed in an Amorphous Conjugated Polymer

Abstract: Conjugated polymers are employed in a variety of application areas due to their bright fluorescence and strong biocompatibility. However, understanding the structure of amorphous conjugated polymers on the nanoscale is extremely challenging compared to their related crystalline phases. Using a bespoke classical force field, we study amorphous poly(9,9-di-n-octylfluorene-alt-benzothiadiazole) (F8BT) with molecular dynamics simulations to investigate the role that its nanoscale structure plays in controlling its emergent (and all-important) optical properties. Notably, we show that a giant percolating cluster exists within amorphous F8BT, which has ramifications in understanding the nature of interchain species that drive the quantum yield reduction and bathochromic shift observed in conjugated polymer-based devices and nanostructures. We also show that distinct conformations can be unravelled from within the disordered structure of amorphous F8BT using a two-stage machine learning protocol, highlighting a link between molecular conformation and ring stacking propensity. This work provides predictive understanding by which to enhance the optical properties of next-generation conjugated polymer-based devices and materials by rational, simulation-led design principles.

Polymers Studied: Poly(9,9-dioctylfluorene-alt-benzothiadiazole)
Properties Measured: glass_transition_temp
Force Fields Used: bespoke classical force field

Sample Data:
  - Poly(9,9-dioctylfluorene-alt-benzothiadiazole): glass_transition_temp = 478

DOI: https://doi.org/10.1021/acsnano.2c04794",paper,https://doi.org/10.1021/acsnano.2c04794,Conformational Heterogeneity and Interchain Percolation Revealed in an Amorphous Conjugated Polymer,"Poly(9,9-dioctylfluorene-alt-benzothiadiazole)",glass_transition_temp,1
"Title: Designing Accurate Moment Tensor Potentials for Phonon-Related Properties of Crystalline Polymers

Abstract: The phonon-related properties of crystalline polymers are highly relevant for various applications. Their simulation is, however, particularly challenging, as the systems that need to be modeled are often too extended to be treated by ab initio methods, while classical force fields are too inaccurate. Machine-learned potentials parametrized against material-specific ab initio data hold the promise of being extremely accurate and also highly efficient. Still, for their successful application, protocols for their parametrization need to be established to ensure an optimal performance, and the resulting potentials need to be thoroughly benchmarked. These tasks are tackled in the current manuscript, where we devise a protocol for parametrizing moment tensor potentials (MTPs) to describe the structural properties, phonon band structures, elastic constants, and forces in molecular dynamics simulations for three prototypical crystalline polymers: polyethylene (PE), polythiophene (PT), and poly-3-hexylthiophene (P3HT). For PE, the thermal conductivity and thermal expansion are also simulated and compared to experiments. A central element of the approach is to choose training data in view of the considered use case of the MTPs. This not only yields a massive speedup for complex calculations while essentially maintaining DFT accuracy, but also enables the reliable simulation of properties that, so far, have been entirely out of reach.

Polymers Studied: Polyethylene (PE), Polythiophene, Poly(3-hexylthiophene)
Properties Measured: youngs_modulus
Force Fields Used: Moment Tensor Potential (MTPphonon, level 26)

Sample Data:
  - Polyethylene (PE): youngs_modulus = 328
  - Polythiophene: youngs_modulus = 383
  - Poly(3-hexylthiophene): youngs_modulus = 151

DOI: https://doi.org/10.3390/molecules29163724",paper,https://doi.org/10.3390/molecules29163724,Designing Accurate Moment Tensor Potentials for Phonon-Related Properties of Crystalline Polymers,"Polyethylene (PE), Polythiophene, Poly(3-hexylthiophene)",youngs_modulus,3
"Title: Development of a transferable coarse-grained model of polydimethylsiloxane

Abstract: Polydimethylsiloxane (PDMS) is a popular silicon-based polymer with advanced applications in microfluidics and nanocomposites. The slow dynamics of polymer chains in such complex systems hinders molecular dynamics investigations based on all atom force fields. This limitation can be overcome by exploiting finely tuned coarse-grained (CG) models. This paper develops a transferable CG model of PDMS, compatible with the recent Martini 3 force field, using structural and thermodynamic properties as targets in the parametrization, including a vast set of experimental free energies of transfer. We validate the model transferability by reproducing the correct scaling laws for the PDMS gyration radius in the melt and good and bad solvents. We successfully test the model by reproducing the wetting behavior of water and acetonitrile on PDMS and the phase behavior of a PDMS–peptide triblock copolymer system. This work sets the stage for computational studies involving the interaction between PDMS and many synthetic and biological molecules modeled within the Martini framework.

Polymers Studied: Polydimethylsiloxane
Properties Measured: density
Force Fields Used: Martini 3, Atomistic model (classical force field)

Sample Data:
  - Polydimethylsiloxane: density = 0.96
  - Polydimethylsiloxane: density = 0.96

DOI: https://doi.org/10.1039/d2sm00939k",paper,https://doi.org/10.1039/d2sm00939k,Development of a transferable coarse-grained model of polydimethylsiloxane,Polydimethylsiloxane,density,2
"Title: Early structural development in melt-quenched polymer PTT from atomistic molecular dynamic simulations

Abstract: Molecular dynamics simulations are performed to study the initial structural development in poly(trimethylene terephthalate) (PTT) when quenched below its melting point. The development of local ordering has been observed in our simulations. The thermal properties, such as the glass transition temperature (T g ) and the melting temperature (T m ), determined from our simulations are in reasonable agreement with experimental values. It is found that, between these two temperatures, the number of local structures quickly increases during the thermal relaxation period soon after the system is quenched and starts to fluctuate afterwards. The formation and development of local structures is found to be driven mainly by the torsional and van der Waals forces and follows the classical nucleation-growth mechanism. The variation of local structures' fraction with temperature exhibits a maximum between T g and T m , resembling the temperature dependence of the crystallization rate for most polymers. In addition, the backbone torsion distribution for segments within the local structures preferentially reorganizes to the trans-gauche-gauche-trans (t-g-g-t) conformation, the same as that in the crystalline state. As a consequence, we believe that such local structural ordering could be the baby nuclei that have been suggested to form in the early stage of polymer crystallization.

Polymers Studied: Poly(trimethylene terephthalate)
Properties Measured: density, glass_transition_temp, youngs_modulus
Force Fields Used: Dreiding

Sample Data:
  - Poly(trimethylene terephthalate): density = 1.06
  - Poly(trimethylene terephthalate): glass_transition_temp = 360
  - Poly(trimethylene terephthalate): youngs_modulus = 2.72
  - Poly(trimethylene terephthalate): density = 1.06
  - Poly(trimethylene terephthalate): glass_transition_temp = 360
  ... and 2 more measurements

DOI: https://doi.org/10.1088/0953-8984/21/50/505101",paper,https://doi.org/10.1088/0953-8984/21/50/505101,Early structural development in melt-quenched polymer PTT from atomistic molecular dynamic simulations,Poly(trimethylene terephthalate),"density, glass_transition_temp, youngs_modulus",7
"Title: Experimental and Simulation Study on Glass Transition Temperatures of GAP with Ionic-Liquid-Based Energetic Plasticizers

Abstract: Molecular dynamics (MD) simulations and experiments were carried out to study the glass transition temperature of glycidyl azide polymer (GAP) which is widely used in propellants as an energetic binder. A modification method was applied to improve the mechanical properties of GAP at low temperatures, through the addition of energetic ionic liquid plasticizers to the polymer matrix. The design and simulate under the COMPASS force field, with the ensembles of constant particle number, pressure, temperature (NPT) done. The variation of density and free volume of polymers was observed with decreasing the temperature, and the glass transition temperatures (Tg) were estimated based on the variation of density and free volume vs. temperature. Simulation and experimental results revealed that the addition of energetic ionic liquid plasticizer to the polymer matrix reduced Tg. Also, by changing the anion of ionic liquid, the size of the molecule and the number of atoms, the value of Tg was changed. The variations were 235 K (GAP), 233 K (GAP/IL-N3), 230 K (GAP/IL-NO3) and 214 K (GAP/IL–DCA).

Polymers Studied: Glycidyl Azide Polymer (GAP), GAP with Ionic Liquid (Dicyanamide anion, IL-DCA), GAP with Ionic Liquid (Nitrate anion, IL-NO3), GAP with Ionic Liquid (Azide anion, IL-N3)
Properties Measured: glass_transition_temp
Force Fields Used: COMPASS

Sample Data:
  - Glycidyl Azide Polymer (GAP): glass_transition_temp = 240
  - GAP with Ionic Liquid (Dicyanamide anion, IL-DCA): glass_transition_temp = 214
  - GAP with Ionic Liquid (Nitrate anion, IL-NO3): glass_transition_temp = 227
  - GAP with Ionic Liquid (Azide anion, IL-N3): glass_transition_temp = 230

DOI: https://doi.org/10.1002/prep.201900267",paper,https://doi.org/10.1002/prep.201900267,Experimental and Simulation Study on Glass Transition Temperatures of GAP with Ionic-Liquid-Based Energetic Plasticizers,"Glycidyl Azide Polymer (GAP), GAP with Ionic Liquid (Dicyanamide anion, IL-DCA), GAP with Ionic Liquid (Nitrate anion, IL-NO3), GAP with Ionic Liquid (Azide anion, IL-N3)",glass_transition_temp,4
"Title: Extending the fused-sphere SAFT-Mie force field parameterization approach to poly(vinyl butyral) copolymers

Abstract: SAFT-γ Mie, a molecular group-contribution equation of state with foundations in the statistical associating fluid theory framework, is a promising means for developing accurate and transferable coarse-grained force fields for complex polymer systems. We recently presented a new approach for incorporating bonded potentials derived from all-atom molecular dynamics simulations into fused-sphere SAFT-γ Mie homopolymer chains by means of a shape factor parameter, which allows for bond distances less than the tangent-sphere value required in conventional SAFT-γ Mie force fields. In this study, we explore the application of the fused-sphere SAFT-γ Mie approach to copolymers. In particular, we demonstrate its capabilities at modeling poly(vinyl alcohol-co-vinyl butyral) (PVB), an important commercial copolymer widely used as an interlayer in laminated safety glass applications. We found that shape factors determined from poly(vinyl alcohol) and poly(vinyl butyral) homopolymers do not in general correctly reproduce random copolymer densities when standard SAFT-γ Mie mixing rules are applied. However, shape factors optimized to reproduce the density of a random copolymer of intermediate composition resulted in a model that accurately represents density across a wide range of chemical compositions. Our PVB model reproduced copolymer glass transition temperature in agreement with experimental data, but heat capacity was underpredicted. Finally, we demonstrate that atomistic details may be inserted into equilibrated fused-sphere SAFT-γ Mie copolymer melts through a geometric reverse-mapping algorithm.

Polymers Studied: Poly(vinyl butyral) (PVB), Poly(vinyl butyral) (PVB) random copolymer 12 mol.% vinyl alcohol, Poly(vinyl butyral) (PVB) random copolymer 25 mol.% vinyl alcohol, Poly(vinyl butyral) (PVB) random copolymer 50 mol.% vinyl alcohol, Poly(vinyl butyral) (PVB) random copolymer 75 mol.% vinyl alcohol
Properties Measured: density, glass_transition_temp
Force Fields Used: fused-sphere SAFT-γ-Mie

Sample Data:
  - Poly(vinyl butyral) (PVB): density = 1.062
  - Poly(vinyl butyral) (PVB): glass_transition_temp = 374.5
  - Poly(vinyl butyral) (PVB) random copolymer 12 mol.% vinyl alcohol: density = 1.019
  - Poly(vinyl butyral) (PVB) random copolymer 12 mol.% vinyl alcohol: glass_transition_temp = 300.2
  - Poly(vinyl butyral) (PVB) random copolymer 25 mol.% vinyl alcohol: density = 1.043
  ... and 5 more measurements

DOI: https://doi.org/10.1063/1.5126213",paper,https://doi.org/10.1063/1.5126213,Extending the fused-sphere SAFT-Mie force field parameterization approach to poly(vinyl butyral) copolymers,"Poly(vinyl butyral) (PVB), Poly(vinyl butyral) (PVB) random copolymer 12 mol.% vinyl alcohol, Poly(vinyl butyral) (PVB) random copolymer 25 mol.% vinyl alcohol, Poly(vinyl butyral) (PVB) random copolymer 50 mol.% vinyl alcohol, Poly(vinyl butyral) (PVB) random copolymer 75 mol.% vinyl alcohol","density, glass_transition_temp",10
"Title: Force Fields for Macromolecular Assemblies Containing Diketopyrrolopyrrole and Thiophene

Abstract: Utilizing a force-matching procedure, we parametrize new force fields systematically for large conjugated systems. We model both conjugated polymers and molecular crystals that contain diketopyrrolopyrrole, thiophene, and thieno[3,2-b]thiophene units. These systems have recently been found to have low band gaps, which exhibit high efficiency for photovoltaic devices. The equilibrium structures, forces, and energies of the building block chromophores, diketopyrrolopyrrole, thiophene, and thieno[3,2-b]thiophene computed using our parameters are comparable to those computed using the reference electronic structure method. We assess the suitability of this new force field for electronic property calculations by comparing the electronic excitation properties computed along classical and ab initio molecular dynamics trajectories. For both trajectories, we find similar distributions of TDDFT-calculated excitation energies and oscillator strengths for the building block chromophore diketopyrrolopyrrole-thieno[3,2-b]thiophene. The structural, dynamic, and electronic properties of the macromolecular assemblies built upon these chromophores are characterized. For both polymers and molecular crystals, pronounced peaks around 0° or 180° are observed for the torsions between chromophores under ambient conditions. The high planarity in these systems can promote local ordering and π–π stacking, thereby potentially facilitating charge transport across these materials. For the model conducting polymers, we found that the fluctuations in the density of states per chain per monomer is negligibly small and does not vary significantly with chains comprising 20–40 monomers. Analysis of the electron–hole distributions and the transition density matrices indicates that the delocalized length is approximately 4–6 monomers, which is in good agreement with other theoretical and experimental studies of different conducting polymers. For the molecular crystals, our investigation of the characteristic time scale of the fluctuation in the excitonic couplings shows that a low-frequency vibration below 100 cm–1 is observed for the nearest neighbors. These observations are in line with previous studies on other molecular crystals, in which low-frequency vibrations are believed to be responsible for the large modulation of the excitonic coupling. Thus, our approach and the new force fields provide a direct route for studying the structure–property relations and the molecular level origins of the high efficiency of these classes of materials.

Polymers Studied: DPPTBT (DPP–thiophene conjugated polymer)
Properties Measured: density, radius_gyration
Force Fields Used: OPLS

Sample Data:
  - DPPTBT (DPP–thiophene conjugated polymer): density = 1.035
  - DPPTBT (DPP–thiophene conjugated polymer): radius_gyration = 12.5 - 16

DOI: https://doi.org/10.1021/acs.jctc.0c00399",paper,https://doi.org/10.1021/acs.jctc.0c00399,Force Fields for Macromolecular Assemblies Containing Diketopyrrolopyrrole and Thiophene,DPPTBT (DPP–thiophene conjugated polymer),"density, radius_gyration",2
"Title: Free energy calculations of small molecules in dense amorphous polymers. Effect of the initial guess configuration in molecular dynamics studies

Abstract: The excess free energy of small molecules in the amorphous polymers poly√ï√´ethylene√ï√≠ and poly√ï√´dimethylsiloxane√ï√≠ was calculated, using the test-particle-insertion method. The method was applied to polymer configurations obtained from molecular dynamics simulations with differently prepared initial guess configurations. It was found that the calculated solubility coefficients strongly depend on the quality of the initial guess configuration. Slow compression of dilute systems, during which process only the repulsive parts of the nonbonded Lennard-Jones potentials are taken into account, yields polymer melts which are better relaxed, and which offer lower solubilities for guest molecules compared with polymer melts generated at the experimental density or prepared by compressing boxes with soft-core nonbonded potentials. For the last two methods initial stresses relax by straining the internal modes √ï√´bond angles, torsion angles√ï√≠ of the chains.

Polymers Studied: Polyethylene
Properties Measured: density
Force Fields Used: GROMOS, Smit et al. potential

Sample Data:
  - Polyethylene: density = 0.91
  - Polyethylene: density = 0.848

DOI: https://doi.org/10.1063/1.472614",paper,https://doi.org/10.1063/1.472614,Free energy calculations of small molecules in dense amorphous polymers. Effect of the initial guess configuration in molecular dynamics studies,Polyethylene,density,2
"Title: High-Throughput Molecular Dynamics Simulations and Validation of Thermophysical Properties of Polymers

Abstract: Recent advances in graphics-processing-unit (GPU) hardware and improved efficiencies of atomistic simulation programs allow the screening of a large number of polymers to predict properties that require running and analyzing long Molecular Dynamics (MD) trajectories of large molecular systems. This paper outlines an efficient MD cooling simulation workflow based on GPU MD simulation and the refined Optimized Potentials for Liquids Simulation (OPLS) OPLS3e force field to calculate glass transition temperatures (Tg) of 315 polymers for which experimental values were reported by Bicerano.1 We observed good agreement of predicted Tg values with experimental observation across a wide range of polymers, which confirms the clear utility of the described workflow. During the stepwise cooling simulation for the calculation of Tg, a subset of polymers clearly showed an ordered structure developing as the temperature decreased. Such polymers have a point of discontinuity on the specific volume vs. temperature plot, which we associated with the melting temperature (Tm). We demonstrate the distinction between crystallized and amorphous polymers by examining polyethylene. Linear polyethylene shows a discontinuity in the specific volume vs. temperature plot, but we do not observe the discontinuity for branched polyethylene simulations.

Polymers Studied: Polyoxyoctamethylene
Properties Measured: glass_transition_temp
Force Fields Used: OPLS3e

Sample Data:
  - Polyoxyoctamethylene: glass_transition_temp = 238

DOI: https://doi.org/10.26434/chemrxiv.12250229",paper,https://doi.org/10.26434/chemrxiv.12250229,High-Throughput Molecular Dynamics Simulations and Validation of Thermophysical Properties of Polymers,Polyoxyoctamethylene,glass_transition_temp,1
"Title: Insight into structural properties of polyethylene glycol monolaurate in water and alcohols from molecular dynamics studies

Abstract: By means of molecular dynamics (MD) simulations, we explored the structural properties of polyethylene glycol monolaurate (PEGML) in water and in various aliphatic alcohols (methanol, ethanol, 2-propanol, 2-butanol, tert-butanol, and 1-pentanol). The PEGML and the alcohols were simulated using the optimized potentials for liquid simulations, all-atom (OPLS-AA) force field and water using the extended simple point charge (SPC/E) model. From the isothermal-isobaric (NPT, constant number of particles, constant pressure, and constant temperature) ensemble, we extracted the densities from the simulations and compared them with those from experimental results in order to confirm the validity of the selected force fields. The densities from MD simulations are in good agreement with the experimental values. To gain more insight into the nature of interactions between the PEGML and the solvent molecules, we analyzed the hydrogen-bonds, the electrostatic (Coulomb) interactions, and the van der Waals (Lennard-Jones) interaction energies extracted from MD simulations. The results were further strengthened by computing the solvation free energy by employing the free energy perturbation (FEP) approach. In this method, the free energy difference was computed by using the Bennet Acceptance Ratio (BAR) method. Moreover, the radial distribution functions were analyzed in order to gain more understanding of the solution behavior at the molecular level.

Polymers Studied: Polyethylene glycol monolaurate, Polyethylene glycol monolaurate + water, Polyethylene glycol monolaurate + methanol, Polyethylene glycol monolaurate + ethanol, Polyethylene glycol monolaurate + 2-propanol, Polyethylene glycol monolaurate + 2-butanol, Polyethylene glycol monolaurate + tert-butanol, Polyethylene glycol monolaurate + 1-pentanol
Properties Measured: density
Force Fields Used: OPLS-AA

Sample Data:
  - Polyethylene glycol monolaurate: density = 0.9789
  - Polyethylene glycol monolaurate + water: density = 0.9711
  - Polyethylene glycol monolaurate + methanol: density = 0.7907
  - Polyethylene glycol monolaurate + ethanol: density = 0.8016
  - Polyethylene glycol monolaurate + 2-propanol: density = 0.8004
  ... and 3 more measurements

DOI: https://doi.org/10.1039/c9ra09688d",paper,https://doi.org/10.1039/c9ra09688d,Insight into structural properties of polyethylene glycol monolaurate in water and alcohols from molecular dynamics studies,"Polyethylene glycol monolaurate, Polyethylene glycol monolaurate + water, Polyethylene glycol monolaurate + methanol, Polyethylene glycol monolaurate + ethanol, Polyethylene glycol monolaurate + 2-propanol, Polyethylene glycol monolaurate + 2-butanol, Polyethylene glycol monolaurate + tert-butanol, Polyethylene glycol monolaurate + 1-pentanol",density,8
"Title: Investigation of adsorption of polymers on metallic nanowires_ A molecular dynamics study

Abstract: Composite of polymer with a small content of strong material, such as carbon nanotube (CNT) and metallic nanowire (NW) has interesting mechanical, thermal, optical and electrical properties. For the first time, we used molecular dynamics simulations (MD) with polymer consistent force field (PCFF) to study adsorption of polymers involving Poly(3-hexythiophene) (P3HT) and Poly [[[(2ethylhexyl)oxy]methoxy-1,4-phenylene]-1,2-ethenediyl] (MEH-PPV) on metallic NW including silver and gold. The influence of main factors such as NW radius and temperature on the interfacial adhesion of NW-polymer and radius of gyration of polymers (R g ) were studied. We showed that the interaction energy decreases slowly with increasing temperature, thus the temperature influence is very weak. Our results showed that P3HT-Au has the strongest interaction energy, then MEH-PPV-Au, P3HT-Ag, and finally MEH-PPV-Ag. In addition, the interaction energy increased with increasing NW radius, thus the NW with large radius is the best type for reinforcement. We studied the influence of NW radius and temperature on the radius of gyration (R g ). We found that R g oscillated slowly and no obvious trend was seen. In other words, NW radius and temperature had no influence on R g value. We showed that the R g value for P3HT was higher than MEH-PPV, thus P3HT expanded more than MEH-PPV on NW surface.

Polymers Studied: Poly(3-hexylthiophene), Poly[[[(2-ethylhexyl)oxy]methoxy-1,4-phenylene]-1,2-ethenediyl]
Properties Measured: radius_gyration
Force Fields Used: PCFF

Sample Data:
  - Poly(3-hexylthiophene): radius_gyration = 0.85
  - Poly[[[(2-ethylhexyl)oxy]methoxy-1,4-phenylene]-1,2-ethenediyl]: radius_gyration = 0.75

DOI: https://doi.org/10.1016/j.apsusc.2012.07.152",paper,https://doi.org/10.1016/j.apsusc.2012.07.152,Investigation of adsorption of polymers on metallic nanowires_ A molecular dynamics study,"Poly(3-hexylthiophene), Poly[[[(2-ethylhexyl)oxy]methoxy-1,4-phenylene]-1,2-ethenediyl]",radius_gyration,2
"Title: Mechanical properties of carbon nanotube reinforced polyurethane matrix using computational method- a molecular dynamics study

Abstract: The reinforcing nanostructures can be made up of nanoparticles, nanosheets or nanofibres such as carbon nanotubes (CNTs) and graphene nanosheets. To investigate the reinforce mechanism, the changes in mechanical behavior of CNT reinforced Polyurethane (PU) matrix with various chirality was studied using molecular dynamics (MD) method in current work. We used the DREIDING and Tersoff force-fields for simulation of the PU and CNT samples, respectively. To report the mechanical properties of pristine PU matrix and reinforced PU/CNT structure, some physical parameters such as interaction energy between polymer chains and nanotube atoms, ultimate strength, and Young’s modulus are calculated. MD outputs indicated inserting CNT with zigzag edge into pristine matrix enlarged the Young’s modulus by 17.10% and the ultimate strength by 25.69%. These results indicated the promising effect of CNT-based nanostructures on the mechanical properties of PU matrix.

Polymers Studied: Polyurethane, Reinforced Polyurethane/Carbon Nanotube (7,7) Armchair, Reinforced Polyurethane/Carbon Nanotube (11,0) Zigzag, Reinforced Polyurethane/Carbon Nanotube (6,6) Armchair, Reinforced Polyurethane/Carbon Nanotube (8,8) Armchair, Reinforced Polyurethane/Carbon Nanotube (10,0) Zigzag, Reinforced Polyurethane/Carbon Nanotube (12,0) Zigzag
Properties Measured: youngs_modulus
Force Fields Used: DREIDING, DREIDING (PU) and Tersoff (CNT)

Sample Data:
  - Polyurethane: youngs_modulus = 0.04978
  - Reinforced Polyurethane/Carbon Nanotube (7,7) Armchair: youngs_modulus = 0.05235
  - Reinforced Polyurethane/Carbon Nanotube (11,0) Zigzag: youngs_modulus = 0.05821
  - Reinforced Polyurethane/Carbon Nanotube (6,6) Armchair: youngs_modulus = 0.05121
  - Reinforced Polyurethane/Carbon Nanotube (8,8) Armchair: youngs_modulus = 0.05299
  ... and 2 more measurements

DOI: https://doi.org/10.1088/1402-4896/ac6cae",paper,https://doi.org/10.1088/1402-4896/ac6cae,Mechanical properties of carbon nanotube reinforced polyurethane matrix using computational method- a molecular dynamics study,"Polyurethane, Reinforced Polyurethane/Carbon Nanotube (7,7) Armchair, Reinforced Polyurethane/Carbon Nanotube (11,0) Zigzag, Reinforced Polyurethane/Carbon Nanotube (6,6) Armchair, Reinforced Polyurethane/Carbon Nanotube (8,8) Armchair, Reinforced Polyurethane/Carbon Nanotube (10,0) Zigzag, Reinforced Polyurethane/Carbon Nanotube (12,0) Zigzag",youngs_modulus,7
"Title: Mesoscopic Modeling of Bio-Compatible PLGA Polymers with Coarse-Grained Molecular Dynamics Simulations

Abstract: A challenging topic in materials engineering is the development of numerical models that can accurately predict material properties with atomistic accuracy, matching the scale and level of detail achieved by experiments. In this regard, coarse-grained (CG) molecular dynamics (MD) simulations are a popular method for achieving this goal. Despite the efforts of the scientific community, a reliable CG model with quasi-atomistic accuracy has not yet been fully achieved for the design and prototyping of materials, especially polymers. In this paper, we describe a CG model for polymers, focusing on the biocompatible poly(lactic-co-glycolic acid) (PLGA), based on a general parametrization strategy with a potentially broader field of applications. In this model, polymers are represented with finite-size ellipsoids, short-range interactions are accounted for with the generalized Gay-Berne potential, while electrostatic and long-range interactions are accounted for with point charges within the ellipsoids. The model was validated against its atomistic counterpart, obtained through a back-mapping process, by comparing physical properties such as glass transition temperature, thermal conductivity, and elastic moduli. We observed quantitative agreement between the atomistic and CG representations, thus opening up the possibility of adopting the proposed model to expand the domain size of typical MD simulations to dimensions comparable to those of experimental setups.

Polymers Studied: Poly(lactic-co-glycolic acid)
Properties Measured: density, glass_transition_temp
Force Fields Used: MOLC (CG)

Sample Data:
  - Poly(lactic-co-glycolic acid): density = 1.256
  - Poly(lactic-co-glycolic acid): glass_transition_temp = 402.5
  - Poly(lactic-co-glycolic acid): density = 1.248
  - Poly(lactic-co-glycolic acid): glass_transition_temp = 367

DOI: https://doi.org/10.1021/acs.jpcb.4c07518",paper,https://doi.org/10.1021/acs.jpcb.4c07518,Mesoscopic Modeling of Bio-Compatible PLGA Polymers with Coarse-Grained Molecular Dynamics Simulations,Poly(lactic-co-glycolic acid),"density, glass_transition_temp",4
"Title: Molecular Dynamics Simulation of Size-Dependent Structural and Thermal Properties of Polymer Nanofibers

Abstract: We present the results of molecular dynamics (MD) simulations of amorphous polymer nanofibers to study their size-dependent properties. The fibers consist of chains that mimic the prototypical polymer polyethylene, with chain lengths ranging between 50 and 300 carbons (C50 to C300). These nanofibers have diameters in the range 1.9 to 23.0 nm. We analyzed these nanofibers for signatures of emergent behavior in their structural and thermal properties as a function of diameter. The mass density at the center of all fibers is constant and comparable to that of the bulk polymer. The surface layer thickness ranges from 0.78 to 1.39 nm for all fibers and increases slightly with fiber size. The calculated interfacial excess energy is 0.022 ( 0.002 J/m 2 for all of the nanofibers simulated. The chains at the surface are more confined compared to the chains at the center of the nanofiber; the latter acquire unperturbed dimensions in sufficiently large nanofibers. Consistent with experiments and simulations of amorphous polymer films of nanoscale thickness, the glass transition temperature of these amorphous nanofibers decreases with decreasing fiber diameter, and is independent of molecular weight over the range considered.

Polymers Studied: Polyethylene (PE) C50-C300, Polyethylene (PE) C50, Polyethylene (PE) nanofiber with radius 2.81 nm
Properties Measured: density, glass_transition_temp
Force Fields Used: United atom model of Paul et al., Paul et al. united atom model

Sample Data:
  - Polyethylene (PE) C50-C300: density = 0.75
  - Polyethylene (PE) C50: density = 0.75
  - Polyethylene (PE) nanofiber with radius 2.81 nm: density = 0.75
  - Polyethylene (PE) nanofiber with radius 2.81 nm: glass_transition_temp = 250
  - Polyethylene (PE) C50-C300: density = 0.75
  ... and 1 more measurements

DOI: https://doi.org/10.1021/ma0714666",paper,https://doi.org/10.1021/ma0714666,Molecular Dynamics Simulation of Size-Dependent Structural and Thermal Properties of Polymer Nanofibers,"Polyethylene (PE) C50-C300, Polyethylene (PE) C50, Polyethylene (PE) nanofiber with radius 2.81 nm","density, glass_transition_temp",6
"Title: Molecular dynamics simulation studies of the miscibility and thermal properties of PMMA_PS polymer blend

Abstract: This investigation is an attempt to improveour understanding of the thermal properties of PMMA (Poly(methyl methacrylate)) by using PS(Polystyrene); the miscibility of PMMA:PS polymer blend is studied.Our work aims tostudy the impact of the percentage of PMMA/PS polymer blend on the simulated values of the glass transition temperature (Tg) using the dilatometric method. Compasswas chosen as theforce field (second category force field).The results reveal asingle value of the glass transition temperature Tgthat is found for all the curves of the PMMA/PS blend system (molar ratio: (50:50, 60:40, 54:46 and 80:20)); this could be a good criterionfor predicting the miscibility. Additionally, the solubility parameters of PMMA and PS are calculated and used to obtain the Flory-Huggins parameter, and the morphology of our polymer blend is simulated using the dissipative particle dynamics method (DPD). Our results exhibit an increase in the Tg of PMMA whenever PS is added; hence, we can confirm the miscibility of the PMMA/PS polymer system.

Polymers Studied: PMMA/PS polymer blend (50:50), PMMA/PS polymer blend (60:40), PMMA/PS polymer blend (54:46), PMMA/PS polymer blend (80:20), Isotactic Poly(methyl methacrylate) (PMMA)
Properties Measured: glass_transition_temp
Force Fields Used: COMPASS

Sample Data:
  - PMMA/PS polymer blend (50:50): glass_transition_temp = 375
  - PMMA/PS polymer blend (60:40): glass_transition_temp = 373
  - PMMA/PS polymer blend (54:46): glass_transition_temp = 371
  - PMMA/PS polymer blend (80:20): glass_transition_temp = 358
  - Isotactic Poly(methyl methacrylate) (PMMA): glass_transition_temp = 315

DOI: https://doi.org/10.1016/j.cjph.2018.09.034",paper,https://doi.org/10.1016/j.cjph.2018.09.034,Molecular dynamics simulation studies of the miscibility and thermal properties of PMMA_PS polymer blend,"PMMA/PS polymer blend (50:50), PMMA/PS polymer blend (60:40), PMMA/PS polymer blend (54:46), PMMA/PS polymer blend (80:20), Isotactic Poly(methyl methacrylate) (PMMA)",glass_transition_temp,5
"Title: Molecular dynamics simulation study on the structure and properties of polyimide_silica hybrid materials

Abstract: A type of polyimide/silica (PI/SiO 2 ) copolymer model was established through the dehydration of tetraethyl orthosilicate molecules (TEOS) and bonding to a silane coupling agent. The content of SiO 2 was controlled by adjusting the number of molecules which bound to the TEOS. Finally, the silica was formed into a hybrid model (hybrid PI/SiO 2 ) with a small molecule embedded in the PI. The model was optimized by geometric and molecular dynamics and the changes in the model structure, Young's modulus, shear modulus, and glass-transition temperature (T g ) were analyzed. The results showed that the density and cohesive energy density of the composites could be improved by doping SiO 2 in PI. Young's modulus and shear modulus of PI/SiO 2 hybrid materials were higher than undoped PI. The tensile strength reached 568.15 MPa when the doping content was 9%. Therefore, the structure design and content control of SiO 2 was an effective way to improve the performance of a PI/SiO 2 composite. The variation of T g and tensile strength of PI/SiO 2 hybrid composites is consistent with that of PI/SiO 2 composite synthesized in real experiment, which will be a convenient method for new material design and performance prediction.

Polymers Studied: PI/SiO hybrid material (4.95% SiO2), PI/SiO hybrid material (7.19% SiO2), PI/SiO hybrid material (9.30% SiO2), PI/SiO hybrid material (11.29% SiO2), PI/SiO hybrid material (13.16% SiO2), Pure Polyimide (PI)
Properties Measured: density, glass_transition_temp, youngs_modulus
Force Fields Used: COMPASS

Sample Data:
  - PI/SiO hybrid material (4.95% SiO2): density = 1.335
  - PI/SiO hybrid material (4.95% SiO2): glass_transition_temp = 558
  - PI/SiO hybrid material (7.19% SiO2): density = 1.34
  - PI/SiO hybrid material (7.19% SiO2): glass_transition_temp = 595
  - PI/SiO hybrid material (9.30% SiO2): density = 1.396
  ... and 8 more measurements

DOI: https://doi.org/10.1002/app.47335",paper,https://doi.org/10.1002/app.47335,Molecular dynamics simulation study on the structure and properties of polyimide_silica hybrid materials,"PI/SiO hybrid material (4.95% SiO2), PI/SiO hybrid material (7.19% SiO2), PI/SiO hybrid material (9.30% SiO2), PI/SiO hybrid material (11.29% SiO2), PI/SiO hybrid material (13.16% SiO2), Pure Polyimide (PI)","density, glass_transition_temp, youngs_modulus",13
"Title: Molecular modeling of elastic properties of thermosetting polymers using a_dynamic deformation approach

Abstract: This paper employs fully atomistic molecular dynamics simulations to characterize relationships between structural and elastic properties of thermosetting polymers both in glassy and rubbery state. The polymer system investigated consists of epoxy resin DGEBA and hardener DETDA.An effective cross-linking procedure that enables generation of thermoset structures containing up to 35000 atoms with realistic structural characteristics was used. A dynamic deformation approach has been used that takes into consideration both potential energy and thermal motions in the structure. Small uniaxial, volumetric and shear deformations were applied to the systems

Polymers Studied: DGEBA (diglycidyl ether of bisphenol A) cured with DETDA (diethylene toluene diamine), DGEBA (diglycidyl ether of bisphenol A) cured with DETDA (diethylene toluene diamine)(monomer-based), DGEBA (diglycidyl ether of bisphenol A) cured with DETDA (diethylene toluene diamine)(dimer-based), DGEBA (diglycidyl ether of bisphenol A) cured with DETDA (diethylene toluene diamine) (tetramer-based)
Properties Measured: glass_transition_temp
Force Fields Used: COMPASS

Sample Data:
  - DGEBA (diglycidyl ether of bisphenol A) cured with DETDA (diethylene toluene diamine): glass_transition_temp = 396-430
  - DGEBA (diglycidyl ether of bisphenol A) cured with DETDA (diethylene toluene diamine)(monomer-based): glass_transition_temp = 396-430
  - DGEBA (diglycidyl ether of bisphenol A) cured with DETDA (diethylene toluene diamine)(dimer-based): glass_transition_temp = 396-430
  - DGEBA (diglycidyl ether of bisphenol A) cured with DETDA (diethylene toluene diamine) (tetramer-based): glass_transition_temp = 396-430

DOI: https://doi.org/10.1016/j.polymer.2013.04.034",paper,https://doi.org/10.1016/j.polymer.2013.04.034,Molecular modeling of elastic properties of thermosetting polymers using a_dynamic deformation approach,"DGEBA (diglycidyl ether of bisphenol A) cured with DETDA (diethylene toluene diamine), DGEBA (diglycidyl ether of bisphenol A) cured with DETDA (diethylene toluene diamine)(monomer-based), DGEBA (diglycidyl ether of bisphenol A) cured with DETDA (diethylene toluene diamine)(dimer-based), DGEBA (diglycidyl ether of bisphenol A) cured with DETDA (diethylene toluene diamine) (tetramer-based)",glass_transition_temp,4
"Title: Molecular Simulations of Thermomechanical Properties of EpoxyAmine Resins

Abstract: All-atom molecular dynamics (MD) simulations were performed with the CHARMM force field to characterize various epoxy resins, such as aliphatic and bisphenol-based resins. A multistep cross-linking algorithm was established, and key properties such as density, glass temperature, and elastic modulus were calculated. A quantitative comparison was made and was proven to be in good agreement with experimental data, with average absolute deviations between experiments and molecular simulation comprised between 2% and 12%. Additional findings on structure–property relationships were highlighted such as the effect of the cross-linking rate and oligomerization of the resin.

Polymers Studied: An Epoxy Resin (DGEBU/IPDA), An Epoxy Resin (DGEBA/DETA), An Epoxy Resin (DGEBA/EDA), An Epoxy Resin (DGEBA/IPDA), An Epoxy Resin (DGEBA/MMIPA), An Epoxy Resin (DGEBA/MXDA), An Epoxy Resin (DGEBA/TEPA), An Epoxy Resin (DGEBA/TTDA), An Epoxy Resin (DGEBF/IPDA), An Epoxy Resin (DGEVA/DETA), An Epoxy Resin (DGEVA/IPDA), An Epoxy Resin (DGEVA/MDEA), An Epoxy Resin (DGEVA/MXDA), An Epoxy Resin (PHTE/IPDA), An Epoxy Resin (PHTE/MDEA), An Epoxy Resin (PHTE/MXDA)
Properties Measured: density, youngs_modulus
Force Fields Used: CHARMM

Sample Data:
  - An Epoxy Resin (DGEBU/IPDA): density = 1.0503
  - An Epoxy Resin (DGEBU/IPDA): youngs_modulus = 2.23
  - An Epoxy Resin (DGEBA/DETA): density = 1.1113
  - An Epoxy Resin (DGEBA/DETA): youngs_modulus = 2.57
  - An Epoxy Resin (DGEBA/EDA): density = 1.1253
  ... and 27 more measurements

DOI: https://doi.org/10.1021/acsomega.2c03071",paper,https://doi.org/10.1021/acsomega.2c03071,Molecular Simulations of Thermomechanical Properties of EpoxyAmine Resins,"An Epoxy Resin (DGEBU/IPDA), An Epoxy Resin (DGEBA/DETA), An Epoxy Resin (DGEBA/EDA), An Epoxy Resin (DGEBA/IPDA), An Epoxy Resin (DGEBA/MMIPA), An Epoxy Resin (DGEBA/MXDA), An Epoxy Resin (DGEBA/TEPA), An Epoxy Resin (DGEBA/TTDA), An Epoxy Resin (DGEBF/IPDA), An Epoxy Resin (DGEVA/DETA), An Epoxy Resin (DGEVA/IPDA), An Epoxy Resin (DGEVA/MDEA), An Epoxy Resin (DGEVA/MXDA), An Epoxy Resin (PHTE/IPDA), An Epoxy Resin (PHTE/MDEA), An Epoxy Resin (PHTE/MXDA)","density, youngs_modulus",32
"Title: Multiscale simulation of polymer melt viscoelasticity_ Expanded-ensemble Monte Carlo coupled with atomistic nonequilibrium molecular dynamics

Abstract: We present a powerful framework for computing the viscoelastic properties of polymer melts based on an efficient coupling of two different atomistic models: the first is represented by the nonequilibrium molecular dynamics method and is considered as the microscale model. The second is represented by a Monte Carlo √ï√´MC√ï√≠ method in an expanded statistical ensemble and is free from any long time scale constraints. Guided by recent developments in nonequilibrium thermodynamics, the expanded ensemble incorporates appropriately defined ""field"" variables driving the corresponding structural variables to beyond equilibrium steady states. The expanded MC is considered as the macroscale solver for the family of all viscoelastic models built on the given structural variable√ï√´s√ï√≠. The explicit form of the macroscopic model is not needed; only its structure in the context of the general equation for the nonequilibrium reversible irreversible coupling or generalized bracket formalisms of nonequilibrium thermodynamics is required. We illustrate the method here for the case of unentangled linear polymer melts, for which the appropriate structural variable to consider is the conformation tensor c √Ä√∫. The corresponding Lagrange multiplier is a tensorial field ‚Äö√™¬£. We have been able to compute modelindependent values of the tensor ‚Äö√™¬£, which for a wide range of strain rates √ï√´covering both the linear and the nonlinear viscoelastic regimes√ï√≠ bring results for the overall polymer conformation from the two models √ï√´microscale and macroscale√ï√≠ on top of each other. In a second step, by comparing the computed values of ‚Äö√™¬£ with those suggested by the macroscopic model addressed by the chosen structural variable√ï√´s√ï√≠, we can identify shortcomings in the building blocks of the model. How to modify the macroscopic model in order to be consistent with the results of the coupled micro-macro simulations is also discussed. From a theoretical point of view, the present multiscale modeling approach provides a solid framework for the design of improved, more accurate macroscopic models for polymer melts.

Polymers Studied: Polyethylene (PE) C50 (25 ethylene units), Polyethylene (PE) C78 (39 ethylene units), Polyethylene (PE) C128 (64 ethylene units)
Properties Measured: density
Force Fields Used: United-atom (UA) polyethylene force field

Sample Data:
  - Polyethylene (PE) C50 (25 ethylene units): density = 0.7426
  - Polyethylene (PE) C78 (39 ethylene units): density = 0.7638
  - Polyethylene (PE) C128 (64 ethylene units): density = 0.7754

DOI: https://doi.org/10.1103/physrevb.79.144302",paper,https://doi.org/10.1103/physrevb.79.144302,Multiscale simulation of polymer melt viscoelasticity_ Expanded-ensemble Monte Carlo coupled with atomistic nonequilibrium molecular dynamics,"Polyethylene (PE) C50 (25 ethylene units), Polyethylene (PE) C78 (39 ethylene units), Polyethylene (PE) C128 (64 ethylene units)",density,3
"Title: Multiscale simulations of the structure and dynamics of stereoregular poly_methyl methacrylate_s

Abstract: The chain tacticity of a polymer is a key influence on its structure and dynamics, which ultimately determine its properties. While they have great potential to elucidate the influence of chain tacticity, all-atom molecular simulations are often restricted to short chains and small systems. In this work, two typical stereoregular poly(methyl methacrylate) melts were investigated via multiscale simulations. To improve computational efficiency, systematic coarse-graining was first performed. While the coarse-grained molecular dynamics simulations were able to show the effects of tacticity on intramolecular structure and intermolecular interactions, they were not able to reproduce the exact structural distribution or even the effects of tacticity on the dynamics. An alternative reverse-mapping scheme was therefore developed specifically to treat chain configurations in a direct geometric way. The backmapped all-atomistic simulations were found to accurately reproduce the microscopic features of the polymers. Since the effects of tacticity are rather subtle and therefore difficult to discern, this multiscale simulation scheme is a very important method of investigating complex high molecular weight polymer systems.

Polymers Studied: Isotactic Poly(methyl methacrylate), Syndiotactic Poly(methyl methacrylate)
Properties Measured: density, radius_gyration
Force Fields Used: CG potentials via Ref 16

Sample Data:
  - Isotactic Poly(methyl methacrylate): density = 1.0517
  - Isotactic Poly(methyl methacrylate): radius_gyration = 0.907
  - Syndiotactic Poly(methyl methacrylate): density = 1.0451
  - Syndiotactic Poly(methyl methacrylate): radius_gyration = 0.858

DOI: https://doi.org/10.1007/s00894-014-2377-3",paper,https://doi.org/10.1007/s00894-014-2377-3,Multiscale simulations of the structure and dynamics of stereoregular poly_methyl methacrylate_s,"Isotactic Poly(methyl methacrylate), Syndiotactic Poly(methyl methacrylate)","density, radius_gyration",4
"Title: Oligomer/Polymer Blend Phase Diagram and Surface Concentration Profiles for Squalane/Polybutadiene: Experimental Measurements and Predictions from SAFT-Œ≥ Mie and Molecular Dynamics Simulations

Abstract: The compatibility and surface behavior of squalanepolybutadiene mixtures are studied by experimental cloud point and neutron reflectivity measurements, statistical associating fluid theory (SAFT), and molecular dynamics (MD) simulations. A SAFT-≈í‚â• Mie model is shown to be successful in capturing the cloud point curves of squalane-polybutadiene and squalane-cis-polybutadiene binary mixtures, and the same SAFT-≈í‚â• Mie model is used to develop a thermodynamically consistent top-down coarse-grained force field to describe squalane-polybutadiene. Coarse-grained molecular dynamics simulations are performed to study surface behavior for different concentrations of squalane, with the system exhibiting surface enrichment and a wetting transition. Simulated surface profiles are compared with those obtained by fitting to neutron reflectivity data obtained from thin films composed of deuterated squalane (dsq)-polybutadiene. The presented top-down parametrization methodology is a fast and thermodynamically reliable approach for predicting properties of oligomer-polymer mixtures, which can be challenging for either theory or MD simulations alone.

Polymers Studied: Polybutadiene (120 beads, Mw=3210 g/mol)
Properties Measured: density
Force Fields Used: SAFT-γ-Mie CGMD

Sample Data:
  - Polybutadiene (120 beads, Mw=3210 g/mol): density = 0.8197

DOI: https://doi.org/10.1021/acs.macromol.9b02155",paper,https://doi.org/10.1021/acs.macromol.9b02155,Oligomer/Polymer Blend Phase Diagram and Surface Concentration Profiles for Squalane/Polybutadiene: Experimental Measurements and Predictions from SAFT-Œ≥ Mie and Molecular Dynamics Simulations,"Polybutadiene (120 beads, Mw=3210 g/mol)",density,1
"Title: On the Behavior of the Ethylene Glycol Components of Polydisperse Polyethylene Glycol PEG200

Abstract: Molecular dynamics (MD) simulations are reported for [polyethylene glycol (PEG)200], a polydisperse mixture of ethylene glycol oligomers with an average molar weight of 200 g·mol–1. As a first step, available force fields for describing ethylene glycol oligomers were tested on how accurately they reproduced experimental properties. They were found to all fall short on either reproducing density, a static property, or the self-diffusion coefficient, a dynamic property. Discrepancies with the experimental data increased with the increasing size of the tested ethylene glycol oligomer. From the available force fields, the optimized potential for liquid simulation (OPLS) force field was used to further investigate which adjustments to the force field would improve the agreement of simulated physical properties with experimental ones. Two parameters were identified and adjusted, the (HO)–C–C–O proper dihedral potential and the polarity of the hydroxy group. The parameter adjustments depended on the size of the ethylene glycol oligomer. Next, PEG200 was simulated with the OPLS force field with and without modifications to inspect their effects on the simulation results. The modifications to the OPLS force field significantly decreased hydrogen bonding overall and increased the propensity of intramolecular hydrogen bond formation at the cost of intermolecular hydrogen bond formation. Moreover, some of the tri- and more so tetraethylene glycol formed intramolecular hydrogen bonds between the hydroxy end groups while still maintaining strong intramolecular interactions with the ether oxygen atoms. These observations allowed the interpretation of the obtained RDFs as well as structural properties such as the average end-to-end distances and the average radii of gyration. The MD simulations with and without the modifications showed no evidence of preferential association of like-oligomers to form clusters nor any evidence of long-range ordering such as a side-by-side stacking of ethylene glycol oligomers. Instead, the simulation results support the picture of PEG200 being a random mixture of its ethylene glycol oligomer components. Finally, additional MD simulations of a binary mixture of tri-and hexaethylene glycol with the same average molar weight as PEG200 revealed very similar structural and physical properties as for PEG200.

Polymers Studied: Poly(ethylene glycol) 200
Properties Measured: density, diffusion_coefficient, viscosity
Force Fields Used: OPLS, Modified OPLS

Sample Data:
  - Poly(ethylene glycol) 200: density = 1.1035
  - Poly(ethylene glycol) 200: diffusion_coefficient = 1.28e-11
  - Poly(ethylene glycol) 200: viscosity = 0.0844
  - Poly(ethylene glycol) 200: density = 1.0903
  - Poly(ethylene glycol) 200: diffusion_coefficient = 3.32e-11
  ... and 1 more measurements

DOI: https://doi.org/10.1021/acs.jpcb.2c06773",paper,https://doi.org/10.1021/acs.jpcb.2c06773,On the Behavior of the Ethylene Glycol Components of Polydisperse Polyethylene Glycol PEG200,Poly(ethylene glycol) 200,"density, diffusion_coefficient, viscosity",6
"Title: PCDTBT- Force Field Parameterization and Properties by Molecular Dynamics Simulation

Abstract: Conjugated polymers are indispensable building blocks in a variety of organic electronics applications such as solar cells, light-emitting diodes, and field-effect transistors. Poly[N-9′-heptadecanyl-2,7-carbazole-alt-5,5-(4′,7′-di-2-thienyl-2′,1′,3′-benzothiadiazole)] (PCDTBT) is a carbazole-benzothiadiazole-based copolymer with a donor–acceptor structure, consisting of electron-donating and electron-withdrawing subunits and featuring a low band gap. In this work, the General Amber Force Field is extended in two ways, specifically for modeling PCDTBT. First, a set of partial atomic charges is derived that mimic a long chain and adequately describe different conformations that may be encountered in a bulk environment. Second, torsional terms are reparametrized for all dihedral angles in the backbone via ab initio computations. Subsequently, a series of large-scale Molecular Dynamics simulations are employed to construct and equilibrate bulk ensembles of three PCDTBT oligomers using different starting conformations of the oligomer chains. Several structural properties are computed, namely mass density, chain stiffness (through persistence length and Kuhn segment length), and glass transition temperature. Our results are in good agreement with available literature data, demonstrating the suitability of the new parametrization.

Polymers Studied: PCDTBT Oligomer (P6, 6 repeat units), PCDTBT Oligomer (P8, 8 repeat units)
Properties Measured: glass_transition_temp
Force Fields Used: General Amber Force Field (GAFF) with new parametrization

Sample Data:
  - PCDTBT Oligomer (P6, 6 repeat units): glass_transition_temp = 388
  - PCDTBT Oligomer (P8, 8 repeat units): glass_transition_temp = 403

DOI: https://doi.org/10.1021/acs.jpcb.4c08393",paper,https://doi.org/10.1021/acs.jpcb.4c08393,PCDTBT- Force Field Parameterization and Properties by Molecular Dynamics Simulation,"PCDTBT Oligomer (P6, 6 repeat units), PCDTBT Oligomer (P8, 8 repeat units)",glass_transition_temp,2
"Title: Polymer-Threaded and Polymer-Wrapped Wormlike Micelle Solutions_ Molecular Dynamics Simulations

Abstract: Using united atom and coarse-grained molecular dynamics (MD) simulations, we investigate a new type of polymer-threaded wormlike micelles with polymer localized at the center of wormlike micelle (WLM), forming its backbone. We show that polystyrene (PS) is rapidly encapsulated by potassium oleate WLM in aqueous solutions containing 6% by weight of potassium chloride (KCl) leading to formation of a threaded micelle where PS is located in a highly extended conformation within the hydrophobic core. Similar behavior is observed in CGMD simulations for poly(3,4-ethylenedioxythiophene) (PEDOT) in C 12 E 5 WLM aqueous solution, indicating the potential for conjugated polymers solubilization by wormlike micelles. Polystyrene encapsulation into a potassium oleate WLM is accompanied by surfactant reorganization which results in a slightly thicker WLM diameter for the PS-threaded section of the WLM and a significant increase in the persistence length of the polymer. In contrast, a less hydrophobic polymer polycaprolactone (PCL) or poly(4 vinylpyridine) (P4VP) is found to wrap around the hydrophobic core of potassium oleate WLM in a Gaussian-like conformation forming approximately 0.86 hydrogen bonds with surrounding water per carbonyl of PCL (or 0.88 per repeat unit of P4VP), which contributes to screening the WLM from water and reduces the number of surfactants per nm of WLM. For both threaded (PS) and wrapped (PCL) polymers, the equilibrium properties of the WLM remain practically intact, while the segmental dynamics of the polymers within the WLM is significantly slower than in the corresponding good solvents (benzene and chloroform). Nonequilibrium MD simulations under shear flow revealed that shear induced scission of WLM mostly occurs at the boundary of polymerthreaded or polymer-wrapped sections of WLMs, therefore affecting the dynamics of stress relaxation in polymer-containing WLM solutions, as has been experimentally observed for polymer-embedded WLM solutions, and suggesting new ways of controlling viscoelastic behavior and responsiveness of WLMs to external stimuli.

Polymers Studied: Polystyrene (PS120), Polycaprolactone (PCL30), Poly(4-vinylpyridine) (P4VP120)
Properties Measured: radius_gyration
Force Fields Used: united atom and coarse-grained MD (MARTINI), united atom MD

Sample Data:
  - Polystyrene (PS120): radius_gyration = 6.5
  - Polystyrene (PS120): radius_gyration = 3.7
  - Polycaprolactone (PCL30): radius_gyration = 3.4
  - Polycaprolactone (PCL30): radius_gyration = 2.6
  - Poly(4-vinylpyridine) (P4VP120): radius_gyration = 5

DOI: https://doi.org/10.1021/acs.macromol.9b00974",paper,https://doi.org/10.1021/acs.macromol.9b00974,Polymer-Threaded and Polymer-Wrapped Wormlike Micelle Solutions_ Molecular Dynamics Simulations,"Polystyrene (PS120), Polycaprolactone (PCL30), Poly(4-vinylpyridine) (P4VP120)",radius_gyration,5
"Title: Properties of polystyrene and polymethyl methacrylate copolymers of polyhedral oligomeric silsesquioxanes_ A molecular dynamics study

Abstract: Molecular dynamics simulations were carried out on copolymers of both styrene and methyl methacrylate with polyhedral oligomeric silsesquioxane (POSS) derivatives to identify the origin of the property changes imparted upon the chemical incorporation of POSS. Simulations were carried out on these hybrid copolymers and the parent homopolymers to elucidate the effect of the T 8 , T 10 , and T 12 POSS cages. These POSS comonomers were derivatized with a single polymerizable function and 7, 9, and 11 nonpolymerizable hydrocarbon moieties, respectively. Glass transition temperatures (T g ) were computed from specific volume versus temperature plots. The packing of POSS units around the polymer backbone was analyzed via their radial distribution functions. The effect of POSS on polymer motion was analyzed through the mean square displacement function. The improvements in the elastic moduli upon incorporation of POSS were computed by employing the static deformation method. V

Polymers Studied: Atactic Polystyrene, Styrene Copolymer 2a (4 mol% cyclopentyl-T8-POSS), Styrene Copolymer 2b (4 mol% cyclohexyl-T8-POSS), Styrene Copolymer 2c (5 mol% isobutyl-T8-POSS), Styrene Copolymer 2d (4 mol% phenyl-T8-POSS), Styrene Copolymer 5 (4 mol% phenyl-T10-POSS), Styrene Copolymer 6 (4 mol% phenyl-T12-POSS), Syndiotactic PMMA, Methyl methacrylate Copolymer 8a (1 mol% isobutyl-T8-POSS), Methyl methacrylate Copolymer 8a (4 mol% isobutyl-T8-POSS), Methyl methacrylate Copolymer 8a (10 mol% isobutyl-T8-POSS), Methyl methacrylate Copolymer 8b (4 mol% phenyl-T8-POSS)
Properties Measured: glass_transition_temp, youngs_modulus
Force Fields Used: COMPASS

Sample Data:
  - Atactic Polystyrene: glass_transition_temp = 375
  - Atactic Polystyrene: youngs_modulus = 4.3
  - Styrene Copolymer 2a (4 mol% cyclopentyl-T8-POSS): glass_transition_temp = 380
  - Styrene Copolymer 2a (4 mol% cyclopentyl-T8-POSS): youngs_modulus = 4.12
  - Styrene Copolymer 2b (4 mol% cyclohexyl-T8-POSS): glass_transition_temp = 383
  ... and 18 more measurements

DOI: https://doi.org/10.1002/polb.20691",paper,https://doi.org/10.1002/polb.20691,Properties of polystyrene and polymethyl methacrylate copolymers of polyhedral oligomeric silsesquioxanes_ A molecular dynamics study,"Atactic Polystyrene, Styrene Copolymer 2a (4 mol% cyclopentyl-T8-POSS), Styrene Copolymer 2b (4 mol% cyclohexyl-T8-POSS), Styrene Copolymer 2c (5 mol% isobutyl-T8-POSS), Styrene Copolymer 2d (4 mol% phenyl-T8-POSS), Styrene Copolymer 5 (4 mol% phenyl-T10-POSS), Styrene Copolymer 6 (4 mol% phenyl-T12-POSS), Syndiotactic PMMA, Methyl methacrylate Copolymer 8a (1 mol% isobutyl-T8-POSS), Methyl methacrylate Copolymer 8a (4 mol% isobutyl-T8-POSS), Methyl methacrylate Copolymer 8a (10 mol% isobutyl-T8-POSS), Methyl methacrylate Copolymer 8b (4 mol% phenyl-T8-POSS)","glass_transition_temp, youngs_modulus",23
"Title: Reactive molecular dynamics simulation for analysis of thermal decomposition of oligomeric polyacrylicester model nanocomposite and its experimental verification

Abstract: Molecular dynamics simulation was performed for the first time on oligomeric poly(ethyleneco-ethylacrylate-co-n-butylacrylate) (ACM) chains, consisting of ten repeating monomer units in presence and absence of model silica particle to investigate the influence of nanosilica on high-temperature degradation characteristics of ACM nanocomposite. The initial decomposition temperature and the final degradation temperature were increased while the rate of degradation of ACM decreased with the introduction of silica molecules. Alkyl radicals, alkenes and carbon dioxide as the dominant products were detected during the reactive simulation. Other small molecular products including carbon monoxide and alkoxy radicals were discovered in the eventual products as well. Furthermore, pyrolysis gas chromatography-mass spectrometry (py-GC-MS) was used to identify the decomposition products obtained from the degradation of ACM at high temperature and the results were compared with the prediction from atomistic modelling. The activation energy of degradation for ACM was also calculated from the reactive simulation as well as from the thermogravimetric analysis and gel permeation chromatography (GPC). The results of the ReaxFF molecular dynamics simulations were consistent with all the experimental observations. The current study would help in understanding and improve the thermal stability of various polymers in industrial applications.

Polymers Studied: Polyacrylicester (ACM10) with 1 molecule silica
Properties Measured: density
Force Fields Used: ReaxFF

Sample Data:
  - Polyacrylicester (ACM10) with 1 molecule silica: density = 0.57

DOI: https://doi.org/10.1016/j.polymer.2017.12.043",paper,https://doi.org/10.1016/j.polymer.2017.12.043,Reactive molecular dynamics simulation for analysis of thermal decomposition of oligomeric polyacrylicester model nanocomposite and its experimental verification,Polyacrylicester (ACM10) with 1 molecule silica,density,1
"Title: ReaxFF reactive force field model enables accurate prediction of physiochemical and mechanical properties of crystalline and amorphous shape-memory polyurethane

Abstract: We investigate reactive force field (ReaxFF) prediction of physiochemical and mechanical properties, and stimuli response behavior of a shape-memory polyurethane (SMPU) rigid segment. We used SMPUs as a platform to link the rigid/hard segment domain crystallinity with properties that can also be experimentally measured. Specifically, we developed models for crystalline and amorphous forms of a common rigid segment of SMPUs, for example, 4,4′-diphenylmethane diisocyanate (MDI) with n-butanediol (BDO), denoted as MDI-BDO. ReaxFF molecular dynamics simulations with equilibrium dynamics are performed by controlling mass, temperature, and pressure or volume to predict the structural and physiochemical properties of crystalline and amorphous rigid segments of SMPU systems, followed by simulating their XRD and FTIR patterns, respectively. Non-equilibrium ReaxFF simulations are implemented by using uniaxial box deformation technique to study response-behavior of crystalline SMPU under tensile loading and during stress-relaxation. The model and simulation scheme presented in this study demonstrates a robust theoretical pathway toward application-dictated, on-demand design of high-performance SMPUs in applications such as soft robotics.

Polymers Studied: Polyurethane Hard Segment (MDI-BDO)
Properties Measured: density, glass_transition_temp
Force Fields Used: ReaxFF

Sample Data:
  - Polyurethane Hard Segment (MDI-BDO): density = 1.356
  - Polyurethane Hard Segment (MDI-BDO): density = 1.254
  - Polyurethane Hard Segment (MDI-BDO): glass_transition_temp = 372

DOI: https://doi.org/10.1002/app.54466",paper,https://doi.org/10.1002/app.54466,ReaxFF reactive force field model enables accurate prediction of physiochemical and mechanical properties of crystalline and amorphous shape-memory polyurethane,Polyurethane Hard Segment (MDI-BDO),"density, glass_transition_temp",3
"Title: Relative Contributions of Solubility and Mobility to the Stability of Amorphous Solid Dispersions of Poorly Soluble Drugs_ A Molecular Dynamics Simulation Study

Abstract: Amorphous solid dispersions are considered a promising formulation strategy for the oral delivery of poorly soluble drugs. The limiting factor for the applicability of this approach is the physical (in)stability of the amorphous phase in solid samples. Minimizing the risk of reduced shelf life for a new drug by establishing a suitable excipient/polymer-type from first principles would be desirable to accelerate formulation development. Here, we perform Molecular Dynamics simulations to determine properties of blends of eight different polymer-small molecule drug combinations for which stability data are available from a consistent set of literature data. We calculate thermodynamic factors (mixing energies) as well as mobilities (diffusion rates and roto-vibrational fluctuations). We find that either of the two factors, mobility and energetics, can determine the relative stability of the amorphous form for a given drug. Which factor is rate limiting depends on physico-chemical properties of the drug and the excipients/polymers. The methods outlined here can be readily employed for an in silico pre-screening of different excipients for a given drug to establish a qualitative ranking of the expected relative stabilities, thereby accelerating and streamlining formulation development.

Polymers Studied: Eudragit E100 (EEC) + Flufenamic Acid (FLA), Polyacrylic Acid (PAA) + Flufenamic Acid (FLA), Polystyrene Sulfonic Acid (PSA) + Flufenamic Acid (FLA), Polyvinylpyrrolidone (PVP) + Flufenamic Acid (FLA), Eudragit E100 (EEC) + Phenacetin (PAC), Polyacrylic Acid (PAA) + Phenacetin (PAC), Polystyrene Sulfonic Acid (PSA) + Phenacetin (PAC), Polyvinylpyrrolidone (PVP) + Phenacetin (PAC)
Properties Measured: diffusion_coefficient
Force Fields Used: GAFF

Sample Data:
  - Eudragit E100 (EEC) + Flufenamic Acid (FLA): diffusion_coefficient = 1.2e-10
  - Polyacrylic Acid (PAA) + Flufenamic Acid (FLA): diffusion_coefficient = 4.2e-11
  - Polystyrene Sulfonic Acid (PSA) + Flufenamic Acid (FLA): diffusion_coefficient = 5.4e-11
  - Polyvinylpyrrolidone (PVP) + Flufenamic Acid (FLA): diffusion_coefficient = 4.9e-11
  - Eudragit E100 (EEC) + Phenacetin (PAC): diffusion_coefficient = 3.73e-10
  ... and 3 more measurements

DOI: https://doi.org/10.3390/pharmaceutics10030101",paper,https://doi.org/10.3390/pharmaceutics10030101,Relative Contributions of Solubility and Mobility to the Stability of Amorphous Solid Dispersions of Poorly Soluble Drugs_ A Molecular Dynamics Simulation Study,"Eudragit E100 (EEC) + Flufenamic Acid (FLA), Polyacrylic Acid (PAA) + Flufenamic Acid (FLA), Polystyrene Sulfonic Acid (PSA) + Flufenamic Acid (FLA), Polyvinylpyrrolidone (PVP) + Flufenamic Acid (FLA), Eudragit E100 (EEC) + Phenacetin (PAC), Polyacrylic Acid (PAA) + Phenacetin (PAC), Polystyrene Sulfonic Acid (PSA) + Phenacetin (PAC), Polyvinylpyrrolidone (PVP) + Phenacetin (PAC)",diffusion_coefficient,8
"Title: Replica Exchange Molecular Dynamics Simulations of Coarse-Grained Polymethylmethacrylate Chains

Abstract: Replica exchange molecular dynamics simulations of coarse-grained polymethylmethacrylate(PMMA) chains are performed. The coarse-grained force field for PMMA is developed based on the Iterative Boltzmann Inversion method. The proposed coarse-grained model, successfully reproduced the properties of the polymer melts (especially the melting point) obtained from atomistic simulations /experimental values, opens the door to the determination of the melting point of larger polymers.

Polymers Studied: Poly(methyl methacrylate)
Properties Measured: diffusion_coefficient, radius_gyration
Force Fields Used: Coarse-grained force field developed by Iterative Boltzmann Inversion

Sample Data:
  - Poly(methyl methacrylate): diffusion_coefficient = 1.13e-09
  - Poly(methyl methacrylate): radius_gyration = 0.735

DOI: https://doi.org/10.4028/www.scientific.net/amr.668.199",paper,https://doi.org/10.4028/www.scientific.net/amr.668.199,Replica Exchange Molecular Dynamics Simulations of Coarse-Grained Polymethylmethacrylate Chains,Poly(methyl methacrylate),"diffusion_coefficient, radius_gyration",2
"Title: Research on structures_ mechanical properties_ and mechanical responses of TKX-50 and TKX-50 based PBX with molecular dynamics

Abstract: To improve the practicality and safety of a novel explosive dihydroxylamm onium 5,5‚Äö√Ñ‚â§-bis (tetrazole)-1, 1‚Äö√Ñ‚â§-diolate (TKX-50), polyvinylidene difluoride (PVDF) and polychlorotrifluoroe-thylene (PCTFE) were respectively added to the TKX-50, forming the polymer-bonded explosives (PBX). Interfacial and mechanical properties of PBX were investigated through molecular dynamics (MD) method, desensitizing mechanisms of fluorine-polymers for TKX-50 were researched by compression and bulk shear simulations. Results show that the binding energies (E bind ) between polymers (PVDF or PCTFE) and TKX-50 surfaces all rank in order of (011) > (100) > (010), shorter interatomic distance and the resulted higher potentials lead to higher E bind on TKX-50/PVDF interfaces than that on PCTFE/TKX-50 interfaces. Compared with TKX-50, the ductility of PBX is improved due to the isotropic mechanical property and flexibility of fluorine-polymers especially the PCTFE. Desensitizing effect of fluorine-polymers for TKX-50 is found under loading condition, which is attributed to the enhanced compressibility and buffer capacity against external pressure in compression, as well as the improved lubricity to reduce the sliding potentials in bulk shear process.

Polymers Studied: Poly(vinylidene fluoride), TKX-50/PVDF Composite (010 surface), TKX-50/PVDF Composite (011 surface), TKX-50/PVDF Composite (100 surface), Poly(chlorotrifluoroethylene)
Properties Measured: density, youngs_modulus
Force Fields Used: DREIDING

Sample Data:
  - Poly(vinylidene fluoride): density = 1.15
  - TKX-50/PVDF Composite (010 surface): youngs_modulus = 16.94
  - TKX-50/PVDF Composite (011 surface): youngs_modulus = 13.24
  - TKX-50/PVDF Composite (100 surface): youngs_modulus = 14.48
  - Poly(chlorotrifluoroethylene): density = 1.2

DOI: https://doi.org/10.1007/s00894-016-2913-4",paper,https://doi.org/10.1007/s00894-016-2913-4,Research on structures_ mechanical properties_ and mechanical responses of TKX-50 and TKX-50 based PBX with molecular dynamics,"Poly(vinylidene fluoride), TKX-50/PVDF Composite (010 surface), TKX-50/PVDF Composite (011 surface), TKX-50/PVDF Composite (100 surface), Poly(chlorotrifluoroethylene)","density, youngs_modulus",5
"Title: Research on the Glass Transition Temperature and Mechanical Properties of Poly(vinyl chloride)/Dioctyl Phthalate (PVC/DOP) Blends by Molecular Dynamics Simulations

Abstract: To effectively improve the performance and expand the applications of polymers, molecular dynamics (MD) simulations with the COMPASS force field have been applied to predict the miscibility, glass transition temperature (Tg), and mechanical properties of poly(vinyl chloride)/dioctyl phthalate (PVC/DOP) blends. The solubility parameter values obtained are in good agreement with the reference data and the little difference (|≈í√Æ≈í¬•| < 2.0 MPa 0.5 ) between two components indicates that PVC/DOP is a miscible system. Tg is predicted by the slope of the free volume and density versus temperature simulation data based on density and free volume theory which is agree well with the experimental data. In addition, the analyses of mechanical properties results indicate that the values of Young's modulus (E), bulk modulus (K), and shear modulus (G) decrease with the addition of DOP, demonstrating that the rigidity of material is weakened and the ductility is improved. The mechanical properties can also be effectively improved by increasing the temperature, which may provide a more flexible mixture, with lower E, K, G but an increased ductility.

Polymers Studied: Neat Poly(vinyl chloride), 90.8 wt% Poly(vinyl chloride) / 9.2 wt% Dioctyl phthalate, 71.9 wt% Poly(vinyl chloride) / 28.1 wt% Dioctyl phthalate, 50.2 wt% Poly(vinyl chloride) / 49.8 wt% Dioctyl phthalate, Poly(vinyl chloride) (PVC)
Properties Measured: glass_transition_temp, youngs_modulus
Force Fields Used: COMPASS

Sample Data:
  - Neat Poly(vinyl chloride): glass_transition_temp = 365.42
  - Neat Poly(vinyl chloride): youngs_modulus = 2.8651
  - 90.8 wt% Poly(vinyl chloride) / 9.2 wt% Dioctyl phthalate: glass_transition_temp = 334.61
  - 90.8 wt% Poly(vinyl chloride) / 9.2 wt% Dioctyl phthalate: youngs_modulus = 2.6482
  - 71.9 wt% Poly(vinyl chloride) / 28.1 wt% Dioctyl phthalate: glass_transition_temp = 305.91
  ... and 7 more measurements

DOI: https://doi.org/10.1007/s10118-019-2249-5",paper,https://doi.org/10.1007/s10118-019-2249-5,Research on the Glass Transition Temperature and Mechanical Properties of Poly(vinyl chloride)/Dioctyl Phthalate (PVC/DOP) Blends by Molecular Dynamics Simulations,"Neat Poly(vinyl chloride), 90.8 wt% Poly(vinyl chloride) / 9.2 wt% Dioctyl phthalate, 71.9 wt% Poly(vinyl chloride) / 28.1 wt% Dioctyl phthalate, 50.2 wt% Poly(vinyl chloride) / 49.8 wt% Dioctyl phthalate, Poly(vinyl chloride) (PVC)","glass_transition_temp, youngs_modulus",12
"Title: Resolving the dynamic properties of entangled linear polymers in non-equilibrium coarse grain simulation with a priori scaling factors

Abstract: The molecular weight of polymers can influence the material properties, but the molecular weight at the experiment level sometimes can be a huge burden for property prediction with full-atomic simulations. The traditional bottom-up coarse grain (CG) simulation can reduce the computation cost. However, the dynamic properties predicted by the CG simulation can deviate from the full-atomic simulation result. Usually, in CG simulations, the diffusion is faster and the viscosity and modulus are much lower. The fast dynamics in CG are usually solved by a posteriori scaling on time, temperature, or potential modifications, which usually have poor transferability to other non-fitted physical properties because of a lack of fundamental physics. In this work, a priori scaling factors were calculated by the loss of degrees of freedom and implemented in the iterative Boltzmann inversion. According to the simulation results on 3 different CG levels at different temperatures and loading rates, such a priori scaling factors can help in reproducing some dynamic properties of polycaprolactone in CG simulation more accurately, such as heat capacity, Young's modulus, and viscosity, while maintaining the accuracy in the structural distribution prediction. The transferability of entropy–enthalpy compensation and a dissipative particle dynamics thermostat is also presented for comparison. The proposed method reveals the huge potential for developing customized CG thermostats and offers a simple way to rebuild multiphysics CG models for polymers with good transferability.

Polymers Studied: Polycaprolactone (PCL) 3BD
Properties Measured: density
Force Fields Used: OPLS

Sample Data:
  - Polycaprolactone (PCL) 3BD: density = 1.07

DOI: https://doi.org/10.1039/d3nr06185j",paper,https://doi.org/10.1039/d3nr06185j,Resolving the dynamic properties of entangled linear polymers in non-equilibrium coarse grain simulation with a priori scaling factors,Polycaprolactone (PCL) 3BD,density,1
"Title: Simulation of polymer glasses_ From segmental dynamics to bulk mechanics

Abstract: Molecular dynamics (MD) simulations of the low-molecular-weight glass-former, isopropylbenzene (iPB), atactic-polystyrene (PS) and bisphenol A polycarbonate (PC) reveal the polymer-specific effects of the glassy segmental orientational dynamics. We also simulate the mechanical responce of these two typical amorphous polymers, brittle PS and tough PC, under uniaxial extension. The Young moduli, yield stresses, strain-softening and strain-hardening phenomena of the simulated polymers are numerically close to the experimental data. The local mobility of the segments in the deformation direction is increased drastically (but differently) for both polymers beyond the yield point. In the non-deformed case three relaxational processes have been found for all simulated glass-formers: high-frequency transient ballistic process, b process corresponding to the motions within the cage, and final cage relaxation. For all three glass-formers the slowing down of the cage relaxation (a relaxation) follows mode-coupling theory above T g , with non-universal exponents, and continues below T g as an activated relaxational process. For iPB, PS and PC at high temperature the a process is merged with the b process. The b process can be described by an activation law both above and below T g .

Polymers Studied: Atactic Polystyrene, Bisphenol A Polycarbonate
Properties Measured: glass_transition_temp
Force Fields Used: United-atom model

Sample Data:
  - Atactic Polystyrene: glass_transition_temp = 375
  - Bisphenol A Polycarbonate: glass_transition_temp = 433

DOI: https://doi.org/10.1016/j.jnoncrysol.2006.02.156",paper,https://doi.org/10.1016/j.jnoncrysol.2006.02.156,Simulation of polymer glasses_ From segmental dynamics to bulk mechanics,"Atactic Polystyrene, Bisphenol A Polycarbonate",glass_transition_temp,2
"Title: Simulations of the Biodegradation of Citrate-Based Polymers for Artificial Scaffolds Using Accelerated Reactive Molecular Dynamics

Abstract: In this study, we investigate the reactivity and mechanical properties of poly(1,6-hexanediol-co-citric acid) via ReaxFF molecular dynamics simulations. We implement an accelerated scheme within the ReaxFF framework to study the hydrolysis reaction of the polymer which is provided with a sufficient amount of energy known as the restrain energy after a suitable pretransition-state configuration is obtained to overcome the activation energy barrier and the desired product is obtained. The validity of the ReaxFF force field is established by comparing the ReaxFF energy barriers of ester and ether hydrolysis with benchmark DFT values in the literature. We perform chemical and mechanical degradation of polymer chain bundles at 300 K. We find that ester hydrolyzes faster than ether because of the lower activation energy barrier of the reaction. The selectivity of the bond-boost scheme has been demonstrated by lowering the boost parameters of the accelerated simulation, which almost stops the ether hydrolysis. Mechanical degradation of prehydrolyzed and intermittent hydrolyzed polymer bundles is performed along the longitudinal direction at two different strain rates. We find that the tensile modulus of the polymers increases with increase in strain rates, which shows that polymers show a strain-dependent behavior. The tensile modulus of the polyester–ether is higher than polyester but reaches yield stress faster than polyester. This makes polyester more ductile than polyester–ether.

Polymers Studied: Poly(1,6-hexanediol-co-citric acid) PE, Poly(1,6-hexanediol-co-citric acid) PEE
Properties Measured: density, youngs_modulus
Force Fields Used: CHON-2017_weak ReaxFF

Sample Data:
  - Poly(1,6-hexanediol-co-citric acid) PE: density = 0.868
  - Poly(1,6-hexanediol-co-citric acid) PE: youngs_modulus = 15
  - Poly(1,6-hexanediol-co-citric acid) PE: density = 0.868
  - Poly(1,6-hexanediol-co-citric acid) PE: youngs_modulus = 18.7
  - Poly(1,6-hexanediol-co-citric acid) PEE: density = 0.885
  ... and 5 more measurements

DOI: https://doi.org/10.1021/acs.jpcb.0c03008",paper,https://doi.org/10.1021/acs.jpcb.0c03008,Simulations of the Biodegradation of Citrate-Based Polymers for Artificial Scaffolds Using Accelerated Reactive Molecular Dynamics,"Poly(1,6-hexanediol-co-citric acid) PE, Poly(1,6-hexanediol-co-citric acid) PEE","density, youngs_modulus",10
"Title: Solutions and Condensed Phases of PEG2000 from All-Atom Molecular Dynamics

Abstract: Extensive all-atom molecular dynamics studies of polyethylene glycol (PEG2000) when solvated and in the polymer bulk condensed phases were performed across a wide temperature range. We proposed two modified all-atom force field and observed the fate of the PEG2000 macromolecule when solvated in water, water with 4% ethanol, and ethyl acetate. In aqueous solutions, the macromolecule collapsed into a prolate spheroidal ball-like structure while adopting a rather elongated coiled structure in ethyl acetate. Inspection of the polymer-condensed phases across the 150–340 K temperature range enabled the atomistic view of the solid glass below the glass transition temperature of 230 K < Tg < 250 K and the rubber behavior above Tg. Predicted properties include the enthalpy, density, and cohesive energy temperature behavior, the specific heat, thermal expansivity, thermal compressibility, bulk modulus, and Hildebrand solubility parameter both below and above Tg. Within the polymer matrix, the PEG2000 macromolecules were entangled displaying a wide distribution of sizes that persisted when transitioning from the glass to the rubbery phases. Calculated properties agree very well with experiments when available or stand as crucial predictions while awaiting experimental measurement. Understanding the thermodynamics and structure of this useful polymer enables the efficient prediction of its behavior when building novel composite materials for nanomedicine and nanotherapeutics.

Polymers Studied: Poly(ethylene glycol) 2000
Properties Measured: density, glass_transition_temp, radius_gyration
Force Fields Used: GROMOS 54A7

Sample Data:
  - Poly(ethylene glycol) 2000: density = 1.209
  - Poly(ethylene glycol) 2000: glass_transition_temp = 240
  - Poly(ethylene glycol) 2000: radius_gyration = 0.8-1.8

DOI: https://doi.org/10.1021/acs.jpcb.1c06397",paper,https://doi.org/10.1021/acs.jpcb.1c06397,Solutions and Condensed Phases of PEG2000 from All-Atom Molecular Dynamics,Poly(ethylene glycol) 2000,"density, glass_transition_temp, radius_gyration",3
"Title: Solvation of poly_vinyl alcohol_ in water_ ethanol and an equimolar water-ethanol mixture_ structure and dynamics studied by molecular dynamics simulation

Abstract: Solutions of a 15-mer of poly(vinyl alcohol) in water, ethanol and a  (mole fraction) mixture of water and ethanol have been studied by molecular dynamics simulations. The solvent structure near the solute is analysed in terms of radial distribution functions and hydrogen bonding. Results indicate a preferential solvation by water molecules. Hydrogen-bond life time analysis shows that solvent-solute hydrogen bonds are slightly longer-lived than solvent-solvent hydrogen bonds. However, the separation in time scales is not large enough to support the notion of a solvent-decorated polymer. An analysis of the polymer dynamics shows that the gauche ⇹ trans transitions of backbone dihedral angles are at least an order of magnitude slower than the renewal of intramolecular hydrogen bonds along the polymer chain. No coupling is observed between the two.

Polymers Studied: Polyvinyl Alcohol (PVA) 15-mer
Properties Measured: density, diffusion_coefficient, radius_gyration
Force Fields Used: All-atom PVA (ethanol-derived, PEO bonded) + SPC water + AA ethanol

Sample Data:
  - Polyvinyl Alcohol (PVA) 15-mer: density = 0.984
  - Polyvinyl Alcohol (PVA) 15-mer: diffusion_coefficient = 2.6e-10
  - Polyvinyl Alcohol (PVA) 15-mer: radius_gyration = 0.8
  - Polyvinyl Alcohol (PVA) 15-mer: density = 0.857
  - Polyvinyl Alcohol (PVA) 15-mer: diffusion_coefficient = 7.5e-11
  ... and 4 more measurements

DOI: https://doi.org/10.1016/s0032-3861/96/00773-2",paper,https://doi.org/10.1016/s0032-3861/96/00773-2,Solvation of poly_vinyl alcohol_ in water_ ethanol and an equimolar water-ethanol mixture_ structure and dynamics studied by molecular dynamics simulation,Polyvinyl Alcohol (PVA) 15-mer,"density, diffusion_coefficient, radius_gyration",9
"Title: Stretching and breaking of PEO nanofibres. A classical force field and ab initio simulation study

Abstract: The burgeoning development of nanotechnology is allowing us to construct more and more nano-scale systems in the real world that used to only exist in computer simulations. Among them, nanofibres made of only a few aligned polymeric chains in particular might soon have important roles in nanofabrications as well as in nanomedicine. In this work, we present a broad exploration by computer simulations of elastic and inelastic properties of polyethylene-oxide (PEO) nanofibres under load. We cover the full range from unloaded fibres up to their breaking point, focusing on all features that arise from chain–chain interactions and collective behaviour of the chains. We employ both molecular dynamics (MD) simulations and density functional theory (DF). The classical force field is represented by a minimal reactive force field model, allowing for the breaking of covalent bonds. Density functional (DF) computations provide a benchmark to gauge and validate the empirical force field approach, and offer an intriguing view of the bundle chemical evolution after breaking. Force-field based MD is employed for the systematic investigation of bundles of up to 24 chains, and for a single bundle of 100 chains. Low-temperature results for bundles under moderate loading provide a size-dependent sequence of cross-sections, structures, cohesive energies and elastic properties. A remarkably high Young's modulus on the order of 100 GPa was estimated with DF and MD, explained by the semi-crystalline state of the fibres giving mechanical properties comparable to those of carbon nanotubes and of graphene. Breaking is investigated by simulations with constant strain rate or constant stress. The bundle breaks whenever the potential energy is raised above its metastability range, but also below that limit due to creep activated by thermal fluctuations. A Kramer's-type approximation for the rate of chain breaking is proposed and compared to simulation data.

Polymers Studied: Poly(ethylene oxide) (PEO)
Properties Measured: youngs_modulus
Force Fields Used: Density Functional (DF) simulations, Classical MD (LAMMPS) with reactive force field

Sample Data:
  - Poly(ethylene oxide) (PEO): youngs_modulus = 82
  - Poly(ethylene oxide) (PEO): youngs_modulus = 2
  - Poly(ethylene oxide) (PEO): youngs_modulus = 183
  - Poly(ethylene oxide) (PEO): youngs_modulus = 75
  - Poly(ethylene oxide) (PEO): youngs_modulus = 190
  ... and 3 more measurements

DOI: https://doi.org/10.1039/d0sm00089b",paper,https://doi.org/10.1039/d0sm00089b,Stretching and breaking of PEO nanofibres. A classical force field and ab initio simulation study,Poly(ethylene oxide) (PEO),youngs_modulus,8
"Title: Structure and dynamics of confined flexible and unentangled polymer melts in highly adsorbing cylindrical pores

Abstract: Coarse-grained molecular dynamics simulations are used to probe the dynamic phenomena of polymer melts confined in nanopores. The simulation results show excellent agreement in the values obtained for the normalized coherent single chain dynamic structure factor, S(Q, t) S(Q,0) . In the bulk configuration, both simulations and experiments confirm that the polymer chains follow Rouse dynamics. However, under confinement, the Rouse modes are suppressed. The mean-square radius of gyration R 2 g and the average relative shape anisotropy ≈í‚à´ 2 of the conformation of the polymer chains indicate a pancake-like conformation near the surface and a bulk-like conformation near the center of the confining cylinder. This was confirmed by direct visualization of the polymer chains. Despite the presence of these different conformations, the average form factor of the confined chains still follows the Debye function which describes linear ideal chains, which is in agreement with small angle neutron scattering experiments (SANS). The experimentally inaccessible mean-square displacement (MSD) of the confined monomers, calculated as a function of radial distance from the pore surface, was obtained in the simulations. The simulations show a gradual increase of the MSD from the adsorbed, but mobile layer, to that similar to the bulk far away from the surface.

Polymers Studied: Polydimethylsiloxane (PDMS) N=60
Properties Measured: radius_gyration
Force Fields Used: Coarse-grained molecular dynamics with Lennard-Jones beads

Sample Data:
  - Polydimethylsiloxane (PDMS) N=60: radius_gyration = 3.82*

DOI: https://doi.org/10.1063/1.4893055",paper,https://doi.org/10.1063/1.4893055,Structure and dynamics of confined flexible and unentangled polymer melts in highly adsorbing cylindrical pores,Polydimethylsiloxane (PDMS) N=60,radius_gyration,1
"Title: Structure and dynamics of stereo-regular poly_methyl-methacrylate_ melts through atomistic molecular dynamics simulations

Abstract: Poly(methyl-methacrylate), PMMA, is a disubstituted vinyl polymer whose properties depend significantly on its tacticity. Here we present a detailed study of the structure, conformation, and dynamics of syndiotactic, atactic, and isotactic PMMA melts at various temperatures (580, 550, 520, and 490 K) via all-atom molecular dynamics simulations. The calculated volumetric properties are close to experimental data. The T g and chain dimensions of PMMA model systems are found to depend strongly on tacticity in agreement with experimental findings. The backbone bonds in trans (t), diads in tt, and inter-diads in t|t torsional states are the most populated for all PMMA stereo-chemistries and their fractions increase with the number of syndiotactic sequences. Also, the effective torsional barrier heights for the backbone, ester side group, and a-methyl group are larger for syndiotactic PMMA compared to the isotactic one. The structure of the PMMA chains is studied by computing the intraand inter-chain static structure factors, S(q), and the radial pair distribution functions. In the first peak of S(q), both intra-and inter-chain components contribute, whereas the second and third peaks mainly come from inter-and intra-chain parts, respectively. For all PMMA stereo-isomers a clear tendency of ester-methyl groups to aggregate is observed. The local dynamics are studied by analyzing torsional autocorrelation functions for various dihedral angles. A wide spectrum of correlation times and different activation energies are observed for the motions of different parts of PMMA chains. The stereo-chemistry affects the backbone, ester side group, and a-methyl motions, whereas the ester-methyl rotation remains unaffected. The dynamic heterogeneity of the PMMA chains is also studied in detail for the different stereo-chemistries via the temperature dependence of the stretching exponent. Furthermore, the reorientational dynamics at the chain level and translational dynamics for monomer and chain centers-of-mass are analyzed.

Polymers Studied: Poly(methyl methacrylate) (PMMA) isotactic, Poly(methyl methacrylate) (PMMA) atactic, Poly(methyl methacrylate) (PMMA) syndiotactic
Properties Measured: diffusion_coefficient, glass_transition_temp, radius_gyration
Force Fields Used: Kirschner PMMA Force Field

Sample Data:
  - Poly(methyl methacrylate) (PMMA) isotactic: diffusion_coefficient = 4e-12
  - Poly(methyl methacrylate) (PMMA) isotactic: glass_transition_temp = 413
  - Poly(methyl methacrylate) (PMMA) isotactic: radius_gyration = 1.06
  - Poly(methyl methacrylate) (PMMA) atactic: diffusion_coefficient = 5e-13
  - Poly(methyl methacrylate) (PMMA) atactic: glass_transition_temp = 438
  ... and 4 more measurements

DOI: https://doi.org/10.1039/c7sm02008b",paper,https://doi.org/10.1039/c7sm02008b,Structure and dynamics of stereo-regular poly_methyl-methacrylate_ melts through atomistic molecular dynamics simulations,"Poly(methyl methacrylate) (PMMA) isotactic, Poly(methyl methacrylate) (PMMA) atactic, Poly(methyl methacrylate) (PMMA) syndiotactic","diffusion_coefficient, glass_transition_temp, radius_gyration",9
"Title: Structure and Mobility of Poly_ethylene terephthalate__ A Molecular Dynamics Simulation Study

Abstract: An accurate force-field has been parametrized for PET and is employed to simulate a long chain, consisting of 120 repeat units, over a wide temperature and pressure range, for long time scales. The force field has been validated against the experimental results for the pressure-volume-temperature properties, the characteristic ratio, the dipolar ratio, and the population of ethylene glycol bond conformer. In all cases the agreement with experiment is quite good. The glass transition temperature is calculated very accurately as a function of pressure. The local dynamics of the chain has been investigated by calculating phenylene reorientation, collective dipole moment, and individual dipole moment correlation functions. The calculated relaxation times for collective dipole moment and phenylene reorientation correlation functions show activation energies close to the corresponding experimental ≈í‚â§-relaxation value. Local translational mobilities of phenylene groups in the backbone and end phenylene groups have also been investigated. It is concluded that the end groups have much higher mobility than the polymer backbone, and increasing the distance from the chain ends decreases the mobility dramatically. The long-time asymptotic slope of chain displacement at temperatures higher than the glass transition temperature is around 0.65 in close agreement with Rouse model. On the other hand at the glassy state, the polymer segments perform very restricted movements in the cages formed by their surrounding segments.

Polymers Studied: Poly(ethylene terephthalate) (PET)
Properties Measured: glass_transition_temp
Force Fields Used: All atom model developed in this work (parameters mainly from Cornell et al. and Allinger et al.)

Sample Data:
  - Poly(ethylene terephthalate) (PET): glass_transition_temp = 343

DOI: https://doi.org/10.1021/ma901780e",paper,https://doi.org/10.1021/ma901780e,Structure and Mobility of Poly_ethylene terephthalate__ A Molecular Dynamics Simulation Study,Poly(ethylene terephthalate) (PET),glass_transition_temp,1
"Title: Study of the structure and dynamics of poly_vinyl pyrrolidone_ by molecular dynamics simulations validated by quasielastic neutron scattering and x-ray diffraction experiments

Abstract: Quasielastic neutron scattering, x-ray diffraction measurements, and fully atomistic molecular dynamics simulations have been performed on poly(vinylpyrrolidone) homopolymer above its glass transition temperature. A ""prepeak"" appears in the x-ray diffraction pattern that shows the typical features of a first amorphous halo. From an effective description of the experimentally accessed incoherent scattering function of hydrogens in terms of a stretched exponential function, we observe enhanced stretching and a momentum-transfer dependence of the characteristic time different from that usually reported for more simple polymers (main-chain polymers or polymers with small side groups). The comparison with both kinds of experimental results has validated the simulations. The analysis of the simulated structure factor points to a nanosegregation of side groups (SG) and mainchains (MC). The detailed insight provided by the simulations on the atomic trajectories reveals a partial and spatially localized decoupling of MC and SG dynamics at length scales between the average SG-SG distance and the characteristic length of the backbone interchain correlations. Anomalous behavior in correlators calculated for the SG subsystem are found, like e.g., logarithmiclike decays of the density-density correlation function. They might be a consequence of the existing large dynamic asymmetry between SG and MC subsystems. Our results suggest that, as the SGs are spatially extended and chemically different from the backbone, they form transient nanosegregated domains. The dynamics of these domains show similar behavior to that found in other systems displaying large dynamic asymmetry.

Polymers Studied: Polyvinylpyrrolidone (PVP)
Properties Measured: density
Force Fields Used: COMPASS

Sample Data:
  - Polyvinylpyrrolidone (PVP): density = 0.976

DOI: https://doi.org/10.1063/1.3533771",paper,https://doi.org/10.1063/1.3533771,Study of the structure and dynamics of poly_vinyl pyrrolidone_ by molecular dynamics simulations validated by quasielastic neutron scattering and x-ray diffraction experiments,Polyvinylpyrrolidone (PVP),density,1
"Title: The Conformation of Glycosidic Linkages According to Various Force Fields- Monte Carlo Modeling of Polysaccharides Based on Extrapolation of Short-Chain Properties

Abstract: The conformational features of the glycosidic linkage are the most important variable to consider when studying di-, oligo-, and polysaccharide molecules using molecular dynamics (MD) simulations. The accuracy of the theoretical model describing this degree of freedom influences the quality of the results obtained from MD calculations based on this model. This article focuses on the following two issues related to the conformation of the glycosidic linkage. First, we describe the results of a comparative analysis of the predictions of three carbohydrate-dedicated classical force fields for MD simulations, namely, CHARMM, GLYCAM, and GROMOS, in the context of different parameters of structural and energetic nature related to the conformation of selected types of glycosidic linkages, α(1 → 4), β(1 → 3), and β(1 → 4), connecting glucopyranose units. This analysis revealed several differences, mainly concerning the energy levels of the secondary and tertiary conformers and the linkage flexibility within the dominant exo-syn conformation for α(1 → 4) and β(1 → 3) linkages. Some aspects of the comparative analysis also included the newly developed, carbohydrate-dedicated Martini 3 coarse-grained force field. Second, to overcome the time-scale problem associated with sampling slow degrees of freedom in polysaccharide chains during MD simulations, we developed a coarse-grained (CG) model based on the data from MD simulations and designed for Monte Carlo modeling. This model (CG MC) is based on information from simulations of short saccharide chains, effectively sampled in atomistic MD simulations, and is capable of extrapolating local conformational properties to the case of polysaccharides of arbitrary length. The CG MC model has the potential to estimate the conformations of very long polysaccharide chains, taking into account the influence of secondary and tertiary conformations of glycosidic linkages. With respect to the comparative analysis of force fields, the application of CG MC modeling showed that relatively small differences in the predictions of individual force fields with respect to a single glycosidic linkage accumulate when considering their effect on the structure of longer chains, leading to drastically different predictions with respect to parameters describing the polymer conformation, such as the persistence length.

Polymers Studied: β(1→4) Glucopyranose Octamer, α(1→4)  Glucopyranose Octamer, β(1→3) Glucopyranose Octamer
Properties Measured: radius_gyration
Force Fields Used: CHARMM, GLYCAM, GROMOS, MARTINI 3

Sample Data:
  - β(1→4) Glucopyranose Octamer: radius_gyration = 1.19
  - α(1→4)  Glucopyranose Octamer: radius_gyration = 0.89
  - β(1→3) Glucopyranose Octamer: radius_gyration = 0.99
  - β(1→4) Glucopyranose Octamer: radius_gyration = 1.24
  - α(1→4)  Glucopyranose Octamer: radius_gyration = 0.94
  ... and 7 more measurements

DOI: https://doi.org/10.1021/acs.jctc.4c00543",paper,https://doi.org/10.1021/acs.jctc.4c00543,The Conformation of Glycosidic Linkages According to Various Force Fields- Monte Carlo Modeling of Polysaccharides Based on Extrapolation of Short-Chain Properties,"β(1→4) Glucopyranose Octamer, α(1→4)  Glucopyranose Octamer, β(1→3) Glucopyranose Octamer",radius_gyration,12
"Title: The effect of cell-size cross-linking ratio and force fields on the determination of properties of epoxy crosslinked by heuristic protocol

Abstract: This research explores the effect of the cell size, cross-linking ratio, and the force fields used in the molecular dynamic simulation for determining the mechanical and thermal properties of cross-linked epoxy formed with a heuristic cross-linking procedure. The effects of the abovementioned variables on density, Young’s modulus, shear modulus, bulk modulus, and glass transition temperature values by molecular dynamics (MD) simulation were evaluated. Epoxy resin diglycidyl ether of bisphenol A and hardener diethyl toluene diamine were used in modeling the epoxy. A Heuristic method for reactive molecular dynamics (REACTER) protocol was used as the cross-linking procedure. Firstly, six structure cells were prepared in different cell sizes with a crosslinking ratio of 75%, and a mechanical analysis of all cells was performed. Then, the largest cell was prepared for three different crosslink ratios and its mechanical and thermal properties were calculated. Finally, the mechanical properties of the largest cell were calculated using the three different force fields namely the COMPASS, DREIDING, and UNIVERSAL. The results were also compared with the molecular dynamic simulation results performed using the other crosslinking procedures, and experimental results available in the literature. In comparison, it was observed that the results obtained with MD simulations coincided with the experimental data. It has been concluded that using the largest cell gives closer results to the experimental data but the processing time is also increasing rapidly. Moreover, it was also observed that the increase in the crosslinking ratio caused an increase in the mechanical properties of the epoxy and a significant increase in the glass transition temperature. Finally, compared to other force fields, it is seen that the mechanical analysis results obtained with the COMPASS force field comply more with the experimental data.

Polymers Studied: Epoxy Resin (DGEBA) and Hardener (DETDA)
Properties Measured: glass_transition_temp
Force Fields Used: COMPASS

Sample Data:
  - Epoxy Resin (DGEBA) and Hardener (DETDA): glass_transition_temp = 358
  - Epoxy Resin (DGEBA) and Hardener (DETDA): glass_transition_temp = 370
  - Epoxy Resin (DGEBA) and Hardener (DETDA): glass_transition_temp = 416

DOI: https://doi.org/10.1088/1361-651x/ac2798",paper,https://doi.org/10.1088/1361-651x/ac2798,The effect of cell-size cross-linking ratio and force fields on the determination of properties of epoxy crosslinked by heuristic protocol,Epoxy Resin (DGEBA) and Hardener (DETDA),glass_transition_temp,3
"Title: The interfacial structure and dynamics in a polymer nanocomposite containing small attractive nanoparticles- a full atomistic molecular dynamics simulation study

Abstract: Please note that technical editing may introduce minor changes to the text and/or graphics, which may alter content. The journal's standard Terms & Conditions and the Ethical guidelines still apply. In no event shall the Royal Society of Chemistry be held responsible for any errors or omissions in this Accepted Manuscript or any consequences arising from the use of any information it contains.

Polymers Studied: Poly(2-vinylpyridine) with octaaminophenyl polyhedral oligomeric silsesquioxane
Properties Measured: density, glass_transition_temp, radius_gyration
Force Fields Used: OPLS-AA

Sample Data:
  - Poly(2-vinylpyridine) with octaaminophenyl polyhedral oligomeric silsesquioxane: density = 0.967
  - Poly(2-vinylpyridine) with octaaminophenyl polyhedral oligomeric silsesquioxane: glass_transition_temp = 465
  - Poly(2-vinylpyridine) with octaaminophenyl polyhedral oligomeric silsesquioxane: radius_gyration = 0.95

DOI: https://doi.org/10.1039/d0cp00799d",paper,https://doi.org/10.1039/d0cp00799d,The interfacial structure and dynamics in a polymer nanocomposite containing small attractive nanoparticles- a full atomistic molecular dynamics simulation study,Poly(2-vinylpyridine) with octaaminophenyl polyhedral oligomeric silsesquioxane,"density, glass_transition_temp, radius_gyration",3
"Title: Thermodynamic and mechanical properties of epoxy resin DGEBF crosslinked with DETDA by molecular dynamics

Abstract: Fully atomistic molecular dynamics (MD) simulations were used to predict the properties of diglycidyl ether of bisphenol F (DGEBF) crosslinked with curing agent diethyltoluenediamine (DETDA). This polymer is a commercially important epoxy resin and a candidate for applications in nanocomposites. The calculated properties were density and bulk modulus (at near-ambient pressure and temperature) and glass transition temperature (at near-ambient pressure). The molecular topology, degree of curing, and MD force-field were investigated as variables. The models were created by densely packing pre-constructed oligomers of different composition and connectivity into a periodic simulation box. For high degrees of curing (greater than 90%), the density was found to be insensitive to the molecular topology and precise value of degree of curing. Of the two force-fields that were investigated, cff91 and COMPASS, the latter clearly gave more accurate values for the density as compared to experiment. In fact, the density predicted by COMPASS was within 6% of reported experimental values for the highly crosslinked polymer. The predictions of both force-fields for glass transition temperature were within the range of reported experimental values, with the predictions of cff91 being more consistent with a highly cured resin.

Polymers Studied: Diglycidyl Ether of Bisphenol F crosslinked with Diethyltoluenediamine
Properties Measured: density
Force Fields Used: cff91, COMPASS

Sample Data:
  - Diglycidyl Ether of Bisphenol F crosslinked with Diethyltoluenediamine: density = 1.074
  - Diglycidyl Ether of Bisphenol F crosslinked with Diethyltoluenediamine: density = 1.13

DOI: https://doi.org/10.1016/j.jmgm.2007.12.001",paper,https://doi.org/10.1016/j.jmgm.2007.12.001,Thermodynamic and mechanical properties of epoxy resin DGEBF crosslinked with DETDA by molecular dynamics,Diglycidyl Ether of Bisphenol F crosslinked with Diethyltoluenediamine,density,2
"Title: Uniaxial Tensile Creep Behavior of Epoxy-Based Polymer Using Molecular Simulation

Abstract: Based on the all-atomic molecular dynamics simulation method, the tensile creep behavior of epoxy-based polymer was discussed. The physical and mechanical properties of the model were characterized, such as glass transition temperature and yield strength. The simulation results are very close to the previous simulation and experimental results, and the correctness of the model is verified. On this basis, the tensile creep behavior and free volume evolution of polymer epoxy resin at different temperatures and stress levels were studied. The model fully predicted the three classical stages of epoxy resin creep (the primary, secondary and tertiary) and the dependent behavior of epoxy resin creep on temperature and stress level at the molecular level, and the creep rate increases with the increase of temperature and stress level. It was found that with the progress of the creep process, the proportion of free volume increases gradually under high stress levels, indicating that the effect of creep behavior on the structure of epoxy resin is that the interaction between atoms becomes weaker and weaker by increasing the distance between atoms, which finally induces creep failure in the material.

Polymers Studied: Diglycidyl Ether of Bisphenol F (EPON 862) crosslinked with Triethylenetetramine (TETA)
Properties Measured: density, glass_transition_temp, youngs_modulus
Force Fields Used: CVFF

Sample Data:
  - Diglycidyl Ether of Bisphenol F (EPON 862) crosslinked with Triethylenetetramine (TETA): density = 1.134
  - Diglycidyl Ether of Bisphenol F (EPON 862) crosslinked with Triethylenetetramine (TETA): glass_transition_temp = 410
  - Diglycidyl Ether of Bisphenol F (EPON 862) crosslinked with Triethylenetetramine (TETA): youngs_modulus = 4.39

DOI: https://doi.org/10.3390/polym13020261",paper,https://doi.org/10.3390/polym13020261,Uniaxial Tensile Creep Behavior of Epoxy-Based Polymer Using Molecular Simulation,Diglycidyl Ether of Bisphenol F (EPON 862) crosslinked with Triethylenetetramine (TETA),"density, glass_transition_temp, youngs_modulus",3
"Title: Water harvesting using a conducting polymer_ A study by molecular dynamics simulation

Abstract: The results of extensive molecular simulations of adsorption and diffusion of water vapor in polyaniline, made conducting by doping it with HCl or HBr over a broad range of temperatures, are reported. The atomistic model of the polymers was generated using energy minimization, equilibrium molecular dynamics simulations, and two different force fields. The computed sorption isotherms are in excellent agreement with the experimental data. The computed activation energies for the diffusion of water molecules in the polymers also compare well with what has been reported in the literature. The results demonstrate the potential of conducting polyaniline for water harvesting from air.

Polymers Studied: Polyaniline doped with hydrochloric acid, Polyaniline doped with hydrobromic acid
Properties Measured: density, diffusion_coefficient
Force Fields Used: PC and COMPASS

Sample Data:
  - Polyaniline doped with hydrochloric acid: density = 1.2
  - Polyaniline doped with hydrochloric acid: diffusion_coefficient = 5.1e-12
  - Polyaniline doped with hydrobromic acid: density = 1.32
  - Polyaniline doped with hydrobromic acid: diffusion_coefficient = 4.16e-12

DOI: https://doi.org/10.1103/physreve.79.061801",paper,https://doi.org/10.1103/physreve.79.061801,Water harvesting using a conducting polymer_ A study by molecular dynamics simulation,"Polyaniline doped with hydrochloric acid, Polyaniline doped with hydrobromic acid","density, diffusion_coefficient",4
"Title: A combined experimental and molecular dynamics simulation study on the miscibility of Eucommia ulmoides gum with butadiene rubber

Abstract: The miscibility of Eucommia ulmoides gum (EUG) blended with butadiene rubber (BR) was investigated by atomistic molecular dynamics (MD), mesoscopic dynamics (MesoDyn) simulations and melt-mixing in an open two-roll mill at 80¬¨‚àûC and 50 rpm. Seven EUG/BR blends (with weight ratios of 80/20, 70/30, 50/50, 30/70, and 20/80), as well as pure EUG and BR, were examined. Flory Huggins parameters, phase diagrams, the radial distribution function, free energy, and order parameters were computed for different blends using atomistic simulations to predict blend miscibility. The simulation results showed that all the EUG/BR blends have good miscibility. However, the mechanical properties of the vulcanized EUG/BR blends improved with the addition of EUG into BR matrix, and scanning electron microscopy (SEM) micrographs of the fractured surface had also revealed that the phase separation was not found, but which indicated EUG/BR had good miscibility. All the simulation results are qualitatively consistent with the experimental results, which demonstrates that the modeling strategies in this study may provide a powerful tool for predicting the miscibility and mesoscopic morphology of polymer blends.

Polymers Studied: Eucommia ulmoides gum, Butadiene rubber, Eucommia ulmoides gum / Butadiene rubber blend (20/80), Eucommia ulmoides gum / Butadiene rubber blend (30/70), Eucommia ulmoides gum / Butadiene rubber blend (50/50), Eucommia ulmoides gum / Butadiene rubber blend (70/30), Eucommia ulmoides gum / Butadiene rubber blend (80/20)
Properties Measured: density
Force Fields Used: Dreiding

Sample Data:
  - Eucommia ulmoides gum: density = 0.912
  - Butadiene rubber: density = 0.853
  - Eucommia ulmoides gum / Butadiene rubber blend (20/80): density = 0.857
  - Eucommia ulmoides gum / Butadiene rubber blend (30/70): density = 0.862
  - Eucommia ulmoides gum / Butadiene rubber blend (50/50): density = 0.871
  ... and 2 more measurements

DOI: https://doi.org/10.1007/s10965-017-1245-0",paper,https://doi.org/10.1007/s10965-017-1245-0,A combined experimental and molecular dynamics simulation study on the miscibility of Eucommia ulmoides gum with butadiene rubber,"Eucommia ulmoides gum, Butadiene rubber, Eucommia ulmoides gum / Butadiene rubber blend (20/80), Eucommia ulmoides gum / Butadiene rubber blend (30/70), Eucommia ulmoides gum / Butadiene rubber blend (50/50), Eucommia ulmoides gum / Butadiene rubber blend (70/30), Eucommia ulmoides gum / Butadiene rubber blend (80/20)",density,7
"Title: A combined molecular dynamics and experimental study of doped polypyrrole

Abstract: Polypyrrole (PPy) is a biocompatible, electrically conductive polymer that has great potential for battery, sensor, and neural implant applications. Its amorphous structure and insolubility, however, limit the experimental techniques available to study its structure and properties at the atomic level. Previous theoretical studies of PPy in bulk are also scarce. Using ab initio calculations, we have constructed a molecular mechanics force field of chloride-doped PPy (PPyCl) and undoped PPy. This model has been designed to integrate into the OPLS force field, and parameters are available for the Gromacs and TINKER software packages. Molecular dynamics (MD) simulations of bulk PPy and PPyCl have been performed using this force field, and the effects of chain packing and electrostatic scaling on the bulk polymer density have been investigated. The density of flotation of PPyCl films has been measured experimentally. Amorphous X-ray diffraction of PPyCl was obtained and correlated with atomic structures sampled from MD simulations. The force field reported here is foundational for bridging the gap between experimental measurements and theoretical calculations for PPy based materials.

Polymers Studied: Polypyrrole, Chloride-doped Polypyrrole, Crystalline Chloride-doped Polypyrrole
Properties Measured: density
Force Fields Used: OPLS-AA

Sample Data:
  - Polypyrrole: density = 1.23
  - Polypyrrole: density = 1.223
  - Chloride-doped Polypyrrole: density = 1.146
  - Chloride-doped Polypyrrole: density = 1.12
  - Crystalline Chloride-doped Polypyrrole: density = 1.3

DOI: https://doi.org/10.1016/j.polymer.2010.08.024",paper,https://doi.org/10.1016/j.polymer.2010.08.024,A combined molecular dynamics and experimental study of doped polypyrrole,"Polypyrrole, Chloride-doped Polypyrrole, Crystalline Chloride-doped Polypyrrole",density,5
"Title: A molecular dynamics model of the amorphous regions of polyethylene oxide

Abstract: We report a molecular dynamics model of the amorphous regions of polyethylene oxide for use in study of the ionic transport mechanisms in this polymer when it is used as an electrolyte in batteries. The model is produced by beginning with a molecular dynamics of dimethyl ether which we have reported earlier and ''polymerizing'' it computationally by successively choosing pairs of unbonded methyl groups and changing the forces to describe the chemical bond in the polymer. This is not intended to be a fully realistic simulation of the actual chemical polymerization process, but we argue that it produces a useful model of a sample of the amorphous polymer. We report structural and dynamical properties of the resulting model, in which we have adopted torsion forces reported by Krimm and coworkers to fit the observed vibrational spectrum.

Polymers Studied: Polyethylene Oxide
Properties Measured: density
Force Fields Used: Empirical bonded and nonbonded potentials with parameters from Ref. 27

Sample Data:
  - Polyethylene Oxide: density = 1.09
  - Polyethylene Oxide: density = 1.26

DOI: https://doi.org/10.1063/1.472035",paper,https://doi.org/10.1063/1.472035,A molecular dynamics model of the amorphous regions of polyethylene oxide,Polyethylene Oxide,density,2
"Title: A molecular dynamics simulation and quantum chemistry study of poly(dimethylsiloxane)‚Äö√Ñ√¨silica nanoparticle interactions

Abstract: We have conducted atomistic molecular dynamics (MD) simulations of poly(dimethylsiloxane) (PDMS) melts in contact with bare silica and modified (with hydroxyl and trimethylsiloxy groups) silica surfaces using a quantum chemistrybased force field. MD simulations accurately predicted changes in PDMS dynamics with addition of SiO 2 observed in quasielastic neutron scattering experiments. In MD simulations, the density of PDMS near the bare silica surface was found to be much greater and the dynamics of interfacial PDMS much slower than that observed for unperturbed PDMS melts due to strong Van der Waals dispersion forces between PDMS and the silica surface. The presence of hydroxyl and trimethylsiloxy groups on the silica surface resulted in a decrease in the density of interfacial PDMS and a speedup in polymer dynamics relative to those observed for PDMS near the bare silica surface due to increased separation between PDMS and the silica surface and a corresponding decrease in the strength of the dispersion attraction between the polymer and the surface. Despite the presence of strong hydrogen bonding interactions between small molecule models for hydroxylated silica and PDMS observed in our quantum chemistry studies, no significant hydrogen bonding was observed in the MD simulations of PDMS in contact with hydroxylated silica surfaces. Nevertheless, interactions between hydroxyl groups and PDMS oxygen atoms were found to play a role in determining structure and dynamics of interfacial PDMS for surfaces with low to moderate degrees of hydroxylation. V

Polymers Studied: Poly(dimethylsiloxane)
Properties Measured: density, viscosity
Force Fields Used: Quantum chemistry based force field

Sample Data:
  - Poly(dimethylsiloxane): density = 1.12
  - Poly(dimethylsiloxane): viscosity = 0.012
  - Poly(dimethylsiloxane): density = 1.064

DOI: https://doi.org/10.1002/polb.21119",paper,https://doi.org/10.1002/polb.21119,A molecular dynamics simulation and quantum chemistry study of poly(dimethylsiloxane)‚Äö√Ñ√¨silica nanoparticle interactions,Poly(dimethylsiloxane),"density, viscosity",3
"Title: A molecular dynamics simulation study of three polysulfones in dry and hydrated states

Abstract: Molecular dynamics (MD) simulations of three polysulfones (poly(ether sulfone) PESU, poly(phenylene sulfone) PPSU and polysulfone PSU) in dry and hydrated states were undertaken in order to study the specific interactions between water and glassy polymer matrices of the same structural family. Dry polysulfone models were generated using a hybrid pivot Monte Carlo-MD single-chain sampling technique and the resulting relaxed densities were found to be in close agreement with experimental data. Hydrated systems are found to reproduce quite well volumetric changes experimentally observed. The concentrations of sulfonic groups can explain qualitatively their different water solubilities. Water is preferentially hydrogenbonded to two sites which either link two polymer sites, or one polymer site and another water, or two other waters. A detailed analysis of these water bridges that are formed is presented. Only a small quantity of potential bridging sites are occupied for water contents near the experimental saturation. The free fractional volumes, the probe accessible volumes, the swelling of the polymers, the water-polymer interactions and the hydrogen bond lifetimes, are also presented for these polysulfones. Water-water interactions and water clusters are found to be more important in the more hydrophilic PESU in comparison to the less hydrophilic PSU. V

Polymers Studied: Poly(ether sulfone), Poly(phenylene sulfone), Polysulfone
Properties Measured: density, glass_transition_temp
Force Fields Used: TRIPOS 5.2 with MM3 parameters for sulfonic group

Sample Data:
  - Poly(ether sulfone): density = 1.3919
  - Poly(ether sulfone): glass_transition_temp = 497
  - Poly(phenylene sulfone): density = 1.3132
  - Poly(phenylene sulfone): glass_transition_temp = 497
  - Polysulfone: density = 1.2298
  ... and 1 more measurements

DOI: https://doi.org/10.1002/polb.22117",paper,https://doi.org/10.1002/polb.22117,A molecular dynamics simulation study of three polysulfones in dry and hydrated states,"Poly(ether sulfone), Poly(phenylene sulfone), Polysulfone","density, glass_transition_temp",6
"Title: A molecular dynamics study of water transport inside an epoxy polymer matrix

Abstract: Classical all-atom molecular dynamics simulations were used to build and study a polymer network model of EPON-828 as an epoxy and diethylenetriamine as a cross-linker. A cut-off based cross-linking algorithm was adopted to make the cross-linking bonds of the epoxy network. A step-wise cross-linking process was implemented to achieve an epoxy polymer network with a maximum conversion of 0.8. Based on the uniaxial stress-strain response the elastic, bulk and strain moduli were determined and found to match with previous experimental and simulation studies. Water transport inside epoxy networks was analyzed by preparing the epoxy polymer network models containing different amounts of water. The water-epoxy hydrogen bonding interactions strongly influence the diffusion of water molecules in the polymer. Radial distribution functions, volume swelling analysis and mean squared displacements indicated two different types of water molecules in the polymer matrix. Water-matrix hydrogen bonding dominates during the initial sorption process and then the water-water interactions gradually increase their influence on the diffusion process by forming bigger water clusters.

Polymers Studied: Diglycidyl Ether of Bisphenol A (EPON 828) crosslinked with Diethylenetriamine (DETA)
Properties Measured: density, youngs_modulus
Force Fields Used: OPLS-AA

Sample Data:
  - Diglycidyl Ether of Bisphenol A (EPON 828) crosslinked with Diethylenetriamine (DETA): density = 1.1523
  - Diglycidyl Ether of Bisphenol A (EPON 828) crosslinked with Diethylenetriamine (DETA): youngs_modulus = 3.7

DOI: https://doi.org/10.1016/j.commatsci.2015.04.032",paper,https://doi.org/10.1016/j.commatsci.2015.04.032,A molecular dynamics study of water transport inside an epoxy polymer matrix,Diglycidyl Ether of Bisphenol A (EPON 828) crosslinked with Diethylenetriamine (DETA),"density, youngs_modulus",2
"Title: A molecular dynamics study of water-soluble polymers: analysis of force fields from atomistic simulations

Abstract: A force field (FF) analysis was performed on three water-soluble polymers (PAM, PNIPAAm, and PEO), that are of significant interest for biomedical applications, by measuring the polymer radius of gyration (R g ), solvent accessible surface area (SASA), radial distribution functions (g(r)), and relative shape anisotropy (≈í‚à´ 2 ) in dilute conditions. Three generalised FFs were utilised to model PAM and PNIPAAm (DREIDING, GAFF, and GAFF2) in conjunction with five water models: SPC, SPC/E, TIP3P, TIP4P, and TIP4P/2005. It was found that the DREIDING FF showed better agreement with PAM experimental data reported for R g , irrespective of the water model. For PNIPAAm, the DREIDING FF was also the best performing among the FFs studied; however, the choice of water model played an important role in the predicted properties. The trends in SASA and ≈í‚à´ 2 are consistent with R g . For PEO modelled with the CHARMM C35r FF, all water models except TIP3P resulted in good agreement with experimental and previous simulation data. These results highlight the considerable impact that polymer and water FFs can have on sampling appropriate polymer conformations in solvated systems.

Polymers Studied: Polyacrylamide, Polyethylene Oxide
Properties Measured: radius_gyration
Force Fields Used: DREIDING-SPC, GAFF-SPC, GAFF2-SPC, CHARMM-c-TIP3P

Sample Data:
  - Polyacrylamide: radius_gyration = 1.716
  - Polyacrylamide: radius_gyration = 1.103
  - Polyacrylamide: radius_gyration = 1.028
  - Polyethylene Oxide: radius_gyration = 1.298

DOI: https://doi.org/10.1080/08927022.2018.1531401",paper,https://doi.org/10.1080/08927022.2018.1531401,A molecular dynamics study of water-soluble polymers: analysis of force fields from atomistic simulations,"Polyacrylamide, Polyethylene Oxide",radius_gyration,4
"Title: A molecular dynamics study on Young‚Äö√Ñ√¥s modulus and tribology of carbon nanotube reinforced styrene-butadiene rubber

Abstract: Styrene-butadiene rubber is a copolymer widely used in making car tires and has excellent abrasion resistance. The Young's modulus and tribology of pure styrene butadiene rubber (SBR) polymer and carbon nanotube reinforced polymer composites have been investigated using molecular dynamics simulations. The mechanism of enhanced tribology properties using carbon nanotube has been studied and discussed. The obtained Young's modulus shows the enhancement in mechanical properties of SBR polymer when carbon nanotubes are used as reinforcement. The concentration, temperature and velocity profiles, radial distribution function, frictional stresses, and cohesive energy density are calculated and analyzed in detail. The Young's modulus of SBR matrix increases about 29.16% in the presence of the 5% CNT. The atom movement velocity and average cohesive energy density in the friction area of pure SBR matrix was found to be more than that of the CNT/SBR composite.

Polymers Studied: Styrene-butadiene rubber, Styrene-butadiene rubber with 5 wt.% carbon nanotube
Properties Measured: density, youngs_modulus
Force Fields Used: COMPASS

Sample Data:
  - Styrene-butadiene rubber: density = 0.94
  - Styrene-butadiene rubber: youngs_modulus = 0.00048
  - Styrene-butadiene rubber with 5 wt.% carbon nanotube: youngs_modulus = 0.00062

DOI: https://doi.org/10.1007/s00894-018-3636-5",paper,https://doi.org/10.1007/s00894-018-3636-5,A molecular dynamics study on Young‚Äö√Ñ√¥s modulus and tribology of carbon nanotube reinforced styrene-butadiene rubber,"Styrene-butadiene rubber, Styrene-butadiene rubber with 5 wt.% carbon nanotube","density, youngs_modulus",3
"Title: A parallel algorithm to produce long polymer chains in molecular dynamics

Abstract: Generating initial configurations of polymer melts above the entanglement molecular weight is a challenge in molecular dynamics and Monte Carlo simulations. In this work, we adapt an algorithm mimicking a chemical polymerization to all-atom force fields. The principle of this algorithm is to start from a bath of monomers between which bonds are created and relaxed sequentially. Our implementation is parallel and efficient. The parallelization is that of a classical molecular dynamics code and enables the user to generate large systems, up to 7 ‚àö√≥ 10 6 atoms. The efficiency of the algorithm comes from the linear scaling between the simulation time and the chain length in the limit of very long chains. The implementation is able to produce long polymer chains, up to ‚Äö√†¬∫2000 carbon atoms, with thermodynamic and local structural properties in good agreement with their experimental and numerical counterparts. Moreover, the chain conformations are close to being equilibrated right after the end of the polymerization process, corresponding to only a few hundred of picoseconds of simulation, despite a systematical drift from Gaussian-like behavior when the density of reactively available monomers decreases. Finally, the algorithm proposed in this work is versatile in nature because the bond creation can be easily modified to create copolymers, block copolymers, and mixtures of polymer melts with other material.

Polymers Studied: cis-1,4-Polybutadiene, cis-1,4-Polybutadiene (2000 carbon atoms)
Properties Measured: density, radius_gyration
Force Fields Used: OPLS-AA

Sample Data:
  - cis-1,4-Polybutadiene: density = 0.828
  - cis-1,4-Polybutadiene (2000 carbon atoms): density = 0.828
  - cis-1,4-Polybutadiene (2000 carbon atoms): radius_gyration = 6

DOI: https://doi.org/10.1063/1.5065785",paper,https://doi.org/10.1063/1.5065785,A parallel algorithm to produce long polymer chains in molecular dynamics,"cis-1,4-Polybutadiene, cis-1,4-Polybutadiene (2000 carbon atoms)","density, radius_gyration",3
"Title: A polyethylene chain investigated with replica exchange molecular dynamics simulation: Equilibrium lamellar thickness and melting point, ordering and free energy

Abstract: In the present work, a polyethylene chain with N ¬¨¬∫ 200 CH2 units was simulated using replica exchange molecular dynamics (REMD). Simulations were performed in a broad temperature range and for intrachain interactions varying from the fully interacting to the ideal spring chain.Our work demonstrates that REMD is a very efficient method to obtain equilibrium data. It is found that the coil-to-globule transition is dominated by the vdW energy, whereas the globule-to-folded chain transition is accompanied by transitional behavior in the torsion and vdW energies. Our data clearly show that for the chain length considered here, the chain folded crystal to globule transition is a continuous transition. Nevertheless, we can establish with good accuracy the equilibrium transition temperature for the chain folded crystal to globule transition.A set of orientational order parameters was used to investigate the order in the polymer chain. At the globule-to-folded chain transition an abrupt change in the value of the order parameter is observed, whereas there is no or almost no change in the value of the order parameter at the coil-to-globule transition temperature. The (apparent) order in the disordered globular and coiled states indicated by some studied order parameters is related to the definition of the order parameter and depends on the chain length of the polymer.Below the equilibrium melting temperature the (largest principal component of the) radius of gyration and the equilibrium lamellar thickness of the folded chain crystal decrease with increasing temperature, which gives support to the theory of Muthukumar but is opposite to the prediction of classical crystallization theories. The agreement between simulations and theory may hint to universal behavior of the relative equilibrium thickness versus the relative super cooling.

Polymers Studied: Polyethylene
Properties Measured: radius_gyration
Force Fields Used: DREIDING

Sample Data:
  - Polyethylene: radius_gyration = 0.77*

DOI: https://doi.org/10.1016/j.polymer.2010.09.019",paper,https://doi.org/10.1016/j.polymer.2010.09.019,"A polyethylene chain investigated with replica exchange molecular dynamics simulation: Equilibrium lamellar thickness and melting point, ordering and free energy",Polyethylene,radius_gyration,1
"Title: Additional Entanglement Effect Imposed by Small Sized Ring Aggregates in Supramolecular Polymer Melts: Molecular Dynamics Simulation Study

Abstract: This work investigates structures and dynamics of supramolecular polymer (SMP) melts comprising poly(ethylene glycol)s end-functionalized by pairwise associating stickers via molecular dynamics simulations. The system involves ring and linear aggregates, and an exponentially increasing segmental relaxation time indicates a topological effect besides entanglements between linear aggregates. We find the additional entanglements of the linear aggregates when more than two linear aggregates thread one ring. Moreover, even if one linear aggregate threads a ring because the monomeric motion in the linear aggregate is suppressed, the effective tube diameter decreases. The exponentially increasing segmental relaxation time originating from the ring-linear threading is more quantitatively explained by the H-bond lifetime for ring aggregates. This work provides the first direct evidence of the ring topology affecting the dynamics of SMPs, which would further broaden the possibility of tailoring novel SMP properties taking into account the ring-topological effect.

Polymers Studied: Poly(ethylene glycol), Poly(ethylene glycol) functionalized with pairwise associating stickers
Properties Measured: density, diffusion_coefficient, radius_gyration
Force Fields Used: Coarse-grained model with harmonic bond, angle, Lennard-Jones, and H-bond potentials, Coarse-grained model with H-bond potential, ESPResSo++

Sample Data:
  - Poly(ethylene glycol): density = 0.58
  - Poly(ethylene glycol): diffusion_coefficient = 6.7e-12
  - Poly(ethylene glycol) functionalized with pairwise associating stickers: density = 0.58
  - Poly(ethylene glycol) functionalized with pairwise associating stickers: radius_gyration = 1.0444

DOI: https://doi.org/10.1021/acs.macromol.9b02209",paper,https://doi.org/10.1021/acs.macromol.9b02209,Additional Entanglement Effect Imposed by Small Sized Ring Aggregates in Supramolecular Polymer Melts: Molecular Dynamics Simulation Study,"Poly(ethylene glycol), Poly(ethylene glycol) functionalized with pairwise associating stickers","density, diffusion_coefficient, radius_gyration",4
"Title: Agglomeration Dynamics In Thermo-Sensitive Polymers Across The Lower Critical Solution Temperature: A Molecular Dynamics Simulation Study

Abstract: Poly(N-isopropylacrylamide) (PNIPAM), a classic thermo-sensitive polymer, has a lower critical solution temperature (LCST) at ~32¬¨‚àûC. In this work we have used molecular dynamics simulations to understand the origin of the LCST and agglomeration of PNIPAM chains of 5 and 30 monomer units (5-mer and 30-mer). Experimentally, when the concentration of PNIPAM is >1 ppm, polymer chains after undergoing coil-to-globule transition above the LCST aggregates to yield a stable colloidal dispersion.In our study two PNIPAM chains, consisting of 30 monomer units each, were placed in a cubic simulation cell and were subsequently solvated. Simulations were carried out below and above the LCST, namely at 278 and 310K for 10ns. Simulated trajectories were analyzed for structural and dynamical properties of both PNIPAM and water. We observe coil-to-globule transition in PNIPAM above the LCST. We also find that the PNIPAM chains agglomerate above the LCST. We also observe entanglement in PNIPAM chains below the LCST. We also study agglomeration of 5 PNIPAM chains each consisting of 5 monomer units. There was no significant difference in polymer agglomeration behavior across the LCST for these short chain oligomers. The agglomeration behavior is thus strongly correlated to the size of the polymer chains. These results provide fundamental insight into the atomistic scale mechanism of PNIPAM agglomeration across the LCST.

Polymers Studied: Poly(N-isopropylacrylamide) 30-mer
Properties Measured: density
Force Fields Used: PCFF

Sample Data:
  - Poly(N-isopropylacrylamide) 30-mer: density = 0.98

DOI: https://doi.org/10.1557/opl.2012.199",paper,https://doi.org/10.1557/opl.2012.199,Agglomeration Dynamics In Thermo-Sensitive Polymers Across The Lower Critical Solution Temperature: A Molecular Dynamics Simulation Study,Poly(N-isopropylacrylamide) 30-mer,density,1
"Title: All-Atom Model of Atactic 2-Vinyl Pyridine Polymer: Structural Properties Investigation by Molecular Dynamics Simulations

Abstract: Atactic poly(2-vinyl pyridine) (P2VP) is widely used in several 3D-Printing applications, in blends or, as one of the blocks, in copolymers. Moreover, several applications have been designed by exploiting the stimuli response to the pH shown by P2VP. In this paper we propose an all atom model of P2VP, based on the well-known OPLS-AA force field, which ensures wide compatibility to model complex mixtures and/or interfaces involving P2VP in composite materials. The proposed all-atom model was checked in the reproduction of structural properties and compared with experimental data. Good reproductions of mass density and X-ray scattering pattern confirm the accuracy of the proposed model.

Polymers Studied: Poly(2-vinyl pyridine) 48-mer
Properties Measured: density, radius_gyration
Force Fields Used: OPLS-AA

Sample Data:
  - Poly(2-vinyl pyridine) 48-mer: density = 1.0853
  - Poly(2-vinyl pyridine) 48-mer: radius_gyration = 1.51

DOI: https://doi.org/10.1149/2.0471909jes",paper,https://doi.org/10.1149/2.0471909jes,All-Atom Model of Atactic 2-Vinyl Pyridine Polymer: Structural Properties Investigation by Molecular Dynamics Simulations,Poly(2-vinyl pyridine) 48-mer,"density, radius_gyration",2
"Title: An Insight into molecular structure and properties of flexible amorphous polymers: A molecular dynamics simulation approach

Abstract: Visualization of polymer molecules by molecular dynamics simulation remains a challenging area in molecular modeling, as it involves a number of factors like type of force field, simulation time, simulation steps, and so forth. In our present study, we have used the condensed-phase optimized molecular potentials for atomistic simulation studies (COMPASS) force field, which is specific for polymers and organic molecules, in order to visualize the macromolecular chains of various flexible amorphous polymers: natural rubber, polybutadiene rubber, styrene-butadiene rubber, nitrile rubber, polychloroprene rubber, and fluoroelastomer. The study covered a wide range from nonpolar rubbers to polar rubbers, and the COMPASS force field was promising to understand the local structure and the packing of the chains inside the simulation box. The distance between different adjacent pairs of carbon atoms within the polymer chains was discussed in detail from intramolecular radial distribution function and represented pictorially in the polymer chains. Various bond angles were also examined for further details. In addition, interchain contacts, glass-transition temperature, and solubility parameter were predicted and compared with the experimental values. The diffusive characteristic of the chains was assessed by mean square displacement which in turn described the polymer chain mobility. In essence, the present study is expected to aid in the vivid conceptualization of molecular orientation of various polymers and would help in predicting various physical properties.

Polymers Studied: Natural Rubber, Polybutadiene Rubber, Styrene Butadiene Rubber, Nitrile Butadiene Rubber, Chloroprene Rubber, Fluorocarbon Elastomer
Properties Measured: density, glass_transition_temp
Force Fields Used: COMPASS

Sample Data:
  - Natural Rubber: density = 0.898
  - Natural Rubber: glass_transition_temp = 202
  - Polybutadiene Rubber: density = 0.899
  - Polybutadiene Rubber: glass_transition_temp = 181
  - Styrene Butadiene Rubber: density = 0.97
  ... and 7 more measurements

DOI: https://doi.org/10.1002/app.47457",paper,https://doi.org/10.1002/app.47457,An Insight into molecular structure and properties of flexible amorphous polymers: A molecular dynamics simulation approach,"Natural Rubber, Polybutadiene Rubber, Styrene Butadiene Rubber, Nitrile Butadiene Rubber, Chloroprene Rubber, Fluorocarbon Elastomer","density, glass_transition_temp",12
"Title: An optimized fully-atomistic procedure to generate glassy polymer films for molecular dynamics simulations

Abstract: An explicit-atom wall-compression procedure has been optimized in order to generate glassy polymer films containing both surface-like and bulk-like chains for use in molecular dynamics (MD) simulations. All steps are carried out at the fully-atomistic level, which avoids the complexities of coarse-graining and back-mapping. One dimension of an isotropic bulk MD box is extended and walls are placed at both ends of the enlarged simulation box. The walls progressively advance towards the polymer at a slow rate until the resulting film regains a bulklike density in its core. Following local relaxation at moderate and high temperatures, the walls are pushed back to the edges of the simulation box and the free-standing glassy film is allowed to relax. The 6FDA-6FpDA, 6FDA-6FmDA and 6FDA-DAM polyimides were chosen as test cases. The effects of the chain lengths, the rate of wall compression, the temperatures as well as the conditions of the simulations were assessed by monitoring the densities, conformations and configurations of the chains at each step. The optimized procedure leads to surface chains being aligned and flattened with respect to the interfaces, while the bulk chains in the centre of the models remain unaffected. Molecular models of glassy polymer films containing ~80,000 atoms with an isotropic core of volume ~(60 ‚àö√≥ 100 ‚àö√≥ 100) ‚àö√ñ 3 and two interfacial regions, each of volume ~(20 ‚àö√≥ 100 ‚àö√≥ 100) ‚àö√ñ 3 , were created. As found before for simpler models, the interfacial width is of the order of the average radius of gyration of the chains.

Polymers Studied: Polyimide from 6FDA and 6FpDA (2,2′-bis(trifluoromethyl)benzidine), Polyimide from 6FDA and 6FpDA (2,4,6′-bis(trifluoromethyl)benzidine)
Properties Measured: density
Force Fields Used: TRIPOS 5.2

Sample Data:
  - Polyimide from 6FDA and 6FpDA (2,2′-bis(trifluoromethyl)benzidine): density = 1.4999
  - Polyimide from 6FDA and 6FpDA (2,2′-bis(trifluoromethyl)benzidine): density = 1.5123
  - Polyimide from 6FDA and 6FpDA (2,4,6′-bis(trifluoromethyl)benzidine): density = 1.323

DOI: https://doi.org/10.1016/j.commatsci.2019.109499",paper,https://doi.org/10.1016/j.commatsci.2019.109499,An optimized fully-atomistic procedure to generate glassy polymer films for molecular dynamics simulations,"Polyimide from 6FDA and 6FpDA (2,2′-bis(trifluoromethyl)benzidine), Polyimide from 6FDA and 6FpDA (2,4,6′-bis(trifluoromethyl)benzidine)",density,3
"Title: Analytical rescaling of polymer dynamics from mesoscale simulations

Abstract: We present a theoretical approach to scale the artificially fast dynamics of simulated coarse-grained polymer liquids down to its realistic value. As coarse graining affects entropy and dissipation, two factors enter the rescaling: inclusion of intramolecular vibrational degrees of freedom and rescaling of the friction coefficient. Because our approach is analytical, it is general and transferable. Translational and rotational diffusion of unentangled and entangled polyethylene melts, predicted from mesoscale simulations of coarse-grained polymer melts using our rescaling procedure, are in quantitative agreement with united-atom simulations and with experiments.

Polymers Studied: Polyethylene (n=142), Polyethylene (n=174), Polyethylene (n=224), Polyethylene (n=270), Polyethylene (n=320)
Properties Measured: radius_gyration
Force Fields Used: United-Atom (UA)

Sample Data:
  - Polyethylene (n=142): radius_gyration = 2.051
  - Polyethylene (n=174): radius_gyration = 2.292
  - Polyethylene (n=224): radius_gyration = 2.628
  - Polyethylene (n=270): radius_gyration = 2.927
  - Polyethylene (n=320): radius_gyration = 3.131

DOI: https://doi.org/10.1063/1.3450301",paper,https://doi.org/10.1063/1.3450301,Analytical rescaling of polymer dynamics from mesoscale simulations,"Polyethylene (n=142), Polyethylene (n=174), Polyethylene (n=224), Polyethylene (n=270), Polyethylene (n=320)",radius_gyration,5
"Title: Applicability of mode-coupling theory to polyisobutylene: A molecular dynamics simulation study

Abstract: The applicability of Mode Coupling Theory (MCT) to the glass-forming polymer polyisobutylene (PIB) has been explored by using fully atomistic molecular dynamics simulations. MCT predictions for the so-called asymptotic regime have been successfully tested on the dynamic structure factor and the self-correlation function of PIB main-chain carbons calculated from the simulated cell. The factorization theorem and the time-temperature superposition principle are satisfied. A consistent fitting procedure of the simulation data to the MCT asymptotic power-laws predicted for the ≈í¬±-relaxation regime has delivered the dynamic exponents of the theory-in particular, the exponent parameter ≈í¬™-the critical non-ergodicity parameters, and the critical temperature T c . The obtained values of ≈í¬™ and T c agree, within the uncertainties involved in both studies, with those deduced from depolarized light scattering experiments [A. Kisliuk et al., J. Polym. Sci. Part B: Polym. Phys. 38, 2785 (2000)]. Both, ≈í¬™ and T c /T g values found for PIB are unusually large with respect to those commonly obtained in low molecular weight systems. Moreover, the high T c /T g value is compatible with a certain correlation of this parameter with the fragility in Angell's classification. Conversely, the value of ≈í¬™ is close to that reported for real polymers, simulated ""realistic"" polymers and simple polymer models with intramolecular barriers. In the framework of the MCT, such finding should be the signature of two different mechanisms for the glass-transition in real polymers: intermolecular packing and intramolecular barriers combined with chain connectivity.

Polymers Studied: Polyisobutylene
Properties Measured: density
Force Fields Used: COMPASS

Sample Data:
  - Polyisobutylene: density = 0.8109
  - Polyisobutylene: density = 0.8264
  - Polyisobutylene: density = 0.8688
  - Polyisobutylene: density = 0.882
  - Polyisobutylene: density = 0.8977
  ... and 1 more measurements

DOI: https://doi.org/10.1103/physreve.88.042302",paper,https://doi.org/10.1103/physreve.88.042302,Applicability of mode-coupling theory to polyisobutylene: A molecular dynamics simulation study,Polyisobutylene,density,6
"Title: Assessing the Efficacy of Poly(N-isopropylacrylamide) for Drug Delivery Applications Using Molecular Dynamics Simulations

Abstract: All-atom molecular dynamic simulations (AA-MD) are performed for aqueous solutions of hydrophobic drug molecules (phenytoin) with model polymer excipients, namely (1) N-isopropyl acrylamide, (pNIPAAm), (2) pNIPAAm-co-Acrylamide (Am), and (3) pNIPAAm-co-Dimethylacrylamide (DMA). After validating the forcefield parameters using the well-known lower critical solution behavior of pNIPAAm, we simulate the polymer-drug complex in water and its behavior at temperatures below (295K) and above the LCST (310K). Using radial distribution functions, we find that there is an optimum comonomer molar fraction of around 20-30% DMA at which interaction with phenytoin drug molecules is strongest, consistent with recent experimental findings. The results provide evidence that molecular simulations are able to provide guidance in the optimization of novel polymer excipients for drug release.

Polymers Studied: Poly(N-isopropylacrylamide)
Properties Measured: radius_gyration
Force Fields Used: AMBER99SB

Sample Data:
  - Poly(N-isopropylacrylamide): radius_gyration = 0.9
  - Poly(N-isopropylacrylamide): radius_gyration = 0.8

DOI: https://doi.org/10.1021/acs.molpharmaceut.6b00942",paper,https://doi.org/10.1021/acs.molpharmaceut.6b00942,Assessing the Efficacy of Poly(N-isopropylacrylamide) for Drug Delivery Applications Using Molecular Dynamics Simulations,Poly(N-isopropylacrylamide),radius_gyration,2
"Title: Atomistic insights on the LCST behavior of PMEO2MA in water by molecular dynamics simulations

Abstract: Fully atomistic molecular dynamics simulations of poly(2-[2-methoxyethoxy]ethyl methacrylate) (PMEO 2 MA) in water at temperatures below and above its lower critical solution temperature (LCST) were performed to improve the understanding of its LCST behavior. Atomic trajectories were used to calculate various structural and dynamic properties. Simulation results show that PMEO 2 MA undergo a distinct coil-to-globule transition above LCST. Detailed analyses of the number of first hydration shell water molecules around various atomic regions are revealed that the water solubility of PMEO 2 MA below LCST is mainly provided by the hydrophobic hydration around the side chain carbon atoms. This is achieved by the cage-like water network formations which are disrupted when the temperature is increased above LCST, accompanied by significant amount of water molecule release and local water-ordering reduction, which leads to the LCST phase transition. Furthermore, other analyses such as the number of hydrogen bonds and hydrogen bond lifetimes suggest that intermolecular hydrogen bondings between polymer and water molecules have little effect on the phase transition. Our results will contribute to a better understanding on the LCST phase transition of oligo(ethylene glycol) methyl ether methacrylate (OEGMA)based homopolymers at atomistic level that will be useful when designing homo-and co-polymers of OEGMAs with desired properties. V

Polymers Studied: Poly(2-[2-methoxyethoxy]ethyl methacrylate) 50-mer
Properties Measured: radius_gyration
Force Fields Used: GAFF

Sample Data:
  - Poly(2-[2-methoxyethoxy]ethyl methacrylate) 50-mer: radius_gyration = 1.873
  - Poly(2-[2-methoxyethoxy]ethyl methacrylate) 50-mer: radius_gyration = 1.372

DOI: https://doi.org/10.1002/polb.24555",paper,https://doi.org/10.1002/polb.24555,Atomistic insights on the LCST behavior of PMEO2MA in water by molecular dynamics simulations,Poly(2-[2-methoxyethoxy]ethyl methacrylate) 50-mer,radius_gyration,2
"Title: Atomistic molecular dynamics simulation of the temperature and pressure dependences of local and terminal relaxations in cis-1,4-polybutadiene

Abstract: The dynamics of cis-1,4-polybutadiene √ï√´cis-1,4-PB√ï√≠ over a wide range of temperature and pressure conditions is explored by conducting atomistic molecular dynamics √ï√´MD√ï√≠ simulations with a united atom model on a 32-chain C 128 cis-1,4-PB system. The local or segmental dynamics is analyzed in terms of the dipole moment time autocorrelation function √ï√´DACF√ï√≠ of the simulated polymer and its temperature and pressure variations, for temperatures as low as 195 K and pressures as high as 3 kbars. By Fourier transforming the DACF, the dielectric spectrum, * = ‚Äì√† + i‚Äì√¢ = * √ï√´√ï√≠, is computed and the normalized ‚Äì√¢ / max ‚Äì√¢ vs / max plot is analyzed on the basis of the time-temperature and time-pressure superposition principles. The relative contribution of thermal energy and volume to the segmental and chain relaxation processes are also calculated and evaluated in terms of the ratio of the activation energy at constant volume to the activation energy at constant pressure, Q V / Q P . Additional results for the temperature and pressure dependences of the Rouse times describing terminal relaxation in the two polymers show that, in the regime of the temperature and pressure conditions covered here, segmental and chain relaxations are influenced similarly by the pressure and temperature variations. This is in contrast to what is measured experimentally √ï√¨see, e.g., G. Floudas and T. Reisinger, J. Chem. Phys. 111, 5201 √ï√´1999√ï√≠; C. M. Roland et al.,J. Polym. Sci. Part B, 41, 3047 √ï√´2003√ï√≠√ï√Æ for other, chemically more complex polymers that pressure has a stronger influence on the dynamics of segmental mode than on the dynamics of the longest normal mode, at least for the regime of temperature and pressure conditions covered in the present MD simulations.

Polymers Studied: cis-1,4-Polybutadiene
Properties Measured: density
Force Fields Used: united atom model by Smith and Paul

Sample Data:
  - cis-1,4-Polybutadiene: density = 0.94
  - cis-1,4-Polybutadiene: density = 0.97
  - cis-1,4-Polybutadiene: density = 0.98

DOI: https://doi.org/10.1063/1.2174003",paper,https://doi.org/10.1063/1.2174003,"Atomistic molecular dynamics simulation of the temperature and pressure dependences of local and terminal relaxations in cis-1,4-polybutadiene","cis-1,4-Polybutadiene",density,3
"Title: Atomistic molecular dynamics simulations of the LCST conformational transition in poly(N-vinylcaprolactam) in water

Abstract: Thermoresponsive poly(N-vinylcaprolactam) (PVCL) has received growing interest due to a temperature-induced phase transition, which switches its solubility in aqueous solutions. However, the lower critical solution temperature (LCST) of PVCL is greatly influenced by the molecular weight, morphology and the environment.Therefore, despite of numerous experimental studies of the thermal response of PVCL, a driving force and a molecular origin of conformation transitions in solution remain far less studied. To get a better understanding of the coil-to-globule conformation transition for PVCL in aqueous solution, we examined the structure and conformation dynamics of a single-chain PVCL 30 in a temperature range of 280-360 K by using atomistic molecular dynamics (MD) simulations. The united-atom GROMOS G53a6 force field was re-parameterized and fine-tuned by DFT calculations to reproduce the experimental LCST transition of PVCL. Our MD model reproduces the LCST transition of PVCL30 to occur in a temperature range of 34.6-38.5¬¨‚àû. MD simulation results suggest a significant difference between the hydration state of the carbonyl group of PVCL below and above the LCST threshold. The analysis of the number of hydrogen bonds of PVCL with water molecules demonstrates that dehydration of the polymer plays an important role and drives the temperature-induced polymer collapse. Finally, the developed MD model and FF parameters were successfully tested for large-scale systems, such as mixture PVCL 30 oligomer and single-chain PVCL 816 polymer, respectively.

Polymers Studied: Poly(N-vinylcaprolactam) 816-mer
Properties Measured: radius_gyration
Force Fields Used: GROMOS G53a6

Sample Data:
  - Poly(N-vinylcaprolactam) 816-mer: radius_gyration = 3.3
  - Poly(N-vinylcaprolactam) 816-mer: radius_gyration = 2.95

DOI: https://doi.org/10.1016/j.jmgm.2019.04.004",paper,https://doi.org/10.1016/j.jmgm.2019.04.004,Atomistic molecular dynamics simulations of the LCST conformational transition in poly(N-vinylcaprolactam) in water,Poly(N-vinylcaprolactam) 816-mer,radius_gyration,2
"Title: Atomistic molecular modelling of crosslinked epoxy resin

Abstract: In the present study, a new method was developed to construct atomistic molecular models of crosslinked polymers based on commercially important epoxy resin. This method employed molecular dynamics/molecular mechanics schemes and assumed close proximity. The generic Dreiding2.21 force-field and advanced compass force-field were used for the construction of models and prediction of properties, respectively. A polymer network with conversion up to 93.7% was successfully generated by this method. Density and elastic constants of the system were calculated from the equilibrated structure for the validation of the generated models. The simulated results compared reasonably with experimental data available. The developed method would hold great promise in further molecular simulations for structure and properties of epoxy resin or other cured systems.

Polymers Studied: Epoxy resin based on Diglycidyl Ether of Bisphenol A (DGEBA) and Isophorone diamine (IPD)
Properties Measured: density, youngs_modulus
Force Fields Used: compass, Dreiding2.21

Sample Data:
  - Epoxy resin based on Diglycidyl Ether of Bisphenol A (DGEBA) and Isophorone diamine (IPD): density = 1.116
  - Epoxy resin based on Diglycidyl Ether of Bisphenol A (DGEBA) and Isophorone diamine (IPD): youngs_modulus = 5.198
  - Epoxy resin based on Diglycidyl Ether of Bisphenol A (DGEBA) and Isophorone diamine (IPD): density = 1.067
  - Epoxy resin based on Diglycidyl Ether of Bisphenol A (DGEBA) and Isophorone diamine (IPD): youngs_modulus = 47.22

DOI: https://doi.org/10.1016/j.polymer.2006.06.025",paper,https://doi.org/10.1016/j.polymer.2006.06.025,Atomistic molecular modelling of crosslinked epoxy resin,Epoxy resin based on Diglycidyl Ether of Bisphenol A (DGEBA) and Isophorone diamine (IPD),"density, youngs_modulus",4
"Title: Atomistic molecular simulations of structure and dynamics of crosslinked epoxy resin

Abstract: Many excellent thermal and mechanical performances of cured epoxy resin products can be related to their specific network structure. In this work, a typical crosslinked epoxy resin was investigated using detailed molecular dynamics (MD) simulations, in a wide temperature range from 250 K to 600 K. A general constant-NPT MD procedure widely used for linear polymers failed to identify the glass transition temperature (T g ) of this crosslinked polymer. This can be attributed to the bigger difference in the time scales and cooling rates between the experiments and simulations, and specially to the highly crosslinked infinite network feature. However, by adopting experimental densities appropriate for the corresponding temperatures, some important structural and dynamic features both below and above T g were revealed using constant-NVT MD simulations. The polymer system exhibited more local structural features in case of below T g than above T g , as suggested by some typical radial distribution functions and torsion angle distributions. Non-bond energy, not any other energy components in the used COMPASS forcefield, played the most important role in glass transition. An abrupt change occurring in the vicinity of T g was also observed in the plots of the mean squared displacements (MSDs) of the crosslinks against the temperature, indicating the great importance of crosslinks to glass transition. Rotational dynamics of some bonds in epoxy segments were also investigated, which exhibited great diversity along the chains between crosslinks. The reorientation functions of these bond vectors at higher temperatures can be well fitted by KohlrauscheWilliamseWatts (KWW) function.

Polymers Studied: Epoxy-amine polymer network from Diglycidyl Ether of Bisphenol A and Isophorone diamine
Properties Measured: density
Force Fields Used: COMPASS

Sample Data:
  - Epoxy-amine polymer network from Diglycidyl Ether of Bisphenol A and Isophorone diamine: density = 1.122

DOI: https://doi.org/10.1016/j.polymer.2007.07.019",paper,https://doi.org/10.1016/j.polymer.2007.07.019,Atomistic molecular simulations of structure and dynamics of crosslinked epoxy resin,Epoxy-amine polymer network from Diglycidyl Ether of Bisphenol A and Isophorone diamine,density,1
"Title: Behaviour of water/ethanol mixtures in the interfacial region of different polysiloxane membranes‚Äîa molecular dynamics simulation study

Abstract: Results from molecular dynamics (MD) simulations in the interfacial region of three polysiloxanes, polydimethylsiloxane (PDMS), polyoctylmethylsiloxane (POMS) and polymethylphenylsiloxane (PMPhS), and ethanol/water mixtures are reported. The behaviour of all polysiloxanes in contact with the same solvent composition is very similar. The ethanol molecules accumulate at the surface of the polysiloxanes and the polymers begin to swell. The diffusive movement of these partly sorbed ethanol molecules is strongly hindered in the direction of the water phase. Parallel to the polymer surface the diffusion of the ethanol is faster but still slower than in the free diffusion case. The ethanol molecules in the interfacial layer show a favourite orientation wherein the hydrophobic parts point in the direction of the polymer and the hydrophilic parts point in the direction of the water molecules. The ethanol concentration of the feed has a strong influence on the interfacial behaviour.

Polymers Studied: Polydimethylsiloxane, Polyoctylmethylsiloxane, Polymethylphenylsiloxane
Properties Measured: density
Force Fields Used: pcff

Sample Data:
  - Polydimethylsiloxane: density = 0.9517
  - Polyoctylmethylsiloxane: density = 0.9117
  - Polymethylphenylsiloxane: density = 1.1117

DOI: https://doi.org/10.1016/s0032-3861(97)00543-0",paper,https://doi.org/10.1016/s0032-3861(97)00543-0,Behaviour of water/ethanol mixtures in the interfacial region of different polysiloxane membranes‚Äîa molecular dynamics simulation study,"Polydimethylsiloxane, Polyoctylmethylsiloxane, Polymethylphenylsiloxane",density,3
"Title: Branched polyethylene/poly(ethylene oxide) as a host matrix for Li-ion battery electrolytes: A molecular dynamics study

Abstract: This article discusses the structural and dynamic properties of a model polymer electrolyte system suitable for Li-ion batteries, investigated by Molecular Dynamics simulations at 293 K. It consists of a non-polar polyethylene backbone, onto which polar oligomeric polyethylene oxide side-chains of length 4-15 EO units are attached. LiPF 6 salt is dissolved into the matrix to a concentration corresponding to a Li:EO ratio of 1:12. It is found that the system display significantly higher mobility values that linear PEO using the same concentration, which is attributed to the high side-chain dynamics and the polar/nonpolar topology of the system. An optimum side-chain length of 10 EO units is found for many properties, such as the dissolution of salt, although the Li + ion diffusion was found to be the highest for side-chain lengths of 15 EO units: 1.54 ‚àö√≥ 10 -13 m 2 s -1 .

Polymers Studied: Branched polyethylene/poly(ethylene oxide) with 4 EO units side-chain, Branched polyethylene/poly(ethylene oxide) with 6 EO units side-chain, Branched polyethylene/poly(ethylene oxide) with 8 EO units side-chain, Branched polyethylene/poly(ethylene oxide) with 10 EO units side-chain, Branched polyethylene/poly(ethylene oxide) with 12 EO units side-chain, Branched polyethylene/poly(ethylene oxide) with 15 EO units side-chain, Linear poly(ethylene oxide) with LiPF6 salt
Properties Measured: density, diffusion_coefficient
Force Fields Used: Custom all-atom polymer electrolyte force field (literature-derived)

Sample Data:
  - Branched polyethylene/poly(ethylene oxide) with 4 EO units side-chain: density = 0.885
  - Branched polyethylene/poly(ethylene oxide) with 4 EO units side-chain: diffusion_coefficient = 8.4e-14
  - Branched polyethylene/poly(ethylene oxide) with 6 EO units side-chain: density = 1.021
  - Branched polyethylene/poly(ethylene oxide) with 6 EO units side-chain: diffusion_coefficient = 9.5e-14
  - Branched polyethylene/poly(ethylene oxide) with 8 EO units side-chain: density = 1.098
  ... and 8 more measurements

DOI: https://doi.org/10.1016/j.electacta.2011.03.022",paper,https://doi.org/10.1016/j.electacta.2011.03.022,Branched polyethylene/poly(ethylene oxide) as a host matrix for Li-ion battery electrolytes: A molecular dynamics study,"Branched polyethylene/poly(ethylene oxide) with 4 EO units side-chain, Branched polyethylene/poly(ethylene oxide) with 6 EO units side-chain, Branched polyethylene/poly(ethylene oxide) with 8 EO units side-chain, Branched polyethylene/poly(ethylene oxide) with 10 EO units side-chain, Branched polyethylene/poly(ethylene oxide) with 12 EO units side-chain, Branched polyethylene/poly(ethylene oxide) with 15 EO units side-chain, Linear poly(ethylene oxide) with LiPF6 salt","density, diffusion_coefficient",13
"Title: Carbon Dioxide Solubility in Three Fluorinated Polyimides Studied by Molecular Dynamics Simulations

Abstract: Fluorinated polyimides are interesting polymer materials for gas separation applications because of their good mechanical, thermal, and transport properties. We have performed molecular dynamics simulations (MD) of CO 2 sorption and desorption in three fluorinated polyimides: 6FDA-6FpDA, 6FDA-6FmDA, and 6FDA-DAM. These polyimides are known to vary significantly in their gas permeation properties. A stepwise procedure was used to insert CO 2 molecules into the previously prepared polymer matrices in order to mimick the experimental procedure of progressive loading and to avoid the necessity of preswelling the samples. An iterative technique was then used to estimate the vapor pressure of CO 2 that would have to be applied in order to obtain the imposed uptake. The resulting sorption isotherms are found to be in relatively good agreement with their respective experimental curves, and the trend in solubility was reproduced (6FDA-DAM > 6FDA-6FpDA > 6FDA-6FmDA). Desorption isotherms were also calculated starting from systems corresponding to an applied pressure of 60 bar. Hysteresis was evident even upon immediate unloading. Changes in volume, void space, potential energies, etc., have been characterized and compared to experimental data and to theories of gas sorption and plasticization in glassy polymers.

Polymers Studied: Fluorinated polyimide from 6FDA and 6FpDA monomers, Fluorinated polyimide from 6FDA and 6FmDA monomers, Fluorinated polyimide from 6FDA and DAM monomers
Properties Measured: glass_transition_temp
Force Fields Used: TRIPOS 5.2

Sample Data:
  - Fluorinated polyimide from 6FDA and 6FpDA monomers: glass_transition_temp = 700
  - Fluorinated polyimide from 6FDA and 6FmDA monomers: glass_transition_temp = 600
  - Fluorinated polyimide from 6FDA and DAM monomers: glass_transition_temp = 700

DOI: https://doi.org/10.1021/ma902507d",paper,https://doi.org/10.1021/ma902507d,Carbon Dioxide Solubility in Three Fluorinated Polyimides Studied by Molecular Dynamics Simulations,"Fluorinated polyimide from 6FDA and 6FpDA monomers, Fluorinated polyimide from 6FDA and 6FmDA monomers, Fluorinated polyimide from 6FDA and DAM monomers",glass_transition_temp,3
"Title: Chain dynamics evolution of ethylene‚Äêpropylene‚Äêdiene monomer in response to hot humid and salt fog environment

Abstract: This work is dedicated to the mechanism underlying the influence of the harsh environment that may cause accelerated aging (high temperature, humidity, and salt spray) on the static and dynamics characteristics of ethylene-propylene-diene monomer (EPDM) copolymer. A molecular dynamics simulation was employed to provide an insight into the effects of the hot humid and salt fog environment on the micro and macroscopic properties. First, evidence shows that the T g obtained by fitting mean square displacement does not rely on the selection of the equilibrium time. Second, radial distribution function, chain configuration, and nonbonding interaction were analyzed and it is inferred that the ambient humidity and temperature show a significant synergy on the EPDM system, which is attributed to the aggregation state transition and diffusion behavior of partial water at high temperatures. Finally, water and salt were considered as two factors to explore the influence on the T g and the mobility of the molecular chain. It is concluded that the existence of water molecules significantly affects the chain dynamic behavior of EPDM, while salt is not regarded as an influencing factor. In general, our simulated work provides some insights and guidance for the durability of EPDM when used in harsh environments.

Polymers Studied: Ethylene-propylene-diene rubber (terpolymer of ethylene, propylene, and a diene monomer)
Properties Measured: glass_transition_temp
Force Fields Used: COMPASS

Sample Data:
  - Ethylene-propylene-diene rubber (terpolymer of ethylene, propylene, and a diene monomer): glass_transition_temp = 228.8
  - Ethylene-propylene-diene rubber (terpolymer of ethylene, propylene, and a diene monomer): glass_transition_temp = 218.5
  - Ethylene-propylene-diene rubber (terpolymer of ethylene, propylene, and a diene monomer): glass_transition_temp = 215

DOI: https://doi.org/10.1002/app.50724",paper,https://doi.org/10.1002/app.50724,Chain dynamics evolution of ethylene‚Äêpropylene‚Äêdiene monomer in response to hot humid and salt fog environment,"Ethylene-propylene-diene rubber (terpolymer of ethylene, propylene, and a diene monomer)",glass_transition_temp,3
"Title: Chain-Length Dependence of Polymer Dynamics: A Comparison of Results from Molecular Dynamics Simulations and Field-Cycling 1H NMR

Abstract: Performing molecular dynamics simulations for an all-atom force field, we study the segmental or, equivalently, R relaxation of poly(propylene oxide) chains consisting of N = 2-100 monomer units. In particular, we analyze the dependence of the R relaxation on molecular weight and temperature on the basis of incoherent intermediate scattering functions. For all studied chain lengths N, the temperature dependence is well described by a Vogel-Fulcher-Tammann behavior and time-temperature superposition is obeyed at sufficiently low temperatures T. When the molecular weight increases, time scale and stretching of the R relaxation smoothly increase until they saturate at N = 30-40, where the characteristic ratio reaches the limiting value C ¬¨‚Ä¢ and, hence, the chains start to show Gaussian conformation. The temperature-dependent R relaxation times collapse onto a master curve in a fragility plot, indicating that the high-temperature fragility of the model polymer is independent of the degree of polymerization. We determine to which extent the observed dependence of the segmental relaxation time on T and N can be traced back to excess free volume near chain ends within free-volume theory.

Polymers Studied: Poly(propylene oxide)
Properties Measured: glass_transition_temp
Force Fields Used: all-atom force field (Buckingham potential for van der Waals, Coulomb interactions)

Sample Data:
  - Poly(propylene oxide): glass_transition_temp = 287

DOI: https://doi.org/10.1021/ma101721d",paper,https://doi.org/10.1021/ma101721d,Chain-Length Dependence of Polymer Dynamics: A Comparison of Results from Molecular Dynamics Simulations and Field-Cycling 1H NMR,Poly(propylene oxide),glass_transition_temp,1
"Title: Coarse-Grained Molecular Dynamics Simulation of Polyethylene Terephthalate (PET)

Abstract: A coarse-grained (CG) model of poly(ethylene terephthalate) (PET) was developed and implemented in CG molecular dynamics (MD) simulations of PET chains with degree of polymerization up to 50. The CG potential is parametrized to structural distribution functions obtained from atomistic simulations [ J. Phys. Chem. B 2010, 114, 786] using an inversion procedure based on the Ornstein-Zernike equation with the Percus-Yevick approximation (OZPY) [ Phys. Rev. E 2010, 81, 061204]. The CGMD simulation of PET chains satisfactorily reproduces the structural and dynamic properties from atomistic MD simulation of the same systems. We report the average chain end-to-end distance and radius of gyration, relaxation time, selfdiffusivity, and zero-shear-rate-viscosity's dependence on degree of polymerization. For the longest chains, we find the scaling exponents of 0.51, 0.50, and -2.00 for average chain end-to-end distance, radius of gyration and self-diffusivity, respectively. The exponents are very close to the theoretical values of entangled polymer melt systems (0.50, 0.50, and -2.0). The study of entanglement in the longer chains shows that the tube diameter, number of monomers between entanglement points and interentanglement strand length are in close agreement with the reported values for an entangled PET melt.

Polymers Studied: Polyethylene Terephthalate
Properties Measured: density, diffusion_coefficient, radius_gyration, viscosity
Force Fields Used: HBB model, CG force field derived via OZPY⁻¹ inversion and fitted LJ 7–6 potentials.

Sample Data:
  - Polyethylene Terephthalate: density = 1.29
  - Polyethylene Terephthalate: density = 1.22
  - Polyethylene Terephthalate: diffusion_coefficient = 2.71e-10
  - Polyethylene Terephthalate: radius_gyration = 0.81
  - Polyethylene Terephthalate: viscosity = 0.001
  ... and 28 more measurements

DOI: https://doi.org/10.1021/ma102084a",paper,https://doi.org/10.1021/ma102084a,Coarse-Grained Molecular Dynamics Simulation of Polyethylene Terephthalate (PET),Polyethylene Terephthalate,"density, diffusion_coefficient, radius_gyration, viscosity",33
"Title: Coarse-grained molecular dynamics simulations of epoxy resin during the curing process

Abstract: Motivated by the need to establish a multiscale understanding of the mechanical and thermal properties of polymers used for nano-, meso-and macro-composites, we are presenting an investigation of the cross-linking process (associated with curing) of an epoxy phenol novolac and bisphenol-A melt system via coarse-grained molecular dynamics simulations. In particular, we are focusing on the associated structural and physical behaviors of the melts of different cross-linking degree under Couette and Poiseuille flow conditions. At the nanoscale, we also investigated the stress, heat flux and temperature fields that are computable from the quantities of the coarse-grained model of the epoxy resin melt with the extended Hardy's theory to multibody potentials. We have established that the epoxy resin chains tend to reorient along the direction of the imposed Couette flow, and the degree of alignment increases with the cross-linking degree and shear rate. The pronounced reorientation of cross-linked epoxy resin melts can be ascribed to the inter-bonded chains. This conformational change explains the shear thinning behaviors of cross-linked melts that initiate at low shear rates. The cross-linked melts under Poiseuille flow possess less pronounced velocity profiles, accompanied with the smaller temperature rise from the applied gravity force. Due to the size of the nanoscale channel height, the epoxy resin melts under Poiseuille flow can only be approximately predicted via the continuum theory. We have shown that the discrepancies between atomistic simulations and continuum predictions increase as the wall/epoxy interaction strength reduces. This study reveals the variations of important rheological properties during the cross-linking process and elucidates the roles played by the topological changes in the shear flow, thus can contribute to the design and manufacturing of the epoxy-resin based nanocomposites.

Polymers Studied: Epoxy Phenol Novolac Bisphenol A epoxy resin
Properties Measured: viscosity
Force Fields Used: Coarse-grained molecular dynamics (CGMD) model by Qu et al.

Sample Data:
  - Epoxy Phenol Novolac Bisphenol A epoxy resin: viscosity = 0.00258
  - Epoxy Phenol Novolac Bisphenol A epoxy resin: viscosity = 0.00488
  - Epoxy Phenol Novolac Bisphenol A epoxy resin: viscosity = 0.0113
  - Epoxy Phenol Novolac Bisphenol A epoxy resin: viscosity = 0.0199

DOI: https://doi.org/10.1016/j.commatsci.2015.04.022",paper,https://doi.org/10.1016/j.commatsci.2015.04.022,Coarse-grained molecular dynamics simulations of epoxy resin during the curing process,Epoxy Phenol Novolac Bisphenol A epoxy resin,viscosity,4
"Title: Coarse-grained molecular dynamics simulations of poly(ethylene terephthalate)

Abstract: We have constructed efficient coarse-grained (CG) models of poly(ethylene terephthalate) (PET), using three mapping schemes, in which a repeat unit is lumped into either three or four beads. The CG potentials are parameterized to reproduce target distributions of an underlying accurate atomistic model [H. Eslami and F. M‚àö¬∫ller-Plathe, Macromolecules 42, 8241-8250 (2009)]. The CG simulations allow equilibration of long PET chains at all length scales. The CG results on the density of PET in melt and glassy states, chain dimension, local packing, and structure factor are in good agreement with experiment. We have established a link between the glass transition temperature and the local movements including conformational transitions and mean-square displacements of chain segments. Temperature transferabilities of the three proposed models were studied by comparing CG results on the static and thermodynamic properties of a polymer with atomistic and experimental findings. One of the three CG models has a good degree of transferability, following all inter-and intra-structural rearrangements of the atomistic model, over a broad range of temperature. Furthermore, as a distinct point of strength of CG, over atomistic, simulations, we have examined the dynamics of PET long chains, consisting of 100 repeat units, over a regime where entanglements dominate the dynamics. Performing long-time (550 ns) CG simulations, we have noticed the signature of a crossover from Rouse to reptation dynamics. However, a clear separation between the Rouse and the reptation dynamics needs much longer time simulations, confirming the experimental findings that the crossover to full reptation dynamics is very protracted.

Polymers Studied: Poly(ethylene terephthalate)
Properties Measured: density, glass_transition_temp
Force Fields Used: Coarse-grained (CG) models derived from atomistic simulations, CG2 model, CG3 model, CG1 model

Sample Data:
  - Poly(ethylene terephthalate): density = 1.229
  - Poly(ethylene terephthalate): glass_transition_temp = 215
  - Poly(ethylene terephthalate): density = 1.22
  - Poly(ethylene terephthalate): glass_transition_temp = 275
  - Poly(ethylene terephthalate): density = 1.217
  ... and 2 more measurements

DOI: https://doi.org/10.1063/1.5145142",paper,https://doi.org/10.1063/1.5145142,Coarse-grained molecular dynamics simulations of poly(ethylene terephthalate),Poly(ethylene terephthalate),"density, glass_transition_temp",7
"Title: Coarse-grained molecular dynamics simulations of the tensile behavior of a thermosetting polymer

Abstract: Using a previously developed coarse-grained model, we conducted large-scale (‚àö√º85 ‚àö√≥ 85 ‚àö√≥ 85 nm 3 ) molecular dynamics simulations of uniaxial-strain deformation to study the tensile behavior of an epoxy molding compound, epoxy phenol novolacs (EPN) bisphenol A (BPA). Under the uniaxial-strain deformation, the material is found to exhibit cavity nucleation and growth, followed by stretching of the ligaments separated by the cavities, until the ultimate failure through ligament scissions. The nucleation sites of cavities are rather random and the subsequent cavity growth accounts for much (87%) of the volumetric change during the uniaxial-strain deformation. Ultimate failure of the materials occurs when the cavity volume fraction reaches ‚àö√º60%. During the entire deformation process, polymer strands in the network are continuously extended to their linear states and broken in the postyielding strain hardening stage. When most of the strands are stretched to their taut configurations, rapid scission of a large number of strands occurs within a small strain increment, which eventually leads to fracture. Finally, through extensive numerical simulations of various loading conditions in addition to uniaxial strain, we find that yielding of the EPN-BPA can be described by the pressure-modified von Mises yield criterion.

Polymers Studied: Epoxy phenol novolacs (EPN) bisphenol A (BPA)
Properties Measured: density, glass_transition_temp
Force Fields Used: coarse-grained (CG) model developed in Ref. [17] (with LJ + bonded quartic + angle terms and optimized parameters)

Sample Data:
  - Epoxy phenol novolacs (EPN) bisphenol A (BPA): density = 1.183
  - Epoxy phenol novolacs (EPN) bisphenol A (BPA): glass_transition_temp = 400

DOI: https://doi.org/10.1103/physreve.90.012601",paper,https://doi.org/10.1103/physreve.90.012601,Coarse-grained molecular dynamics simulations of the tensile behavior of a thermosetting polymer,Epoxy phenol novolacs (EPN) bisphenol A (BPA),"density, glass_transition_temp",2
"Title: Coarse-grained molecular-dynamics simulations of nanoparticle diffusion in polymer nanocomposites

Abstract: Molecular-dynamics simulations have emerged as an effective tool to characterize polymer systems. Molecular level effects (even on microsecond time scales) are nowadays well reproduced by atomistically detailed models. Beyond this, further insights into the properties of the polymer system at a mesoscopic level can be gained by resorting to simulations based on appropriate coarse-grained models. However, reducing the number of degrees of freedom during the coarse-graining procedure may have a significant impact on atomistic level effects. A common example is the overall enhancement of the diffusive motion of polymer chains in coarse-grained simulations, which arises from the reduced friction of the coarsegrained beads. In the present work we investigate this well-known effect and study how the diffusive properties of the nanoparticle are affected by the coarse-graining procedure. To this end, we apply iterative Boltzmann inversion to develop two coarse-grained models of a nanocomposite based on the thermoplastic polyimide R-BAPB, containing a single fullerene C 60 nanoparticle. By changing the size and, correspondingly, the total number of coarse-grained beads in each polymer chain, we can control the effect of chemical detalization on various phenomena. We exploit this idea to study the influence of the degree of detalization of polymer chains on their structural properties as well as on the diffusive properties of the fullerene nanoparticle, whose detalization is kept fixed. Although the structural properties of the coarse-grained systems are in good agreement with those of the fully atomistic system, the nanoparticle diffusion is significantly affected by the local chain structure. In particular, we find that the coarse-graining of the polymer chains on the length scale of the nanoparticle size leads to a full suppression of the subdiffusive regime observed in the fully atomistic system.

Polymers Studied: Polyimide R-BAPB (from Bisphenol A and Biphenyltetracarboxylic dianhydride), polyimide synthesized from dianhydride R and diamine BAPB
Properties Measured: density, radius_gyration
Force Fields Used: coarse-grained (CG) model developed in Ref. [17] (with LJ + bonded quartic + angle terms and optimized parameters), Fully atomistic (AA) model

Sample Data:
  - Polyimide R-BAPB (from Bisphenol A and Biphenyltetracarboxylic dianhydride): density = 1.216
  - Polyimide R-BAPB (from Bisphenol A and Biphenyltetracarboxylic dianhydride): radius_gyration = 4.2
  - Polyimide R-BAPB (from Bisphenol A and Biphenyltetracarboxylic dianhydride): density = 1.117
  - Polyimide R-BAPB (from Bisphenol A and Biphenyltetracarboxylic dianhydride): radius_gyration = 3.9
  - polyimide synthesized from dianhydride R and diamine BAPB: density = 1.207
  ... and 1 more measurements

DOI: https://doi.org/10.1016/j.polymer.2018.04.058",paper,https://doi.org/10.1016/j.polymer.2018.04.058,Coarse-grained molecular-dynamics simulations of nanoparticle diffusion in polymer nanocomposites,"Polyimide R-BAPB (from Bisphenol A and Biphenyltetracarboxylic dianhydride), polyimide synthesized from dianhydride R and diamine BAPB","density, radius_gyration",6
"Title: Coarse-graining scheme for simulating uniaxial stress-strain response of glassy polymers through molecular dynamics

Abstract: Simulation of the deformation of polymers below their glass transition through molecular dynamics provides an useful route to correlate their molecular architecture to deformation behavior. However, present computational capabilities severely restrict the time and length scales that can be simulated when detailed models of these macromolecules are used. Coarse-graining techniques for macromolecular structures intend to make bigger and longer simulations possible by grouping atoms into superatoms and devising ways of determining reasonable force fields for the superatoms in a manner that retains essential macromolecular features relevant to the process under study but jettisons unnecessary details. In this work we systematically develop a coarsegraining scheme aimed at simulating uniaxial stress-strain behavior of polymers below their glass transition. The scheme involves a two step process of obtaining the coarse grained force field parameters above glass transition. This seems to be enough to obtain ""faithful"" stress-strain responses after quenching to below the glass transition temperature. We apply the scheme developed to a commercially important polymer polystyrene, derive its complete force field parameters and thus demonstrate the effectiveness of the technique.

Polymers Studied: Polystyrene, Polystyrene 
Properties Measured: density, glass_transition_temp, youngs_modulus
Force Fields Used: United atom (Mondello et al.), Coarse-grained force field from force matching technique

Sample Data:
  - Polystyrene: density = 0.8
  - Polystyrene: glass_transition_temp = 355
  - Polystyrene: youngs_modulus = 3.6
  - Polystyrene : glass_transition_temp = 268

DOI: https://doi.org/10.1103/physreve.81.011803",paper,https://doi.org/10.1103/physreve.81.011803,Coarse-graining scheme for simulating uniaxial stress-strain response of glassy polymers through molecular dynamics,"Polystyrene, Polystyrene ","density, glass_transition_temp, youngs_modulus",4
"Title: Coarse‚Äêgrained A‚Äêgraft‚ÄêB model of poly(lactic acid) for molecular dynamics simulations

Abstract: A mesoscopic model of poly(lactic acid) is developed where the polymer is represented as an A-graft-B chain with monomer units consisting of two covalently connected beads. A coarse-graining algorithm is proposed to convert an atomistic model of PLA into a coarse-grained one. The developed model is based on atomistic simulations of oligolactides to take into account terminal groups correctly. It was used for coarse-grained simulations of polylactide. Gyration radii and end to end distances of polymer chains as well as the density of the polymer melt are shown to be in a good agreement with those obtained from atomistic simulations. The thermal expansion coefficients of the OLA melts calculated using the coarse-grained model are in reasonable agreement with those obtained from all-atom molecular dynamics. The model provides a 17-fold speedup compared with atomistic calculations.

Polymers Studied: Poly(lactic acid) (PLA)
Properties Measured: density, radius_gyration
Force Fields Used: Coarse grainde model

Sample Data:
  - Poly(lactic acid) (PLA): density = 0.9843
  - Poly(lactic acid) (PLA): radius_gyration = 4.1

DOI: https://doi.org/10.1002/polb.24567",paper,https://doi.org/10.1002/polb.24567,Coarse‚Äêgrained A‚Äêgraft‚ÄêB model of poly(lactic acid) for molecular dynamics simulations,Poly(lactic acid) (PLA),"density, radius_gyration",2
"Title: Coarse‚Äêgrained molecular dynamics simulations of stereoregular poly(methyl methacrylate)/poly(vinyl chloride) blends

Abstract: The stereoregular poly(methyl methacrylate)/poly(vinyl chloride) blends with a wide formulation range are extensively simulated using the coarse-grained (CG) molecular dynamics (MD) method. To improve the representability, the bonded CG potentials are re-parameterized against the atomistic simulated melt systems whereas the nonbonded CG potentials are adopted as developed in our previous work. Based on the CG potentials, the MD simulations reproduce all the local distributions of pure systems and the miscibility of mixed systems. Moreover, the global conformational properties are also closer to the target ones than those obtained using the previous CG potentials. The changes in density and volume upon mixing are computed together with the energies of mixing. They are all negative over the entire composition range and indicate stronger intermolecular interactions between distinct components than those between identical components. In particular, it is found that upon mixing the changes in density are insensible to chain tacticity but the changes in volume and the energies of mixing do, which quantitatively confirms that both inter-molecular interactions and free-volumes mainly contribute to the observed phase behaviors. Such models and methods reported herein can be used to quickly optimize formulations of polymer blends. V

Polymers Studied: Isotactic Poly(methyl methacrylate), Syndiotactic Poly(methyl methacrylate), Isotactic Poly(vinyl chloride)
Properties Measured: density, radius_gyration
Force Fields Used: OPLS-AA, CG (reparameterized)

Sample Data:
  - Isotactic Poly(methyl methacrylate): density = 1.0517
  - Isotactic Poly(methyl methacrylate): radius_gyration = 0.907
  - Isotactic Poly(methyl methacrylate): density = 1.1235
  - Isotactic Poly(methyl methacrylate): radius_gyration = 0.849
  - Syndiotactic Poly(methyl methacrylate): density = 1.0451
  ... and 7 more measurements

DOI: https://doi.org/10.1002/polb.23608",paper,https://doi.org/10.1002/polb.23608,Coarse‚Äêgrained molecular dynamics simulations of stereoregular poly(methyl methacrylate)/poly(vinyl chloride) blends,"Isotactic Poly(methyl methacrylate), Syndiotactic Poly(methyl methacrylate), Isotactic Poly(vinyl chloride)","density, radius_gyration",12
"Title: Combination of Hybrid Particle-Field Molecular Dynamics and Slip-Springs for the Efficient Simulation of Coarse-Grained Polymer Models- Static and Dynamic Properties of Polystyrene Melts

Abstract: A quantitative prediction of polymer-entangled dynamics based on molecular simulation is a grand challenge in contemporary computational material science. The drastic increase of relaxation time and viscosity in high-molecular-weight polymeric fluids essentially limits the usage of classic molecular dynamics simulation. Here, we demonstrate a systematic coarse-graining approach for modeling entangled polymers under the slip-spring particle-field scheme. Specifically, a frequency-controlled slip-spring model, a hybrid particle-field model, and a coarse-grained model of polystyrene melts are combined into a hybrid simulation technique. Via a rigorous parameterization strategy to determine the parameters in slip-springs from existing experimental or simulation data, we show that the reptation behavior is clearly observed in multiple characteristics of polymer dynamics, mean-square displacements, diffusion coefficients, reorientational relaxation, and Rouse mode analysis, consistent with the predictions of the tube theory. All dynamical properties of the slip-spring particle-field models are in good agreement with classic molecular dynamics models. Our work provides an efficient and practical approach to establish chemical-specific coarse-grained models for predicting polymer-entangled dynamics.

Polymers Studied: Polystyrene, Polystyrene (N=100), Polystyrene (N=200), Polystyrene (N=400), Polystyrene (N=750)
Properties Measured: density
Force Fields Used: CG MD, A coarse-grained polystyrene force field developed by Qian et al, CG model by Qian et al.

Sample Data:
  - Polystyrene: density = 0.96
  - Polystyrene (N=100): density = 0.96
  - Polystyrene (N=200): density = 0.96
  - Polystyrene (N=400): density = 0.96
  - Polystyrene (N=750): density = 0.96
  ... and 6 more measurements

DOI: https://doi.org/10.1021/acs.jctc.0c00954",paper,https://doi.org/10.1021/acs.jctc.0c00954,Combination of Hybrid Particle-Field Molecular Dynamics and Slip-Springs for the Efficient Simulation of Coarse-Grained Polymer Models- Static and Dynamic Properties of Polystyrene Melts,"Polystyrene, Polystyrene (N=100), Polystyrene (N=200), Polystyrene (N=400), Polystyrene (N=750)",density,11
"Title: Comparison of Crosslinking Algorithms in Molecular Dynamics Simulation of Thermosetting Polymers

Abstract: The generation of fully cross-linked structure is a central task in molecular dynamics simulations of thermosetting polymers. Several algorithms for generating such structures exist, but it is so far not clear what impact the choice of algorithm has on thermal and material properties one typically wants to use simulations to predict. We generated cross-linked systems comprised of stoichiometric amounts of diglycidyl ether of bisphenol A and poly(oxyproplylene) diamine using two methods: (1) a single-step approach, in which crosslink bonds are assigned based on a Monte-Carlo algorithm that minimizes aggregate bond lengths, and (2) a multi-step approach, which uses an incrementally increasing capture radius to identify bonding partners. The choice of cross-linking method has only a minimal impact on thermal and mechanical properties. The minimum nitrogen-to-nitrogen contour-length distributions are also insensitive to the method. However, significant differences were found in the molecular weight distribution of fragments formed by cutting each POP cross-linker between the amines: the single-step method results in fewer, larger fragments compared to the multi-step method. This indicates that the networks formed by the two methods are qualitatively different, and underscores the need for further studies to characterize the influence of polymer network connectivity both in simulations and experiments.

Polymers Studied: DGEBA-POP — DGEBA–poly(oxypropylene) epoxy network
Properties Measured: density, glass_transition_temp, youngs_modulus
Force Fields Used: GAFF

Sample Data:
  - DGEBA-POP — DGEBA–poly(oxypropylene) epoxy network: density = 1.13
  - DGEBA-POP — DGEBA–poly(oxypropylene) epoxy network: glass_transition_temp = 446
  - DGEBA-POP — DGEBA–poly(oxypropylene) epoxy network: youngs_modulus = 5.36
  - DGEBA-POP — DGEBA–poly(oxypropylene) epoxy network: density = 1.13
  - DGEBA-POP — DGEBA–poly(oxypropylene) epoxy network: glass_transition_temp = 441
  ... and 9 more measurements

DOI: https://doi.org/10.1002/mats.201400094",paper,https://doi.org/10.1002/mats.201400094,Comparison of Crosslinking Algorithms in Molecular Dynamics Simulation of Thermosetting Polymers,DGEBA-POP — DGEBA–poly(oxypropylene) epoxy network,"density, glass_transition_temp, youngs_modulus",14
"Title: Comparisons between integral equation theory and molecular dynamics simulations for realistic models of polyethylene liquids

Abstract: Molecular dynamics √ï√´MD√ï√≠ simulations were performed on dense liquids of polyethylene chains of 24 and 66 united atom CH 2 units. A series of models was studied ranging in atomistic detail from coarse-grained, freely-jointed, tangent site chains to realistic, overlapping site models subjected to bond angle restrictions and torsional potentials. These same models were also treated with the self-consistent, polymer reference interaction site model √ï√´PRISM√ï√≠ theory. The intramolecular and total structure factors, as well as, the intermolecular radial distribution functions g(r) and direct correlation functions C(r) were obtained from theory and simulation. Angular correlation functions were also obtained from the MD simulations. Comparisons between theory and simulation reveal that PRISM theory works well for computing the intermolecular structure of coarse-grained chain models, but systematically underpredicts the extent of intermolecular packing, and overpredicts the compressibility, as more realistic details are introduced into the model. We found that the PRISM theory could be considerably improved by adding a tail function to C(r) beyond the effective hard core diameter. The range of this tail function was determined by requiring the theory to yield the correct compressibility. The intermolecular radial distribution functions from this modified PRISM theory were in excellent agreement with g(r)'s obtained from the simulations.

Polymers Studied: Polyethylene
Properties Measured: radius_gyration
Force Fields Used: united atom model with Lennard-Jones potential, united atom model with repulsive Lennard-Jones potential, united atom model with repulsive Lennard-Jones potential, free rotation

Sample Data:
  - Polyethylene: radius_gyration = 1.334
  - Polyethylene: radius_gyration = 1.335
  - Polyethylene: radius_gyration = 0.675
  - Polyethylene: radius_gyration = 0.67
  - Polyethylene: radius_gyration = 0.692

DOI: https://doi.org/10.1063/1.480335",paper,https://doi.org/10.1063/1.480335,Comparisons between integral equation theory and molecular dynamics simulations for realistic models of polyethylene liquids,Polyethylene,radius_gyration,5
"Title: Compatibility of polyvinyl alcohol and poly(methyl vinyl ether-co-maleic acid) blends estimated by molecular dynamics

Abstract: The CSIR has developed a novel oxygen barrier technology for plastics packaging based on interpolymer complex formation between PVOH (polyvinyl alcohol) and PMVE-MA (poly(methyl vinyl ether-co-maleic acid)). As interpolymer complexation interactions are strongly dependent on stoichiometric ratios, the estimation of the optimum blend ratio is an important component of blend design.This study used molecular dynamics modelling to predict the ratio of optimum interaction for PVOH:PMVE-MA blends. Amorphous cells were constructed containing blends of short-chain repeat units of PVOH and PMVE-MA. The oligomers were equilibrated using both NVT and NPT dynamics and the cohesive energy densities (CED's) of the models were computed. From the CED's, energies of mixing and Flory-Huggins Chi Parameter (c) values were estimated.The c-values were negative for all blends, indicating favorable interaction between the two polymers. The minimum c-values were found around 0.6-0.7 mass fraction of PMVE-MA, which agrees well with experimental viscosity results (this work), which indicated optimum interaction around 0.7 mass fraction PMVE-MA. These results confirm that molecular dynamics can be used as a tool for investigating interpolymer complexation phenomena.

Polymers Studied: Polyvinyl Alcohol (PVOH), Poly(methyl vinyl ether-co-maleic acid), Polyvinyl Alcohol / Poly(methyl vinyl ether-co-maleic acid) blend
Properties Measured: density
Force Fields Used: COMPASS

Sample Data:
  - Polyvinyl Alcohol (PVOH): density = 1.113
  - Poly(methyl vinyl ether-co-maleic acid): density = 1.315
  - Polyvinyl Alcohol / Poly(methyl vinyl ether-co-maleic acid) blend: density = 1.232

DOI: https://doi.org/10.1016/j.polymer.2005.03.121",paper,https://doi.org/10.1016/j.polymer.2005.03.121,Compatibility of polyvinyl alcohol and poly(methyl vinyl ether-co-maleic acid) blends estimated by molecular dynamics,"Polyvinyl Alcohol (PVOH), Poly(methyl vinyl ether-co-maleic acid), Polyvinyl Alcohol / Poly(methyl vinyl ether-co-maleic acid) blend",density,3
"Title: Compression-induced transformation of aldehydes into polyethers: A first-principles molecular dynamics study

Abstract: First-principles molecular dynamics simulations are used to investigate the behavior of bulk acetaldehyde √ï√´MeCHO√ï√≠ under conditions of increasing pressure. The results demonstrate that increasing pressure causes the aldehydes to polymerize, yielding polyethers through a process involving the rapid formation of C u O bonds between multiple neighboring MeCHO molecules. Attempts to induce polyether formation at different densities through the application of geometric constraints show that polymerization occurs only once a critical density of ≈ì‚â•1.7 g / cm 3 has been reached. The results of simulations performed at several different temperatures are also consistent with a process that is induced by reaching a critical density. The origins of this effect are rationalized in terms of the structural requirements for the formation of C u O bonds between multiple MeCHO molecules in rapid succession. Specifically, the collective formation of C u O bonds requires the typical distance between the sp 2 carbon atoms and oxygen atoms in neighboring MeCHO molecules to reach a value of approximately 2.5 ‚àö√ñ. Radial distribution functions calculated at different densities show that this structural requirement is reached when the density is near the observed threshold. The observed reaction may be useful in the context of lubrication, with polyethers being effective lubricants and the extreme conditions experienced in sliding contacts providing the ability to reach the high densities needed to induce the reaction. In this context, the calculations indicate that polyether formation is associated with significant energy dissipation, while energy dissipation is minimal once the polyethers are formed. Furthermore, the polyethers are stable with respect to multiple compression/decompression cycles and pressures of at least 60 GPa.

Polymers Studied: Polyether from acetaldehyde (MeCHO)
Properties Measured: density
Force Fields Used: First-principles molecular dynamics (FPMD)

Sample Data:
  - Polyether from acetaldehyde (MeCHO): density = 1.7
  - Polyether from acetaldehyde (MeCHO): density = 1.84

DOI: https://doi.org/10.1063/1.3374410",paper,https://doi.org/10.1063/1.3374410,Compression-induced transformation of aldehydes into polyethers: A first-principles molecular dynamics study,Polyether from acetaldehyde (MeCHO),density,2
"Title: Concentration Dependence of Water Dynamics in Poly(Ethylene Oxide)/Water Solutions from Molecular Dynamics Simulations

Abstract: We have performed molecular dynamics simulations of aqueous solutions of poly(ethylene oxide) (PEO) in order to investigate the influence of the polymer on water dynamics. Simulations were performed on 12 repeat unit CH 3 -capped PEO chains (530 Da) at 318 K covering a composition range (polymer weight fraction) from 0.17 to 1.0. The simulations employed an ab initio quantum-chemistry-based PEO/water and PEO/PEO force field together with the TIP4P (four-point transferable intermolecular potential) water model. Water translational and rotational diffusion were found to slow monotonically, whereas water-water and waterether hydrogen bond lifetimes increased with increasing polymer concentration. The slowing of water dynamics in PEO/water solutions was associated with PEO-water interactions that are moderated in concentrated solutions by the formation of water clusters. Water translational motion could be ascribed to a combination of free water (water not involved with PEO hydration) that exhibited bulklike water dynamics and bound (hydrating water) whose motion was strongly correlated with that of the PEO molecule. Water rotational motion was found to be strongly correlated with translation motion and exhibited increasing anisotropy with increasing PEO concentration indicative of preferred rotation of the water molecules around their dipole moment vector. At high PEO concentration, water and ether oxygen atoms exhibited well pronounced subdiffusive behavior occurring on a picosecond time scale that disappears upon dilution. The characteristic length scale for the water subdiffusive behavior associated with water caging correlates well with nearestneighbor ether oxygen-ether oxygen distance.

Polymers Studied: Poly(ethylene oxide)
Properties Measured: diffusion_coefficient
Force Fields Used: Quantum-chemistry-based PEO/PEO and PEO/water force field with TIP4P water model

Sample Data:
  - Poly(ethylene oxide): diffusion_coefficient = 3.4e-10
  - Poly(ethylene oxide): diffusion_coefficient = 2.4e-10

DOI: https://doi.org/10.1021/jp012949t",paper,https://doi.org/10.1021/jp012949t,Concentration Dependence of Water Dynamics in Poly(Ethylene Oxide)/Water Solutions from Molecular Dynamics Simulations,Poly(ethylene oxide),diffusion_coefficient,2
"Title: Confinement effects on the thermal stability of poly(ethylene oxide)/graphene nanocomposites: A reactive molecular dynamics simulation study

Abstract: Nonisothermal and isothermal decomposition of poly(ethylene oxide) (PEO) loaded with different concentrations of pristine graphene (PG) and graphene oxide (GO) nanoplatelets were investigated using reactive molecular dynamics simulation. The onset of nonisothermal decomposition of the PG-loaded PEO system was the highest among all systems, suggesting that introducing PG to the polymer improves its thermal stability (an effect that increases with an increase in the PG concentration). At low concentration, introducing GO to the polymer brings about a deterioration of the thermal stability of the polymer consistent with experimental findings. On average, the activation energy for the isothermal decomposition of PG-loaded PEO system increases by 60% over that of the neat PEO system, while it decreases by 40% for the GO-loaded PEO system. A time-dependent analysis of the through-thickness decomposition profile of the above systems reveals that the polymer confined between the PG sheets exhibit a higher thermal stability compared to the bulk polymer. However, an opposite effect is observed with the polymer confined between the GO sheets. The latter observation is attributed to accelerated polymer chain scission in confined regions due to the ejection of reactive hydroxyl radicals from the GO surface during the early stages of thermal decomposition. V

Polymers Studied: Poly(ethylene oxide), Poly(ethylene oxide)-2PG, Poly(ethylene oxide)-2GO, Poly(ethylene oxide)-4PG, Poly(ethylene oxide)-4GO
Properties Measured: density
Force Fields Used: COMPASS

Sample Data:
  - Poly(ethylene oxide): density = 1.15
  - Poly(ethylene oxide)-2PG: density = 1.21
  - Poly(ethylene oxide)-2GO: density = 1.2
  - Poly(ethylene oxide)-4PG: density = 1.26
  - Poly(ethylene oxide)-4GO: density = 1.24

DOI: https://doi.org/10.1002/polb.24355",paper,https://doi.org/10.1002/polb.24355,Confinement effects on the thermal stability of poly(ethylene oxide)/graphene nanocomposites: A reactive molecular dynamics simulation study,"Poly(ethylene oxide), Poly(ethylene oxide)-2PG, Poly(ethylene oxide)-2GO, Poly(ethylene oxide)-4PG, Poly(ethylene oxide)-4GO",density,5
"Title: Conformational Characteristics of Polymethylene Chains in Melts and in Various Phantom Chains from Explicit Atom Molecular Dynamics Simulations

Abstract: Conformer populations, mean-square chain dimensions, and end-to-end distance distributions for polymethylene (PM) chains, H(CH2)nH with n ) 13, 44, and 100, in melts and in various phantom chains have been studied using a parallel computational method of molecular (and Brownian) dynamics simulations with a well-calibrated explicit atom force field. The specific volume-temperature properties of the simulated melt systems are in excellent agreement with experiments. Conformational characteristics of PM chains in melts are identical to those of 1,5 phantom chains, characterized by short-range intramolecular interactions between the atoms separated by up to four skeletal bonds, which correspond to unperturbed chains in ≈í√≤ solvents according to recent implicit solvent model results of Sariban et al. and Destre ¬¨¬•e et al. Moreover, a Gaussian approximation of end-to-end distance distributions is found to be valid only for long PM chains with n greater than 100. According to our simulation results, the characteristic ratio C‚Äö√†√ª for unperturbed polyethylene chains is found to be ca. 7.9 at 413 K. This value is larger than the generally accepted value, 6.8 (derived from intrinsic viscosity data for relatively polydisperse polyethylene samples), but is corroborated by recent small angle neutron scattering results (7.8 ( 0.4) for melt chains of nearly monodisperse samples. The fact that PM chains exhibit identical conformational characteristics in melts, 1,5 phantom chains, and ≈í√≤ solvents is attributed to the lack of any correlation between local chain conformations and (polymer-polymer or polymer-solvent) intermolecular attractions. Departures from such an ideal behavior seen for other polymers are also discussed.

Polymers Studied: Polymethylene (C44H90), Polymethylene (C44H90) melt chains, Polymethylene (C44H90) 1,5 phantom chains
Properties Measured: radius_gyration
Force Fields Used: Explicit Atom (EA)

Sample Data:
  - Polymethylene (C44H90): radius_gyration = 0.975
  - Polymethylene (C44H90) melt chains: radius_gyration = 0.975
  - Polymethylene (C44H90) 1,5 phantom chains: radius_gyration = 0.98

DOI: https://doi.org/10.1021/ma961772b",paper,https://doi.org/10.1021/ma961772b,Conformational Characteristics of Polymethylene Chains in Melts and in Various Phantom Chains from Explicit Atom Molecular Dynamics Simulations,"Polymethylene (C44H90), Polymethylene (C44H90) melt chains, Polymethylene (C44H90) 1,5 phantom chains",radius_gyration,3
"Title: Conformational and Structural Relaxations of Poly(ethylene oxide) and Poly(propylene oxide) Melts: Molecular Dynamics Study of Spatial Heterogeneity, Cooperativity, and Correlated Forward‚ÄìBackward Motion

Abstract: Performing molecular dynamics simulations for all-atom models, we characterize the conformational and structural relaxations of poly(ethylene oxide) and poly(propylene oxide) melts. The temperature dependence of these relaxation processes deviates from an Arrhenius law for both polymers. We demonstrate that modecoupling theory captures some aspects of the glassy slowdown, but it does not enable a complete explanation of the dynamical behavior. When the temperature is decreased, spatially heterogeneous and cooperative translational dynamics are found to become more important for the structural relaxation. Moreover, the transitions between the conformational states cease to obey Poisson statistics. In particular, we show that, at sufficiently low temperatures, correlated forward-backward motion is an important aspect of the conformational relaxation, leading to strongly nonexponential distributions for the waiting times of the dihedrals in the various conformational states.

Polymers Studied: Poly(ethylene oxide), Polypropylene oxide
Properties Measured: density, glass_transition_temp
Force Fields Used: FF-3

Sample Data:
  - Poly(ethylene oxide): density = 1.01-1.12
  - Poly(ethylene oxide): glass_transition_temp = 179
  - Polypropylene oxide: density = 0.89-1.05
  - Polypropylene oxide: glass_transition_temp = 175-179

DOI: https://doi.org/10.1021/ma7024072",paper,https://doi.org/10.1021/ma7024072,"Conformational and Structural Relaxations of Poly(ethylene oxide) and Poly(propylene oxide) Melts: Molecular Dynamics Study of Spatial Heterogeneity, Cooperativity, and Correlated Forward‚ÄìBackward Motion","Poly(ethylene oxide), Polypropylene oxide","density, glass_transition_temp",4
"Title: Crosslink network rearrangement via reactive encapsulation of solvent in epoxy curing: A combined molecular simulation and experimental study

Abstract: Encapsulation of solvent during cure is proposed as one way to alter the network topology of crosslinked polymers. We performed all-atom molecular dynamics simulations to study systems comprised of Epon828 epoxy resin and Jeffamine-D400 diamine crosslinkers cured with varying amounts of the inert solvent dichloromethane (0-50 wt%) and then dried and annealed. Densities, glass transition temperatures, and Young's moduli are observed to be insensitive to the initial amount of dichloromethane. These findings were verified by experiment.Simulations also showed that radial distribution functions and dihedral angle distributions were insensitive to the amount of dichloromethane present. However, using Dijkstra's algorithm, we observed that the distribution of minimum path lengths between crosslinks shifts appreciably to larger values as the amount of dichloromethane increases. This suggests that solventencapsulated curing can allow for control over network topology without changing crosslink density or intermolecular packing, and the properties derived from it, in highly crosslinked polymers.

Polymers Studied: Epon 828 (Diglycidyl ether of bisphenol A)
Properties Measured: density, glass_transition_temp, youngs_modulus
Force Fields Used: GAFF

Sample Data:
  - Epon 828 (Diglycidyl ether of bisphenol A): density = 1.104
  - Epon 828 (Diglycidyl ether of bisphenol A): glass_transition_temp = 420
  - Epon 828 (Diglycidyl ether of bisphenol A): youngs_modulus = 4.5
  - Epon 828 (Diglycidyl ether of bisphenol A): density = 1.106
  - Epon 828 (Diglycidyl ether of bisphenol A): glass_transition_temp = 417
  ... and 19 more measurements

DOI: https://doi.org/10.1016/j.polymer.2014.06.022",paper,https://doi.org/10.1016/j.polymer.2014.06.022,Crosslink network rearrangement via reactive encapsulation of solvent in epoxy curing: A combined molecular simulation and experimental study,Epon 828 (Diglycidyl ether of bisphenol A),"density, glass_transition_temp, youngs_modulus",24
"Title: Dependence of Ion Dynamics on the Polymer Chain Length in Poly(ethylene oxide)-Based Polymer Electrolytes

Abstract: It is known from experiments that in the polymer electrolyte system, which contains poly(ethylene oxide) chains (PEO), lithium-cations (Li + ), and bis-(trifluoromethanesulfonyl)imide-anions (TFSI -), the cation and the anion diffusion and the ionic conductivity exhibit a similar chain-length dependence: with increasing chain length, they start dropping steadily, and later, they saturate to constant values. These results are surprising because Li-cations are strongly correlated with the polymer chains, whereas TFSIanions do not have such bonding. To understand this phenomenon, we perform molecular dynamics simulations of this system for four different polymer chain lengths. The diffusion results obtained from our simulations display excellent agreement with the experimental data. The cation transport model based on the Rouse dynamics can successfully quantify the Lidiffusion results, which correlates Li diffusion with the polymer center-of-mass motion and the polymer segmental motion. The ionic conductivity as a function of the chain length is then estimated based on the chain-length-dependent ion diffusion, which shows a temperature-dependent deviation for short chain lengths. We argue that in the first regime, counterion correlations modify the conductivity, whereas for the long chains, the system behaves as a strong electrolyte.

Polymers Studied: Polyethylene Oxide
Properties Measured: density
Force Fields Used: Amber many body polarizable force field

Sample Data:
  - Polyethylene Oxide: density = 1.127
  - Polyethylene Oxide: density = 1.127
  - Polyethylene Oxide: density = 1.127
  - Polyethylene Oxide: density = 1.127
  - Polyethylene Oxide: density = 1.127
  ... and 1 more measurements

DOI: https://doi.org/10.1021/jp512734g",paper,https://doi.org/10.1021/jp512734g,Dependence of Ion Dynamics on the Polymer Chain Length in Poly(ethylene oxide)-Based Polymer Electrolytes,Polyethylene Oxide,density,6
"Title: Detailed Molecular Dynamics Simulations of a Model NaPSS in Water

Abstract: Hydrophobic polyelectrolytes are known to form necklace-like structures of dense beads connected by strings of monomers. This structure appears as a result of optimization of the electrostatic and short-range interactions. To elucidate the effect of counterion condensation and solvent on polyelectrolyte conformations, we performed two sets of molecular dynamics simulations of model poly(styrene)-co-styrene sodium sulfonate (NaPSS) chains with the degree of polymerization N ) 16-64 and fraction of charged monomers f ) 0.25-1 in aqueous solutions: (1) water molecules were considered explicitly using the TIP3P-PME model and ( 2) water molecules were modeled as a dielectric continuum with the dielectric constant 77.73. Our simulations showed that with increasing fraction of sulfonated groups f a polystyrene sulfonate chain adopts an elongated conformation. There is a transition between collapsed and elongated states which is manifested in the change of the scaling dependence of the chain size on the degree of polymerization. The effect of the water-ion interactions on counterion condensation was analyzed by comparing the radial distribution functions between the sulfonated groups and counterions for chains with different f values. In the case of the collapsed NaPSS chains, it was found that ionized groups are located at the globular surface.

Polymers Studied: poly(styrene)-co-styrene sodium sulfonate (NaPSS)
Properties Measured: density
Force Fields Used: AMBER 94 + GAFF + united atom model for backbone

Sample Data:
  - poly(styrene)-co-styrene sodium sulfonate (NaPSS): density = 1.13
  - poly(styrene)-co-styrene sodium sulfonate (NaPSS): density = 1.08
  - poly(styrene)-co-styrene sodium sulfonate (NaPSS): density = 1.08
  - poly(styrene)-co-styrene sodium sulfonate (NaPSS): density = 1.08
  - poly(styrene)-co-styrene sodium sulfonate (NaPSS): density = 1.09
  ... and 8 more measurements

DOI: https://doi.org/10.1021/jp101978k",paper,https://doi.org/10.1021/jp101978k,Detailed Molecular Dynamics Simulations of a Model NaPSS in Water,poly(styrene)-co-styrene sodium sulfonate (NaPSS),density,13
"Title: Developing predictive models for polycyanurates through a comparative study of molecular simulation and empirical thermo-mechanical data

Abstract: Using a parameter set (RDA-DR2.21_Inv) previously published by our group, both the atom-to-atom connectivities and geometries and the physical and mechanical properties of poly[bis-4-(4-cyanatophenoxy)phenyl sulphone] have been simulated with remarkable accuracy. Molecular dynamics simulation, carried out on the polymer structure at a variety of experimental temperatures, yields a transition temperature of ca. 510-520 K, which can be equated with the empirical glass transition temperature (T g ) for the polycyanurate. The same dicyanate was prepared experimentally and characterised using dynamic mechanical analysis (yielding an empirical T g of ca. 519 K) and thermo-mechanical analysis (yielding an empirical T g of 508-528 K). The effect of incomplete cure of the monomer or development of structural defects in the network on the thermo-mechanical properties is also examined using molecular simulation.

Polymers Studied: poly[bis-4-(4-cyanatophenoxy)phenyl sulphone]
Properties Measured: density, glass_transition_temp, youngs_modulus
Force Fields Used: RDA-DR2.21_Inv

Sample Data:
  - poly[bis-4-(4-cyanatophenoxy)phenyl sulphone]: density = 1.2
  - poly[bis-4-(4-cyanatophenoxy)phenyl sulphone]: glass_transition_temp = 510-520
  - poly[bis-4-(4-cyanatophenoxy)phenyl sulphone]: youngs_modulus = 3.38
  - poly[bis-4-(4-cyanatophenoxy)phenyl sulphone]: glass_transition_temp = 450

DOI: https://doi.org/10.1016/j.polymer.2005.11.082",paper,https://doi.org/10.1016/j.polymer.2005.11.082,Developing predictive models for polycyanurates through a comparative study of molecular simulation and empirical thermo-mechanical data,poly[bis-4-(4-cyanatophenoxy)phenyl sulphone],"density, glass_transition_temp, youngs_modulus",4
"Title: Dielectric ≈í¬±-relaxation of 1,4-polybutadiene confined between graphite walls

Abstract: We present results of Molecular Dynamics (MD) simulations of a chemically realistic model of 1,4-polybutadiene confined by crystalline graphite walls. The simulations cover a large range of temperatures from T ‚Äö√¢√† 2T g to T ‚Äö√¢√† 1.15Tg, where relevant time scales are accessible using such computational methods. We investigate the dielectric relaxation close to the walls in comparison to the one in the center of the film, and study the latter as a function of the film thickness from the walls. The segmental dynamics in the film is slowed down close to the walls, in comparison to the bulk. In addition to the ≈í¬±-process, the relaxation exhibits an additional long time decay, the so-called wall desorption process. We focus here on the ≈í¬±-process and find no significant shift of the dielectric T g as a function of layer thickness, in agreement with recent dielectric experiments. These findings can be correlated with the importance of the dihedral dynamics for all relaxation processes in polymers, which is unaltered except for the first nanometer next to the walls.

Polymers Studied: 1,4-Polybutadiene
Properties Measured: glass_transition_temp
Force Fields Used: Smith–Paul type UA

Sample Data:
  - 1,4-Polybutadiene: glass_transition_temp = 175

DOI: https://doi.org/10.1140/epje/i2015-15037-0",paper,https://doi.org/10.1140/epje/i2015-15037-0,"Dielectric ≈í¬±-relaxation of 1,4-polybutadiene confined between graphite walls","1,4-Polybutadiene",glass_transition_temp,1
"Title: Differences in the Solid-State Structures of Single-Site and Ziegler‚Äö√†√≠Natta Linear Low-Density Polyethylenes As Revealed by Molecular Dynamics Simulation

Abstract: Molecular dynamics (MD) simulations were carried out to study the solid-state structures of singlesite (ss) and Ziegler-Natta (ZN) linear low-density polyethylenes (LLDPE) at a temperature slightly below their melting temperatures. The two bulk state models, used to represent the polymers, possessed the same average branch content (10 hexyl branches per 1000 backbone carbons) but with different degrees of interchain branch distribution homogeneity. Both models were first equilibrated at 463 K (i.e., 190 ¬¨‚àûC) for several nanoseconds, and the resultant structures, which were found to be representative of the corresponding liquid-state structures, were then used as the initial structures for the subsequent quenching process. The quenching temperature was 373 K (i.e., 100 ¬¨‚àûC), and the structures were then equilibrated at the same temperature for a period of about 10 ns. The structures of the two polymers formed after the low-temperature equilibrations were considerably different. In particular, the ZN-LLDPE model exhibited a higher amount of order, as quantified by a higher trans/gauche ratio, and a longer ""stem length"" than those of the ss-LLDPE model. The hexyl branches in the ss-LLDPE model distributed more or less evenly in its interphase and amorphous phase while the branches in the ZN-LLDPE model concentrated in the amorphous phase. The concentration of tie molecules in the ss-LLDPE model was significantly higher than that of ZN-LLDPE. We believe that the structures revealed by the MD simulations correspond to those formed in the early stages of the crystallization process since the models and simulation times used precluded us from modeling the complete crystallization process. However, it is also believed that these structures should resemble the chain conformations of the polymers in their solid state because the available thermal energy at 373 K was not sufficient for further significant conformational rearrangements. The results found are consistent with the experimental findings that ZN-LLDPE solids tend to have a higher degree of crystallinity than ss-LLDPE with similar or even lower average branch content and that ss-LLDPE solids possess a higher concentration of tie molecules. Our simulation results also indicated that with the presence of highly branched chains linear chains tended to crystallize faster than the chains with branches, and this is consistent with the experimental observation of Mirabella that thicker lamellae form before the thinner ones [J.

Polymers Studied: Single-site Linear Low-Density Polyethylene, Ziegler-Natta Linear Low-Density Polyethylene
Properties Measured: density, radius_gyration
Force Fields Used: modified Dreiding

Sample Data:
  - Single-site Linear Low-Density Polyethylene: density = 0.7587
  - Single-site Linear Low-Density Polyethylene: radius_gyration = 2.35
  - Ziegler-Natta Linear Low-Density Polyethylene: density = 0.7587
  - Ziegler-Natta Linear Low-Density Polyethylene: radius_gyration = 3.02

DOI: https://doi.org/10.1021/ma060516o",paper,https://doi.org/10.1021/ma060516o,Differences in the Solid-State Structures of Single-Site and Ziegler‚Äö√†√≠Natta Linear Low-Density Polyethylenes As Revealed by Molecular Dynamics Simulation,"Single-site Linear Low-Density Polyethylene, Ziegler-Natta Linear Low-Density Polyethylene","density, radius_gyration",4
"Title: Diffusion of 1,2,3-Benzotriazole as a Volatile Corrosion Inhibitor through Common Polymer Films Using the Molecular Dynamics Simulation Method

Abstract: Diffusion of 1,2,3-benzotriazole (BT), as one of the volatile corrosion inhibitors (VCI) for copper and steel, through several polymers was investigated using molecular dynamics simulation (MD). MD were performed by employing the COMPASS force field to estimate the diffusivity of BT through polyethylene (PE), polypropylene (PP), polyvinyl chloride (PVC), and Nylon 6 as potential hosts for anticorrosion film packaging purposes. The diffusion coefficients (D) of BT in these polymers were calculated by constructing an amorphous cell, each containing BT and one of these polymers. After constructing the cell, a molecular dynamics simulation was performed to calculate the mean square displacement of the BT molecule. Simulation results showed that BT can diffuse through PVC easier than the other polymers. Among these hosts the Nylon 6 had the lowest D value, implying that this polymer can maintain BT for a long time. The temperature dependence of diffusion through PE, as the most common VCI film, was studied and the activation energy (Q d ) and pre-exponential diffusion coefficient (D 0 ) in Arrhenius equation were calculated.

Polymers Studied: Polyethylene, Polypropylene, Polyvinyl Chloride, Polyamide 6 (Nylon 6)
Properties Measured: diffusion_coefficient
Force Fields Used: COMPASS

Sample Data:
  - Polyethylene: diffusion_coefficient = 6.2e-11
  - Polypropylene: diffusion_coefficient = 8.6e-11
  - Polyvinyl Chloride: diffusion_coefficient = 2e-10
  - Polyamide 6 (Nylon 6): diffusion_coefficient = 2.2e-11

DOI: https://doi.org/10.1080/00222348.2016.1146979",paper,https://doi.org/10.1080/00222348.2016.1146979,"Diffusion of 1,2,3-Benzotriazole as a Volatile Corrosion Inhibitor through Common Polymer Films Using the Molecular Dynamics Simulation Method","Polyethylene, Polypropylene, Polyvinyl Chloride, Polyamide 6 (Nylon 6)",diffusion_coefficient,4
"Title: Diffusivity of n-hexane in poly(ethylene-stat-octene)s assessed by molecular dynamics simulation

Abstract: Molecular dynamics simulations have been used to study diffusion of n-hexane in wholly amorphous poly(ethylene-stat-octene)s with comonomer contents ranging from 0 to 11.5 mol%. The branches in the polymer increased the specific volume by affecting the packing of the chains in the rubbery state in accordance with experimental data. The diffusion of n-hexane at penetrant concentrations between 0.5 and 9.1 wt% was simulated within time-scales between 0.1 and 0.2 ms. The penetrant diffusivity unexpectedly decreased with increasing comonomer content. The penetrant molecule motion statistics showed that systems with high comonomer content showed a greater tendency for short distance motion (over a sampling period of 3 ps) whereas the systems with lower comonomer content showed penetrant motion over longer distances. It seems that the branches retarded local chain mobility of the polymer thereby trapping the penetrant molecules. All systems studied showed a minimum in penetrant diffusivity at ca. 1 wt% n-hexane and a marked increase in diffusivity at higher penetrant concentrations. The volumetric data for the different polymerepenetrant systems were consonant with additional volumes of the different components. Comparison between simulated diffusivities (for a wholly amorphous polymer) and experimentally obtained diffusivity data for semicrystalline polymers showed that constraining effect of the crystals were substantial for the highly crystalline systems and that it gradually decreased with decreasing crystallinity.

Polymers Studied: Polyethylene, Poly(ethylene-stat-octene)
Properties Measured: density
Force Fields Used: Anisotropic united atom potentials (Pant et al.)

Sample Data:
  - Polyethylene: density = 0.854
  - Poly(ethylene-stat-octene): density = 0.84
  - Poly(ethylene-stat-octene): density = 0.83
  - Poly(ethylene-stat-octene): density = 0.815

DOI: https://doi.org/10.1016/j.polymer.2007.06.051",paper,https://doi.org/10.1016/j.polymer.2007.06.051,Diffusivity of n-hexane in poly(ethylene-stat-octene)s assessed by molecular dynamics simulation,"Polyethylene, Poly(ethylene-stat-octene)",density,4
"Title: Dissipative particle dynamics simulations of polymer melts. I. Building potential of mean force for polyethylene and cis-polybutadiene

Abstract: We present the derivation of coarse-grained force fields for two types of polymers, polyethylene √ï√´PE√ï√≠, and cis-polybutadiene √ï√´cis-PB√ï√≠, using the concept of potential of mean force. Coarse-grained force fields were obtained from microscopic simulations for several coarse-graining levels, i.e., different number of monomers per mesoscopic unit called ''bead.'' These force fields are then used in dissipative particle dynamics √ï√´DPD√ï√≠ simulations to study structural and dynamical properties of polymer melts of PE and cis-PB. The radial distribution functions g(R), the end-to-end distance R 0 , the end-to-end vector relaxation time , and the chain center of mass self-diffusion D CM , are computed for different chain lengths at different coarse-graining factor . Scaling laws typical of the Rouse regime are obtained for both polymers for chain lengths ranging from 6 to 50 beads. It is found that the end-to-end distance R 0 obtained from DPD simulations agree well with values obtained from both microscopic simulations and experiments. The dependence of the friction coefficient used in DPD simulations versus the coarse-graining level is discussed in view of the overall scaling of the dynamical properties.

Polymers Studied: Polyethylene, cis-Polybutadiene
Properties Measured: density
Force Fields Used: Karayiannis et al. force field (TraPPE + Toxvaerd torsion), Gee et al. anisotropic united atom potential

Sample Data:
  - Polyethylene: density = 0.766
  - cis-Polybutadiene: density = 0.824

DOI: https://doi.org/10.1063/1.1786917",paper,https://doi.org/10.1063/1.1786917,Dissipative particle dynamics simulations of polymer melts. I. Building potential of mean force for polyethylene and cis-polybutadiene,"Polyethylene, cis-Polybutadiene",density,2
"Title: Dissipative particle dynamics study on the multicompartment micelles self-assembled from the mixture of diblock copolymer poly(ethyl ethylene)-block-poly(ethylene oxide) and homopolymer poly(propylene

Abstract: Dissipative particle dynamics (DPD) method is applied to model the self-assembly of diblock copolymer poly(ethyl ethylene)-block-poly(ethylene oxide) (PEE-b-PEO) and homopolymer poly(propylene oxide) (PPO) in aqueous solution. In this study, several segments are coarse-grained into a single simulation bead based on the experimental density. For the self-assembly of pure diblock copolymer PEE-b-PEO in dilute solution, the DPD simulation results are in good agreement with experimental data of micelle morphologies and sizes. The chain lengths of the block copolymers and the volume ratios between PPO and PEE-b-PEO are varied to find the conditions of forming multicompartment micelles. The micelles with core-shell-corona structure and the micelles with two compartments are both formed from the mixture of PEE-b-PEO and PPO in aqueous solution.

Polymers Studied: Poly(ethyl ethylene)-block-poly(ethylene oxide), PEE-b-PEO E4O11 blended with PPO (length 5), PEE-b-PEO E4O11 blended with PPO (length 15), PEE-b-PEO E4O11 blended with PPO (length 30), PEE-b-PEO E5O15 blended with PPO (length 5), PEE-b-PEO E5O15 blended with PPO (length 20), PEE-b-PEO E5O15 blended with PPO (length 30)
Properties Measured: radius_gyration
Force Fields Used: Standard DPD Force Field

Sample Data:
  - Poly(ethyl ethylene)-block-poly(ethylene oxide): radius_gyration = 4.4
  - Poly(ethyl ethylene)-block-poly(ethylene oxide): radius_gyration = 4.8
  - Poly(ethyl ethylene)-block-poly(ethylene oxide): radius_gyration = 4.8
  - Poly(ethyl ethylene)-block-poly(ethylene oxide): radius_gyration = 4.8
  - Poly(ethyl ethylene)-block-poly(ethylene oxide): radius_gyration = 5.1
  ... and 6 more measurements

DOI: https://doi.org/10.1016/j.polymer.2009.09.014",paper,https://doi.org/10.1016/j.polymer.2009.09.014,Dissipative particle dynamics study on the multicompartment micelles self-assembled from the mixture of diblock copolymer poly(ethyl ethylene)-block-poly(ethylene oxide) and homopolymer poly(propylene,"Poly(ethyl ethylene)-block-poly(ethylene oxide), PEE-b-PEO E4O11 blended with PPO (length 5), PEE-b-PEO E4O11 blended with PPO (length 15), PEE-b-PEO E4O11 blended with PPO (length 30), PEE-b-PEO E5O15 blended with PPO (length 5), PEE-b-PEO E5O15 blended with PPO (length 20), PEE-b-PEO E5O15 blended with PPO (length 30)",radius_gyration,11
"Title: Dynamics of poly(ethylene oxide) in a blend with poly(methyl methacrylate): A quasielastic neutron scattering and molecular dynamics simulations study

Abstract: In this paper, we have addressed the question of the dynamic miscibility in a blend characterized by very different glass-transition temperatures, T g , for the components: poly√ï√´ethylene oxide√ï√≠ and poly√ï√´methyl meth-acrylate√ï√≠ √ï√´PEO/PMMA√ï√≠. The combination of quasielastic neutron scattering with isotopic labeling and fully atomistic molecular dynamics simulations has allowed us to selectively investigate the dynamics of the two components in the picosecond-10 nanoseconds scale at temperatures close and above the T g of the blend. The main focus was on the PEO component, i.e., that of the lowest T g , but first we have characterized the dynamics of the other component in the blend and of the pure PEO homopolymer as reference. In the region investigated, the dynamics of PMMA in the blend is strongly affected by the ‚Äö√™¬£-methyl rotation; an additional process detected in the experimental window 65 K above the blend-T g can be identified as the merged ‚Äö√™¬£‚Äö√™¬ß process of this component that shows strong deviations from Gaussian behavior. On the other hand, pure PEO displays entropy driven dynamics up to very large momentum transfers. Such kind of motion seems to freeze when the PEO chains are in the blend. There, we have directly observed a very heterogeneous and moreover confined dynamics for the PEO component. The presence of the hardly moving PMMA matrix leads to the creation of little pockets of mobility where PEO can move. The characteristic size of such confined islands of mobility might be estimated to be of ≈ì‚àë1 nm. These findings are corroborated by the simulation study, which has been an essential support and guide in our data analysis procedure.

Polymers Studied: Polyethylene Oxide / Polymethyl Methacrylate Blend
Properties Measured: density
Force Fields Used: Polymer Consortium Force Field (PCFF)

Sample Data:
  - Polyethylene Oxide / Polymethyl Methacrylate Blend: density = 1.08

DOI: https://doi.org/10.1103/physreve.72.031808",paper,https://doi.org/10.1103/physreve.72.031808,Dynamics of poly(ethylene oxide) in a blend with poly(methyl methacrylate): A quasielastic neutron scattering and molecular dynamics simulations study,Polyethylene Oxide / Polymethyl Methacrylate Blend,density,1
"Title: Dynamics response of polyethylene polymer nanocomposites to shock wave loading

Abstract: The shock response of polyethylene polymer modified by nanoparticles (NP) is investigated using a coarsegrained molecular dynamics simulation. The u s -u p Hugoniot analysis yields a linear relationship under the range of particle velocity investigated, in agreement with previous simulation and experimental results. NP addition improves the mechanical properties of the composites, as reflected by the increased Young's modulus and yield strength especially in the case of shorter chain length of polymer. This is directly related to the increased shock impedance with NP volume fraction, as demonstrated by the enhanced pressure in the shocked state, slightly reduced microscopic deformation, and increased shock velocity. The layered structure with alternate soft and hard regions, with NP addition only in the hard regions, leads to significantly enhanced microscopic deformation in the soft regions. It is also important that the shock impedance difference between the soft and hard region to be large enough to facilitate the energy absorption through plastic deformation in the soft regions. V

Polymers Studied: Polyethylene
Properties Measured: density, youngs_modulus
Force Fields Used: Custom CG PE force field: harmonic bonded terms + LJ (12-6)

Sample Data:
  - Polyethylene: density = 0.66
  - Polyethylene: youngs_modulus = 0.32
  - Polyethylene: youngs_modulus = 0.38
  - Polyethylene: density = 0.78
  - Polyethylene: youngs_modulus = 1.62
  ... and 25 more measurements

DOI: https://doi.org/10.1002/polb.23758",paper,https://doi.org/10.1002/polb.23758,Dynamics response of polyethylene polymer nanocomposites to shock wave loading,Polyethylene,"density, youngs_modulus",30
"Title: Dynamics, Aggregation, and Interfacial Properties of the Partially Hydrolyzed Polyacrylamide Polymer for Enhanced Oil Recovery Applications: Insights from Molecular Dynamics Simulations

Abstract: We hereby employ molecular dynamics (MD) simulation (~ 6¬¨¬µs in total) to investigate the chain dynamics, aggregation, and interfacial properties of the partially hydrolyzed polyacrylamide (HPAM) polymer. HPAM is widely used in chemical Enhanced Oil Recovery (cEOR) applications. The conformational changes and aggregation properties are examined in different conditions simulating cEOR activities. Also, we examine the degree of polymerization (20, 50, and 100 mers) effect on the polymer chain dynamics and aggregation. MD simulations show that HPAM has a high conformational diversity ranging from the coiled to compact conformations. The latter is abundantly found in fresh water. In brine solutions, HPAM is found to be very sensitive to ions and adopts a more compact conformation. HPAM-ion interactions drive the conformational thermodynamic equilibrium between the compact and the coiled toward the compact structure. Furthermore, ion-interactions are largely impacting its aggregation. HPAM has a high propensity to form large-size aggregates in brine solutions. An interesting ionic effect has been observed; Ca 2+ ions showed a high affinity toward HAPM compared to Mg 2+ and Na + ions. The electrostatic forces and the ionic dehydration free energy penalty are the two main factors determine the HPAM ionic affinity. Short oligomers noted to overestimate the polymer's tendency to have compact conformations and underestimate its aggregation capacity in brine solutions. Simulations of oil-water systems show that HPAM has a spectator role on the interfacial tension in the absence of surfactants.

Polymers Studied: Partially Hydrolyzed Polyacrylamide (20% hydrolyzed) [20-mer], Partially Hydrolyzed Polyacrylamide (20% hydrolyzed)[50-mer], Partially Hydrolyzed Polyacrylamide (20% hydrolyzed)[100-mer]
Properties Measured: radius_gyration
Force Fields Used: OPLS-AA

Sample Data:
  - Partially Hydrolyzed Polyacrylamide (20% hydrolyzed) [20-mer]: radius_gyration = 0.83
  - Partially Hydrolyzed Polyacrylamide (20% hydrolyzed)[50-mer]: radius_gyration = 1.07
  - Partially Hydrolyzed Polyacrylamide (20% hydrolyzed)[100-mer]: radius_gyration = 2.94

DOI: https://doi.org/10.1021/acs.energyfuels.8b00010",paper,https://doi.org/10.1021/acs.energyfuels.8b00010,"Dynamics, Aggregation, and Interfacial Properties of the Partially Hydrolyzed Polyacrylamide Polymer for Enhanced Oil Recovery Applications: Insights from Molecular Dynamics Simulations","Partially Hydrolyzed Polyacrylamide (20% hydrolyzed) [20-mer], Partially Hydrolyzed Polyacrylamide (20% hydrolyzed)[50-mer], Partially Hydrolyzed Polyacrylamide (20% hydrolyzed)[100-mer]",radius_gyration,3
"Title: Effect of adding epoxy groups to poly (butyl acrylate) on electro- viscoelastic response: Insight from molecular dynamics simulation

Abstract: Using the all-atom molecular dynamics simulations integrated with the time‚àö√Ñ temperature superposition principle, we have probed the dielectric modification of poly (butyl acrylate), for example, to understand the effect of added polar groups on the dielectric and viscoelastic properties of poly (butyl acrylate-co-glycidyl methacrylate). We have verified that, after addition of 22% glycidyl methacrylate to formulate the copolymer, its dielectric permittivity can be improved about 50%, whereas the corresponding dielectric loss has been not significantly raised at low frequency. On the other hand, according to the hysteresis losses of tension-recovery and compression-recovery processes, the permanent deformation of poly (butyl acrylate) has also been diminished. Due to the significant increase of modulus, the actuated strain drops about 20%. As a consequence, the effective simulation method is capable of quantitatively evaluating the contribution of polar groups to the electromechanical coupling of dielectric elastomers.

Polymers Studied: Poly(butyl acrylate), Poly(butyl acrylate-co-glycidyl methacrylate)
Properties Measured: youngs_modulus
Force Fields Used: OPLS-AA

Sample Data:
  - Poly(butyl acrylate): youngs_modulus = 0.00089
  - Poly(butyl acrylate-co-glycidyl methacrylate): youngs_modulus = 0.00334
  - Poly(butyl acrylate-co-glycidyl methacrylate): youngs_modulus = 0.0037
  - Poly(butyl acrylate-co-glycidyl methacrylate): youngs_modulus = 0.00452

DOI: https://doi.org/10.1016/j.polymer.2020.122349",paper,https://doi.org/10.1016/j.polymer.2020.122349,Effect of adding epoxy groups to poly (butyl acrylate) on electro- viscoelastic response: Insight from molecular dynamics simulation,"Poly(butyl acrylate), Poly(butyl acrylate-co-glycidyl methacrylate)",youngs_modulus,4
"Title: Effect of chain structure on the glass transition temperature and viscoelastic property of cis‚Äê1,4‚Äêpolybutadiene via molecular simulation

Abstract: In this work, by adopting the united atom model of cis-1,4-poly(butadiene) (PB), we systemically investigate the effect of the chain structure on the glass transition temperature (T g ) and the viscoelastic property of PB system. First, we analyze the atom translational mobility, bond reorientation dynamics, torsional dynamics, conformational transition rate, and dynamic heterogeneity of the PB chains with different chain structures in detail by determining the corresponding T g . In addition, our results clearly indicate that with the decrease of the amount of the free end atoms of PB via the end-linking method, the mobility of the PB chains quickly decreases. As a result, the T g of the PB chains gradually increases. Depending on the chain structure and the calculation method, the T g of the PB chains varies from 154 to 240 K. In addition, the temperature dependence of the dynamic properties has different Arrhenius behaviors above and below T g . The calculated activation energy varies from 7.37 to 16.37 KJ/mol for different chain structures above T g , which can be compared with those for other polymers. In addition, through the end-linking approach the strong interaction between the PB chains improves the storage modulus G 0 and the loss modulus G 00 . Meanwhile, the immobility of the free end atoms effectively reduces the friction loss of the chains under the shear field, which is reflected by the low loss factor tan d. In summary, this work can further help to understand the effect of the chain structure on the dynamic properties of the PB chains. Meanwhile, it provides an effective approach to reduce the energy loss during the dynamic periodic deformation, which can cut the fuel consumption via the end-linking method. V

Polymers Studied: cis-1,4-Polybutadiene
Properties Measured: glass_transition_temp
Force Fields Used: united atom model

Sample Data:
  - cis-1,4-Polybutadiene: glass_transition_temp = 154
  - cis-1,4-Polybutadiene: glass_transition_temp = 162
  - cis-1,4-Polybutadiene: glass_transition_temp = 169
  - cis-1,4-Polybutadiene: glass_transition_temp = 173

DOI: https://doi.org/10.1002/polb.24342",paper,https://doi.org/10.1002/polb.24342,"Effect of chain structure on the glass transition temperature and viscoelastic property of cis‚Äê1,4‚Äêpolybutadiene via molecular simulation","cis-1,4-Polybutadiene",glass_transition_temp,4
"Title: Effect of short-chain branching on interfacial polymer structure and dynamics under shear flow

Abstract: We present a detailed analysis on the effect of short-chain branches on the structure and dynamics of interfacial chains using atomistic nonequilibrium molecular dynamics simulations of confined polyethylene melts in a wide range of shear rates. The intrinsically fast random motions of the short branches constantly disturb the overall chain conformation, leading to a more compact and less deformed chain structure of the short-chain branched (SCB) polymer against the imposed flow field in comparison to the corresponding linear polymer. Moreover, such highly mobile short branches along the backbone of the SCB polymer lead to relatively weaker out-of-plane wagging dynamics of interfacial chains, with highly curvy backbone structures in the intermediate flow regime. In conjunction with the contribution of short branches (as opposed to that of the backbone) to the total interfacial friction between chains and the wall, the SCB polymer shows a nearly constant behavior in the degree of slip (d s ) with respect to shear rate in the weak-to-intermediate flow regimes. On the contrary, in the strong flow regime where irregular chain rotation and tumbling dynamics occur via intensive dynamical collisions between interfacial chains and the wall, an enhancement effect on the chain detachment from the wall, caused by short branches, leads to a steeper increase in d s for the SCB polymer than for the linear polymer. Remarkably, SCB chains at the interface exhibits two distinct types of rolling mechanisms along the backbone,

Polymers Studied: Polyethylene (linear), Polyethylene (short-chain branched), Polyethylene (short branch with C10H22 melt)
Properties Measured: density
Force Fields Used: TraPPE united atom model

Sample Data:
  - Polyethylene (linear): density = 0.7684
  - Polyethylene (short-chain branched): density = 0.7745
  - Polyethylene (short branch with C10H22 melt): density = 0.62

DOI: https://doi.org/10.1039/c7sm01644a",paper,https://doi.org/10.1039/c7sm01644a,Effect of short-chain branching on interfacial polymer structure and dynamics under shear flow,"Polyethylene (linear), Polyethylene (short-chain branched), Polyethylene (short branch with C10H22 melt)",density,3
"Title: Effect of water in amorphous polyvinyl formal: insights from molecular dynamics simulation

Abstract: In this study, molecular dynamics simulations were performed to study the influence of water on polyvinyl formal. The effects of adding different concentrations of water (0, 0.23, 0.47, 0.94, 1.40, 1.86, 2.76, 3.65 and 4.52 wt%) to a copolymer of polyvinyl acetal, polyvinyl alcohol, and polyvinyl acetate were investigated. Simulated results clearly indicated that the radius of gyration of the polymer chain decreased whereas the cohesive energy density increased with the addition of water molecules. The diffusion coefficient initially decreased and then monotonically increased with increasing water concentration, and the same trend was observed for the fractional free volume. The results provide insights into the molecular structural and physical properties of polyvinyl formal with different water contents.

Polymers Studied: Polyvinyl Formal
Properties Measured: density
Force Fields Used: COMPASS

Sample Data:
  - Polyvinyl Formal: density = 1.202

DOI: https://doi.org/10.1007/s00894-014-2551-7",paper,https://doi.org/10.1007/s00894-014-2551-7,Effect of water in amorphous polyvinyl formal: insights from molecular dynamics simulation,Polyvinyl Formal,density,1
"Title: Effects of Solvent Polarity on Li-ion Diffusion in Polymer Electrolytes: An All-Atom Molecular Dynamics Study with Charge Scaling

Abstract: We herein report an all-atom molecular dynamics study on the role of solvent polarity for Li + diffusion in polymer electrolytes using PEO-LiTFSI (poly(ethylene oxide)-lithium bis(trifluoromethane)sulfonimide) as a model system. By separating the effect of Tg and the effect of solvent polarity in our simulations, we show that the maximum in the diffusion coefficient of Li + with respect to the dielectric constant of polymer solvent ≈í¬µp is due to transitions in the transport mechanism. In particular, it is found that the frequent inter-chain hopping involves the coordination of both PEO and TFSI. This optimal solvating ability of PEO at an intermediate value of ≈í¬µp leads to the fast ion conduction. These findings highlight the synergetic effect of solvent polarity and bond polarity on Li-ion diffusion in solid polymer electrolytes.

Polymers Studied: Polyethylene Oxide with Lithium bis(trifluoromethanesulfonyl)imide, Polyethylene Oxide
Properties Measured: glass_transition_temp
Force Fields Used: GAFF

Sample Data:
  - Polyethylene Oxide with Lithium bis(trifluoromethanesulfonyl)imide: glass_transition_temp = 304
  - Polyethylene Oxide with Lithium bis(trifluoromethanesulfonyl)imide: glass_transition_temp = 317
  - Polyethylene Oxide with Lithium bis(trifluoromethanesulfonyl)imide: glass_transition_temp = 308
  - Polyethylene Oxide with Lithium bis(trifluoromethanesulfonyl)imide: glass_transition_temp = 295
  - Polyethylene Oxide with Lithium bis(trifluoromethanesulfonyl)imide: glass_transition_temp = 283
  ... and 11 more measurements

DOI: https://doi.org/10.1021/acs.jpcb.0c05108",paper,https://doi.org/10.1021/acs.jpcb.0c05108,Effects of Solvent Polarity on Li-ion Diffusion in Polymer Electrolytes: An All-Atom Molecular Dynamics Study with Charge Scaling,"Polyethylene Oxide with Lithium bis(trifluoromethanesulfonyl)imide, Polyethylene Oxide",glass_transition_temp,16
"Title: Effects of intra/inter-molecular potential parameters, length and grafting density of side-chains on the self-assembling behavior of poly(3‚Ä≤-alkylthiophene)s in the ordered state

Abstract: The self-assembling behavior of conjugated regioregular poly(3'-alkylthiophene) (P3AT) polymers with various grafting density and length of alkyl side-chains are systematically examined by the coarse-grained molecular dynamics (CGMD) simulations. The effective CG interaction potentials are determined by taking into account the atomistic structural details from all-atom (AA) MD through the mapping route between the AAMD and CGMD data via the Iterative Boltzmann Inversion (IBI) methods. Except the non-bonded interaction potential between two thiophenes is modified by simply calculating the potential energy curve for them in a tran-orientation. With the dihedral angle constraint, two types of the grafted side-chains, which are located on both sides (anti-) and the same side (syn-) of the backbones, are modeled at GD = 100%, 33% and 50%, 25%, respectively. For densely grafted side-chains, such as when GD = 100% and 50%, the strong ≈ì√Ñ-≈ì√Ñ attraction between the thiophene rings plays the most dominant role on the self-assembling behavior of P3AT molecules. Thus, we observe the formation of single-walled and double-walled lamellae, which however become more twisted with increasing the length of side-chains at GD = 100% and 50 %, respectively. This is not surprising as longer flexible alkyl side-chains cause the backbone thiophene rings to suffer a larger distortion degree. When the grafting density is reduced significantly, not only the ≈ì√Ñ-≈ì√Ñ attraction between the thiophene rings can induce the ordered packing of main-chains, but also the significant space between the side-chains can facilitate the interdigitation and aggregation of side-chains. Accordingly, for the poly(3'-nonylthiophene), poly(3'-dodecylthiophene), and poly(3'-pentadecylthiophene) molecules with 25 % grafting density, we predict the formation of polygonal columns, which are formed by the packing of main-chains parallel to the column axes and the aggregation of the side-chains within the columns. When the side-chain length is increased further, these aggregated long side-chains can no longer be constrained within the polygonal minor-domains. Instead, double-walled lamellae become the most stable phase for P3AT molecules with 25 % GD.

Polymers Studied: Poly(3'-hexylthiophene), Poly(3'-dodecylthiophene)
Properties Measured: density
Force Fields Used: DREIDING

Sample Data:
  - Poly(3'-hexylthiophene): density = 1.24
  - Poly(3'-dodecylthiophene): density = 1.16

DOI: https://doi.org/10.1016/j.polymer.2015.09.028",paper,https://doi.org/10.1016/j.polymer.2015.09.028,"Effects of intra/inter-molecular potential parameters, length and grafting density of side-chains on the self-assembling behavior of poly(3‚Ä≤-alkylthiophene)s in the ordered state","Poly(3'-hexylthiophene), Poly(3'-dodecylthiophene)",density,2
"Title: Fast relaxation of coarse-grained models of polymer interphases by hybrid particle-field molecular dynamics: Polystyrene-silica nanocomposites as an example

Abstract: Polymer composites attract large attention for their industrial use because of their unique features. The preparation of equilibrated melts of long entangled chains in the presence of a solid nanoparticle in molecular dynamics simulations is a very difficult task due to the slow relaxation time. We present a coarse-grained (CG) model suitable for polymer nanocomposites which combines Iterative-Boltzmann-Inversion derived polymer models, the hybrid particle-field representation of non-bonded interactions, and a convenient description of a solid nanoparticle suitable for hybrid particle-field models. The proposed approach is applied to test simulations of well characterized polystyrene-silica nanocomposites models. Finally, procedures for an efficient relaxation of pure polymer melts and interphase structures of large molecular weight nanocomposites are proposed.

Polymers Studied: Polystyrene, Polystyrene Nanocomposite with Nanoparticle
Properties Measured: density, glass_transition_temp, radius_gyration, diffusion_coefficient
Force Fields Used: IBI-derived CG model with MD-SCF

Sample Data:
  - Polystyrene: density = 0.94936
  - Polystyrene: glass_transition_temp = 170
  - Polystyrene: radius_gyration = 0.63
  - Polystyrene: density = 0.945
  - Polystyrene: diffusion_coefficient = 1.18e-11
  ... and 18 more measurements

DOI: https://doi.org/10.1140/epjst/e2016-60127-0",paper,https://doi.org/10.1140/epjst/e2016-60127-0,Fast relaxation of coarse-grained models of polymer interphases by hybrid particle-field molecular dynamics: Polystyrene-silica nanocomposites as an example,"Polystyrene, Polystyrene Nanocomposite with Nanoparticle","density, glass_transition_temp, radius_gyration, diffusion_coefficient",23
"Title: Filler reinforcement in cross-linked elastomer nanocomposites: insights from fully atomistic molecular dynamics simulation

Abstract: Using a fully atomistic model, we perform large-scale molecular dynamics simulations of sulfur-cured polybutadiene (PB) and nanosilica-filled PB composites. A well-integrated network without sol fraction is built dynamically by cross-linking the coarse-grained precursor chains in the presence of embedded silica nanoparticles. Initial configurations for subsequent atomistic simulations are obtained by reverse mapping of the well-equilibrated coarse-grained systems. Based on the concept of ''maximally inflated knot'' introduced by Grosberg et al., we show that the networks simulated in this study behave as mechanically isotropic systems. Analysis of the network topology in terms of graph theory reveals that mechanically inactive tree-like structures are the dominant structural components of the weakly crosslinked elastomer, while cycles are mainly responsible for the transmission of mechanical forces through the network. We demonstrate that quantities such as the system density, thermal expansion coefficient, glass transition temperature and initial Young's modulus can be predicted in qualitative and sometimes even in quantitative agreement with experiments. The nano-filled system demonstrates a notable increase in the glass transition temperature and an approximately two-fold increase in the nearly equilibrium value of elastic modulus relative to the unfilled elastomer even at relatively small amounts of filler particles. We also examine the structural rearrangement of the nanocomposite subjected to tensile deformation. Under high strain-rate loading, the formation of structural defects (microcavities) within the polymer bulk is observed. The nucleation and growth of cavities in the post-yielding strain hardening regime mainly take place at the elastomer/nanoparticle interfaces. As a result, the cavities are concentrated just near the embedded nanoparticles. Therefore, while the silica nanofiller increases the elastic modulus of the elastomer, it also creates a more defective structure of higher energy in comparison with the unfilled network.

Polymers Studied: cis-1,4-Polybutadiene
Properties Measured: density, glass_transition_temp, youngs_modulus
Force Fields Used: PCFF

Sample Data:
  - cis-1,4-Polybutadiene: density = 0.894
  - cis-1,4-Polybutadiene: glass_transition_temp = 200
  - cis-1,4-Polybutadiene: density = 0.984
  - cis-1,4-Polybutadiene: glass_transition_temp = 210
  - cis-1,4-Polybutadiene: youngs_modulus = 0.0019
  ... and 1 more measurements

DOI: https://doi.org/10.1039/c6sm00543h",paper,https://doi.org/10.1039/c6sm00543h,Filler reinforcement in cross-linked elastomer nanocomposites: insights from fully atomistic molecular dynamics simulation,"cis-1,4-Polybutadiene","density, glass_transition_temp, youngs_modulus",6
"Title: Free radical polymerization simulation and molecular entanglement effect on large deformation behavior

Abstract: In this paper, we proposed a novel molecular dynamics (MD) free radical polymerization algorithm that can dynamically simulate chain growth of the thermoplastic network and produce unit cells having experimentally observed molecular weight distributions. In the proposed algorithm, a coarse-grained force field was implemented by combining bonded terms from the PCFF and nonbonded terms from the TraPPE-UA to alleviate computational times. We controlled molecular weight distribution by the number of initiator radicals. Effects of the molecular weight on density, and glass transition temperature were investigated. A linear relationship of the conversion ratio with specific volume change was discovered. More importantly, the PMMA system by the proposed MD polymerization algorithm could explain physical causes of stress-softening behavior often observed in the large deformation tensile tests in terms of molecular weight and unfolding of chain entanglement. The proposed polymerization algorithm will facilitate studies on large deformation nonlinear constitutive behavior and modelings of thermoplastic polymers.

Polymers Studied: Polymethyl Methacrylate
Properties Measured: density, glass_transition_temp, radius_gyration
Force Fields Used: Combined PCFF-TraPPE (UA)

Sample Data:
  - Polymethyl Methacrylate: density = 1.156
  - Polymethyl Methacrylate: glass_transition_temp = 413
  - Polymethyl Methacrylate: glass_transition_temp = 408
  - Polymethyl Methacrylate: radius_gyration = 0.5 to 14

DOI: https://doi.org/10.1016/j.eurpolymj.2019.02.042",paper,https://doi.org/10.1016/j.eurpolymj.2019.02.042,Free radical polymerization simulation and molecular entanglement effect on large deformation behavior,Polymethyl Methacrylate,"density, glass_transition_temp, radius_gyration",4
"Title: Free volume characteristics of 2,2‚Äêbistrifluoromethyl‚Äê4,5‚Äêdifluoro‚Äê1,3‚Äêdioxole‚Äêco‚Äêtetrafluoroethylene copolymers: Effect of composition and molecular weight

Abstract: 2,2-bistrifluoromethyl-4,5-difluoro-1,3-dioxole-co-tetrafluoroethylene (PDD-TFE) copolymer is a good candidate to prepare gas separation membranes with excellent permeability due to its free volume characteristics. However, the influence of PDD-TFE copolymer structure on its free volume characteristics is less studied.In this paper, PDD-TFE copolymers with different compositions and molecular weights were synthesized, and their free volume characteristics were analyzed by positron annihilation lifetime spectroscopy and a molecular dynamics simulation. It indicated that the molar fraction of PDD in copolymers had a significant effect on free volume characteristics, while the molecular weight of copolymers exerted a slight influence on free volume when the molecular weight exceeded a critical region (intrinsic viscosity [≈í‚àë] > 68 ml g -1 ). PDD-TFE copolymers with greater PDD molar fractions (i.e., 72% and 84%) showed bimodal distributions in positron lifetime and free volume size distributions, while PDD-TFE copolymers with lower PDD molar fractions (i.e., 27% and 35%) exhibited a single peak. The long-lifetime parameter ≈ì√ë 3 was assigned to micro-cavities formed by [-(TFE) y -PDD-] segments and ≈ì√ë 4 was attributed to micro-cavities formed by [-(PDD) x -TFE-] segments. The cis and trans transitions of PDD led to a local multilayer spiral structure with a 2.6-4.3 ‚àö√ñ layer spacing, which would also increase the free volume of copolymers.

Polymers Studied: 2,2-bistrifluoromethyl-4,5-difluoro-1,3-dioxole-co-tetrafluoroethylene (PDD-TFE) copolymers
Properties Measured: density
Force Fields Used: COMPASS

Sample Data:
  - 2,2-bistrifluoromethyl-4,5-difluoro-1,3-dioxole-co-tetrafluoroethylene (PDD-TFE) copolymers: density = 1.98
  - 2,2-bistrifluoromethyl-4,5-difluoro-1,3-dioxole-co-tetrafluoroethylene (PDD-TFE) copolymers: density = 1.94
  - 2,2-bistrifluoromethyl-4,5-difluoro-1,3-dioxole-co-tetrafluoroethylene (PDD-TFE) copolymers: density = 1.92
  - 2,2-bistrifluoromethyl-4,5-difluoro-1,3-dioxole-co-tetrafluoroethylene (PDD-TFE) copolymers: density = 1.9

DOI: https://doi.org/10.1002/pol.20200834",paper,https://doi.org/10.1002/pol.20200834,"Free volume characteristics of 2,2‚Äêbistrifluoromethyl‚Äê4,5‚Äêdifluoro‚Äê1,3‚Äêdioxole‚Äêco‚Äêtetrafluoroethylene copolymers: Effect of composition and molecular weight","2,2-bistrifluoromethyl-4,5-difluoro-1,3-dioxole-co-tetrafluoroethylene (PDD-TFE) copolymers",density,4
"Title: Fully atomistic molecular dynamics simulation of nanosilica-filled crosslinked polybutadiene

Abstract: We report on the first fully atomistic simulation of sulfur-crosslinked cis-1,4-polybutadiene (PB) rubbers, both unfilled and nanosilica-filled. A well-integrated network is built by crosslinking the coarse-grained precursor PB chains. The initial configurations for subsequent molecular dynamics simulations are obtained by reverse mapping of well-equilibrated coarse-grained systems. Thermal and mechanical properties of the PB-based elastomers are predicted in reasonable agreement with experiment. The inclusion of silica nanoparticles into the model rubber increases the glass transition temperature and elastic modulus. Under tensile loading conditions, the formation of structural defects (microcavities) within the polymer bulk is observed for nanocomposite at the elastomer/nanoparticle interfaces.

Polymers Studied: cis-1,4-Polybutadiene
Properties Measured: density, glass_transition_temp, youngs_modulus
Force Fields Used: PCFF

Sample Data:
  - cis-1,4-Polybutadiene: density = 0.894
  - cis-1,4-Polybutadiene: glass_transition_temp = 200
  - cis-1,4-Polybutadiene: youngs_modulus = 0.0019
  - cis-1,4-Polybutadiene: density = 0.984
  - cis-1,4-Polybutadiene: glass_transition_temp = 210
  ... and 1 more measurements

DOI: https://doi.org/10.1016/j.cplett.2016.04.061",paper,https://doi.org/10.1016/j.cplett.2016.04.061,Fully atomistic molecular dynamics simulation of nanosilica-filled crosslinked polybutadiene,"cis-1,4-Polybutadiene","density, glass_transition_temp, youngs_modulus",6
"Title: Generation of Well-Relaxed All-Atom Models of Large Molecular Weight Polymer Melts: A Hybrid Particle-Continuum Approach Based on Particle-Field Molecular Dynamics Simulations

Abstract: A procedure based on Molecular Dynamics (MD) simulations employing soft potentials derived from self consistent field (SCF) theory (named MD-SCF) able to generate well-relaxed all-atom structures of polymer melts is proposed. All-atom structures having structural correlations indistinguishable from ones obtained by long MD relaxations have been obtained for Polymethylmethacrylate (PMMA) and Polyethyleneoxide (PEO) melts. The proposed procedure leads to computational costs mainly related on system size rather than to the chain length.Several advantages of the proposed procedure over current coarse-graining/reverse mapping strategies are apparent. No parameterization is needed to generate relaxed structures of different polymers at different scales or resolutions. There is no need for special algorithms or backmapping schemes to change the resolution of the models. This characteristic makes the procedure general and its extension to other polymer architectures straightforward. A similar procedure can be easily extended to the generation of all-atom structures of block copolymer melts and polymer nanocomposites.

Polymers Studied: Polymethyl methacrylate
Properties Measured: radius_gyration
Force Fields Used: Not explicitly specified (force field from Refs. 64-65)

Sample Data:
  - Polymethyl methacrylate: radius_gyration = 10.4

DOI: https://doi.org/10.1021/ct500492h",paper,https://doi.org/10.1021/ct500492h,Generation of Well-Relaxed All-Atom Models of Large Molecular Weight Polymer Melts: A Hybrid Particle-Continuum Approach Based on Particle-Field Molecular Dynamics Simulations,Polymethyl methacrylate,radius_gyration,1
"Title: Hierarchical Modeling of the Dynamics of Polymers with a Nonlinear Molecular Architecture: Calculation of Branch Point Friction and Chain Reptation Time of H-Shaped Polyethylene Melts from Long Molecu

Abstract: Thoroughly equilibrated atomistic configurations of H-shaped polyethylene (PE) melts, obtained through a novel implementation of the double-bridging Monte Carlo algorithm [Karayiannis et al. J. Chem. Phys. 2003, 118, 2451], have been subjected to equilibrium NPT molecular dynamics (MD) simulations at T ) 450 K and P ) 1 atm, for times up to 4 ¬¨¬µs. The simulated model H-shaped systems consist of PE chains possessing a main backbone (a ""crossbar"") trapped between two branch points each of which is linked to two dangling arms. In our simulations, the average number of carbon atoms in the backbone ranged from 48 up to 300 corresponding to both unentangled and entangled crossbars, while the average arm length was kept relatively small (it ranged from 24 up to 50) corresponding always to unentangled arms. Our long MD simulation studies reveal the different relaxation mechanisms exhibited by an H-polymer: the rapid relaxation due to arm breathing (on the order of a few nanoseconds for the short, unentangled arms considered here, up to C 50) and the slow branch point diffusion (on the order of a few microseconds for the size of the entangled backbones considered here, up to C300), which, in turn, governs the sluggish diffusive motion of the entire H-molecule. Analysis of the curves describing the time decay of the autocorrelation functions for the unit vectors directed from the branch point to the free end of the arm and from one branch point to the other reveals a number of relaxation modes, indicative of the strong cooperativity between arm and backbone relaxations in H-shaped structures. It is further observed that once Fickian diffusion is established, the mean-square displacement (msd) of the chain center-of-mass follows remarkably faithfully that of branch points. This validates from first principles the assumption of the pom-pom model [Bishko et al. Phys. Rev. Lett. 1997, 79, 2352] that all friction in an H-polymer is concentrated at the two branch points. Values of the branch point friction coefficient, ≈í‚àÇ b, a significant parameter entering the pom-pom model, have also been calculated. For the longest H-polymers studied, logarithmic plots of the msd of the inner crossbar segments against time are seen to exhibit the four different regimes predicted by the reptation theory of Doi-Edwards for entangled linear polymer melts, with corresponding exponents remarkably close to those of the theory. This allowed us to extract the characteristic relaxation times ≈ì√ë e, ≈ì√ëR, and ≈ì√ëd of the theory for all simulated systems and the value of the effective diameter, a, of the underlying tube model.

Polymers Studied: Polyethylene (H-shaped)
Properties Measured: diffusion_coefficient
Force Fields Used: united-atom model with Lennard-Jones potentials (TraPPE and Nath-Khare parameters)

Sample Data:
  - Polyethylene (H-shaped): diffusion_coefficient = 5.5e-11
  - Polyethylene (H-shaped): diffusion_coefficient = 4.7e-11
  - Polyethylene (H-shaped): diffusion_coefficient = 1.5e-11
  - Polyethylene (H-shaped): diffusion_coefficient = 3.1e-11
  - Polyethylene (H-shaped): diffusion_coefficient = 1.4e-11
  ... and 1 more measurements

DOI: https://doi.org/10.1021/ma050989f",paper,https://doi.org/10.1021/ma050989f,Hierarchical Modeling of the Dynamics of Polymers with a Nonlinear Molecular Architecture: Calculation of Branch Point Friction and Chain Reptation Time of H-Shaped Polyethylene Melts from Long Molecu,Polyethylene (H-shaped),diffusion_coefficient,6
"Title: Hierarchical multiscale analysis of polyimide films by molecular dynamics simulation: Investigation of thermo-mechanical properties

Abstract: The molecular dynamics simulations are adopted to investigate the thermo-mechanical properties of pyromellitic dianhydride(PMDA)/2-(4-aminophenyl)-1H-benzimidazole-5-amine(BIA), PMDA/p-phenylene diamine(PDA), PMDA/4,4'-oxidianiline(ODA), 3,3',4,4'biphenyldianhydride(BPDA)/BIA, BPDA/PDA, and BPDA/ODA polyimide films in hierarchical multiscale level. The results indicate that the properties follow the order of BIA > PDA > ODA.At a small scale, the hydrogen bonding in the BPDA/BIA polyimide strengthens the chain interactions and results in a coiling-shaped chain conformation, endowing the polyimide with superior properties. But the ODA increases the helical-shaped segments conformation, therefore possessing large elongation under small tension. At the scale of the entire polymeric chain, the chain mobility was discussed by the ratio of < 2 > to <s 2 > and MSD. And higher chain mobility corresponds to lower tensile modulus. At a large scale, the torsion angle distribution changes apparently before and after stretching, which increases the d-spacing and elongates the entire molecular chain simultaneously, serving as the main cause of polyimide tensile deformation.

Polymers Studied: Polyimide from PMDA and BIA, Polyimide from PMDA and PDA, Polyimide from PMDA and ODA, Polyimide from BPDA and BIA, Polyimide from BPDA and PDA, Polyimide from BPDA and ODA
Properties Measured: density, glass_transition_temp, radius_gyration, youngs_modulus
Force Fields Used: COMPASS

Sample Data:
  - Polyimide from PMDA and BIA: density = 1.29
  - Polyimide from PMDA and BIA: glass_transition_temp = 754
  - Polyimide from PMDA and BIA: radius_gyration = 3.93
  - Polyimide from PMDA and BIA: youngs_modulus = 5.37
  - Polyimide from PMDA and PDA: density = 1.32
  ... and 18 more measurements

DOI: https://doi.org/10.1016/j.polymer.2019.121645",paper,https://doi.org/10.1016/j.polymer.2019.121645,Hierarchical multiscale analysis of polyimide films by molecular dynamics simulation: Investigation of thermo-mechanical properties,"Polyimide from PMDA and BIA, Polyimide from PMDA and PDA, Polyimide from PMDA and ODA, Polyimide from BPDA and BIA, Polyimide from BPDA and PDA, Polyimide from BPDA and ODA","density, glass_transition_temp, radius_gyration, youngs_modulus",23
"Title: High-Throughput Molecular Dynamics Simulations and Validation of Thermophysical Properties of Polymers for Various Applications

Abstract: Recent advances in graphics processing unit (GPU) hardware and improved efficiencies of atomistic simulation programs allow for the screening of a large number of polymers to predict properties that require running and analyzing long molecular dynamics (MD) trajectories. This paper outlines a MD simulation workflow based on GPU MD simulation and the refined optimized potentials for liquid simulation (OPLS) OPLS3e force field to calculate glass transition temperatures (T g s) of 315 polymers for which Bicerano reported experimental values [Bicerano, J. Prediction of Polymer Properties; Marcel Dekker Inc.: New York, 1996]. Applying the workflow across this large set of polymers allowed for a comprehensive evaluation of the protocol performance and helped in understanding its merits and limitations. We observe a consistent trend between predicted T g values and empirical observation across several subsets of polymers. Thus, the protocol established in this work is promising for exploring targeted chemical spaces and aids in the evaluation of polymers for various applications, including composites, coatings, electrical casings, etc. During the stepwise cooling simulation for the calculation of T g , a subset of polymers clearly showed an ordered structure developing as the temperature decreased. Such polymers have a point of discontinuity on the specific volume vs temperature plot, which we associate with the melting temperature (T m ). We demonstrate the distinction between crystallized and amorphous polymers by examining polyethylene. Linear polyethylene shows a discontinuity in the specific volume vs temperature plot, but we do not observe the discontinuity for branched polyethylene simulations. KEYWORDS: molecular dynamics (MD), graphics processing unit (GPU), polymers, glass transition temperature (T g ), melting temperature (T m )

Polymers Studied: Polyoxyoctamethylene
Properties Measured: glass_transition_temp
Force Fields Used: OPLS3e

Sample Data:
  - Polyoxyoctamethylene: glass_transition_temp = 238

DOI: https://doi.org/10.1021/acsapm.0c00524",paper,https://doi.org/10.1021/acsapm.0c00524,High-Throughput Molecular Dynamics Simulations and Validation of Thermophysical Properties of Polymers for Various Applications,Polyoxyoctamethylene,glass_transition_temp,1
"Title: How Does Monomer Structure Affect the Interfacial Dynamics of Supported Ultrathin Polymer Films?

Abstract: We utilize recently introduced chemically specific but coarse-grained models of poly(ethylene oxide) (PEO) and poly(methyl methacrylate) (PMMA) to explore the influence of monomer architecture on the dynamics of supported thin polymer films based on molecular dynamics simulations. In particular, we contrast differences in the molecular packing and mobility gradients in these materials near the substrate and ""free"" interface regions. As expected, relaxation is generally enhanced in the free surface region relative to the film interior (and bulk), and the degree of enhancement is similar for both PEO and PMMA. However, the dynamical changes near the substrate are more sensitive to monomer structure, and are enhanced with increasing polymer-substrate interaction strength, ≈í¬µ. PMMA is relatively stiff compared to PEO and has a side group of appreciable size, and we find that the dynamics of PMMA near the substrate are slowed significantly more in comparison to PEO for the same substrate. Substrate interactions lead to a notable difference of local fragility near the substrate that appears to arise from a higher cohesive interaction strength of the PMMA chains in this region. Our data also reveal the inadequacy of the these coarse-grained polymer models to reproduce the experimentally known differences in the fragility of these materials. However, this technical shortcoming is not expected to alter our qualitative conclusions regarding the comparative effect of substrate interactions on relatively flexible polymers such as PEO versus a relatively stiff polymer such as PMMA.

Polymers Studied: Poly(methyl methacrylate), Poly(ethylene oxide)
Properties Measured: glass_transition_temp
Force Fields Used: coarse-grained model

Sample Data:
  - Poly(methyl methacrylate): glass_transition_temp = 389
  - Poly(ethylene oxide): glass_transition_temp = 270

DOI: https://doi.org/10.1021/acs.macromol.0c01413",paper,https://doi.org/10.1021/acs.macromol.0c01413,How Does Monomer Structure Affect the Interfacial Dynamics of Supported Ultrathin Polymer Films?,"Poly(methyl methacrylate), Poly(ethylene oxide)",glass_transition_temp,2
"Title: How Thick is the Interphase in an Ultrathin Polymer Film? Coarse-Grained Molecular Dynamics Simulations of Polyamide-6,6 on Graphene

Abstract: Coarse-grained molecular dynamics simulations have been performed to study a nanometric polyamide-6,6 film containing long chains (100 chemical repeat units), in contact with a graphene surface and with vacuum, in a huge simulation box (the distance between the interfaces ‚Äö√¢√† 36 nm) for a long time (70 ns). Compared with atomistic simulations, with limitations in chain length, box size, and simulation time, restricting them to the study of local structural and short-time dynamic properties, this simulation covers a broad range of length scales and captures the long-time relaxation regime of long chains. This enables one to discriminate the interphase thickness for local and global structural properties and to study the interplay between the change in structural and the associated dynamic properties in the interphase compared with the bulk polymer. Our results indicate that the interphase thickness depends on the length scale of particular property of interest for the bulk polymer. At both interfaces a minimum interphase thickness, ‚Äö√†¬∫3.0 nm, is associated with local structural properties such as layering of individual superatoms and the hydrogen bonding between amide groups. The interphase thickness, however, extends to an intermediated length of about one radius of gyration, R g , of the unperturbed polymer (6 nm) and a maximum length of 2R g in the case of such polymer structural properties as the chain conformations and reach of chains with at least one contact to the interface to the polymer phase, respectively. Accordingly, the time scales for both short-and long-time dynamic properties in the interphase vary (with respect to the corresponding property in the bulk) as a function of distance from the surfaces. The change in time scales, in a 3 nm thick slab parallel to the interfaces, is shown to cover a broad range from 10% to four orders of magnitude. The former change in time scales occurs in the case of such a short-time dynamic property like HB formation (occurring in a few picoseconds for bulk polymer) at the vacuum interface, whereas the latter one corresponds to a long-time dynamics process such as the center-of-mass translation in the perpendicular direction at the graphene interface (occurring in hundreds of nanosecond for bulk polymer).

Polymers Studied: Polyamide-6,6
Properties Measured: density, radius_gyration
Force Fields Used: Coarse-grained (CG) model with potentials from iterative Boltzmann inversion

Sample Data:
  - Polyamide-6,6: density = 0.99
  - Polyamide-6,6: radius_gyration = 6.1

DOI: https://doi.org/10.1021/jp400142h",paper,https://doi.org/10.1021/jp400142h,"How Thick is the Interphase in an Ultrathin Polymer Film? Coarse-Grained Molecular Dynamics Simulations of Polyamide-6,6 on Graphene","Polyamide-6,6","density, radius_gyration",2
"Title: How to predict diffusion of medium-sized molecules in polymer matrices. From atomistic to coarse grain simulations

Abstract: The normal diffusion regime of many small and medium-sized molecules occurs on a time scale that is too long to be studied by atomistic simulations. Coarse-grained (CG) molecular simulations allow to investigate length and time scales that are orders of magnitude larger compared to classical molecular dynamics simulations, hence providing a valuable approach to span time and length scales where normal diffusion occurs. Here we develop a novel multi-scale method for the prediction of diffusivity in polymer matrices which combines classical and CG molecular simulations. We applied an atomistic-based method in order to parameterize the CG MARTINI force field, providing an extension for the study of diffusion behavior of penetrant molecules in polymer matrices. As a case study, we found the parameters for benzene (as medium sized penetrant molecule whose diffusivity cannot be determined through atomistic models) and Poly (vinyl alcohol) (PVA) as polymer matrix. We validated our extended MARTINI force field determining the self diffusion coefficient of benzene (2.27‚Äö√Ñ¬¢10 -9 m 2 s -1 ) and the diffusion coefficient of benzene in PVA (0.263‚Äö√Ñ¬¢10 -12 m 2 s -1 ). The obtained diffusion coefficients are in remarkable agreement with experimental data (2.20‚Äö√Ñ¬¢10 -9 m 2 s -1 and 0.25‚Äö√Ñ¬¢10 -12 m 2 s -1 , respectively). We believe that this method can extend the application range of computational modeling, providing modeling tools to study the diffusion of larger molecules and complex polymeric materials.

Polymers Studied: Polyvinyl Alcohol
Properties Measured: density
Force Fields Used: MARTINI

Sample Data:
  - Polyvinyl Alcohol: density = 1.305

DOI: https://doi.org/10.1007/s00894-010-0687-7",paper,https://doi.org/10.1007/s00894-010-0687-7,How to predict diffusion of medium-sized molecules in polymer matrices. From atomistic to coarse grain simulations,Polyvinyl Alcohol,density,1
"Title: Hybrid molecular dynamics simulations of living filaments

Abstract: We propose a hybrid molecular dynamics/multi-particle collision dynamics model to simulate a set of self-assembled semiflexible filaments and free monomers. Further, we introduce a Monte Carlo scheme to deal with single monomer addition (polymerization) or removal (depolymerization), satisfying the detailed balance condition within a proper statistical mechanical framework. This model of filaments, based on the wormlike chain, aims to represent equilibrium polymers with distinct reaction rates at both ends, such as self-assembled adenosine diphosphate-actin filaments in the absence of adenosine triphosphate (ATP) hydrolysis and other proteins. We report the distribution of filament lengths and the corresponding dynamical fluctuations on an equilibrium trajectory. Potential generalizations of this method to include irreversible steps like ATP-actin hydrolysis are discussed.

Polymers Studied: Polyvinyl Alcohol with Benzene
Properties Measured: diffusion_coefficient
Force Fields Used: Hybrid molecular dynamics / multi-particle collision dynamics (MD/MPCD)

Sample Data:
  - Polyvinyl Alcohol with Benzene: diffusion_coefficient = 0.043*

DOI: https://doi.org/10.1063/1.3694672",paper,https://doi.org/10.1063/1.3694672,Hybrid molecular dynamics simulations of living filaments,Polyvinyl Alcohol with Benzene,diffusion_coefficient,1
"Title: Influence of Surface Grafted Polymers on the Polymer Dynamics in a Silica_Polystyrene Nanocomposite_ A Coarse-Grained Molecular Dynamics Investigation

Abstract: Performing coarse-grained molecular dynamics simulations, the local dynamics of free and grafted polystyrene chains surrounding a spherical silica nanoparticle has been investigated, where the silica nanoparticle was either bare or grafted with 80-monomer polystyrene chains. The effect of the free (matrix) chain molecular weight and grafting density on the relaxation time of both the free and grafted polystyrene chains has been investigated. Furthermore, we have analyzed the local mobility of the grafted chains at different separations from the nanoparticle surface, as well as on the mean square displacement of the nanoparticles. Proximity to the surface, confinement by the surface, increased grafting density and increased matrix chain length were found to slow down the dynamics of the chain monomers and hence to increase the corresponding relaxation times. ""Drying"" of the grafted network of the nanoparticle via increasing the free chain lengths, which is known to shrink the brush-height, was found to slow down the relaxation of the brushes, too. The thickness of the interphase, beyond which the polymers showed bulklike behavior, was ‚Äö√†¬∫2 nm for a bare nanoparticle, corresponding to four monomer layers, for all matrix chain lengths investigated. It increased to ‚Äö√†¬∫3 nm for grafted nanoparticles depending on the grafting density and the matrix chain molecular weight.

Polymers Studied: Polystyrene (PS), Polystyrene
Properties Measured: diffusion_coefficient, radius_gyration, density
Force Fields Used: Coarse-grained MD (IBI potentials), Coarse-grained (CG) model

Sample Data:
  - Polystyrene (PS): diffusion_coefficient = 2.44e-12
  - Polystyrene (PS): diffusion_coefficient = 2.25e-12
  - Polystyrene (PS): radius_gyration = 2.38
  - Polystyrene (PS): diffusion_coefficient = 1.03e-12
  - Polystyrene (PS): radius_gyration = 1.01
  ... and 7 more measurements

DOI: https://doi.org/10.1021/jp407109r",paper,https://doi.org/10.1021/jp407109r,Influence of Surface Grafted Polymers on the Polymer Dynamics in a Silica_Polystyrene Nanocomposite_ A Coarse-Grained Molecular Dynamics Investigation,"Polystyrene (PS), Polystyrene","diffusion_coefficient, radius_gyration, density",12
"Title: Influence of oxidation on the dynamics in amorphous ethylene-propylene-diene-monomer copolymer: A molecular dynamics simulation

Abstract: This work is dedicated to the mechanism underlying the influence of the oxidation on the dynamic and static characteristics of ethylene-propylene-diene monomer (EPDM) copolymer. A molecular dynamics simulation was employed to provide an insight into the effects of oxidation on the micro and macroscopic properties, such as the density and self-diffusion, free volume, glass transition, and chain transition dynamics. The carbonyl product, the chain scission, and the crosslinking in the EPDM were considered. Self-coefficients and radial distribution function were analyzed to achieve the diffusion and the structure of the systems using a 10 ns produce run at an equilibrium (298 K). The temperature dependence of glass transition and the autocorrelation function for internal torsional rotation have been discussed for understanding the chain dynamics and flexibility after aging, such as the relaxation time and the activation energy. It turns out that the introduction of more carbonyl groups suppresses the internal rotation and the conformational transition of the chains, resulting in the decrease of diffusion M A N U S C R I P T A C C E P T E D ACCEPTED MANUSCRIPTand less flexibility due to the strong polar interaction. A system associated with short chains after chain scission possesses a low activation energy, indicating a more flexibility of the chains. Furthermore, the crosslinked structure contributes to the weak chain transition of EPDM (higher T g ) and the high modulus (harden). The different molecular dynamics could be derived from the interaction energy and the structures, such as polar and nonbonded interaction. Some aspects of the details of chain rotation are discussed in this paper.

Polymers Studied: Ethylene-Propylene-Diene Monomer Copolymer, Ethylene-Propylene-Diene Monomer Copolymer (oxidized variant k), Ethylene-Propylene-Diene Monomer Copolymer (oxidized variant l), Ethylene-Propylene-Diene Monomer Copolymer (oxidized variant m), Ethylene-Propylene-Diene Monomer Copolymer (oxidized variant p+q), Ethylene-Propylene-Diene Monomer Copolymer (oxidized variant n), Ethylene-Propylene-Diene Monomer Copolymer (crosslinked)
Properties Measured: density, diffusion_coefficient, glass_transition_temp, radius_gyration
Force Fields Used: GAFF

Sample Data:
  - Ethylene-Propylene-Diene Monomer Copolymer: density = 0.871
  - Ethylene-Propylene-Diene Monomer Copolymer: diffusion_coefficient = 3.85e-12
  - Ethylene-Propylene-Diene Monomer Copolymer: glass_transition_temp = 280
  - Ethylene-Propylene-Diene Monomer Copolymer: radius_gyration = 2.16
  - Ethylene-Propylene-Diene Monomer Copolymer (oxidized variant k): density = 0.872
  ... and 19 more measurements

DOI: https://doi.org/10.1016/j.polymdegradstab.2017.12.001",paper,https://doi.org/10.1016/j.polymdegradstab.2017.12.001,Influence of oxidation on the dynamics in amorphous ethylene-propylene-diene-monomer copolymer: A molecular dynamics simulation,"Ethylene-Propylene-Diene Monomer Copolymer, Ethylene-Propylene-Diene Monomer Copolymer (oxidized variant k), Ethylene-Propylene-Diene Monomer Copolymer (oxidized variant l), Ethylene-Propylene-Diene Monomer Copolymer (oxidized variant m), Ethylene-Propylene-Diene Monomer Copolymer (oxidized variant p+q), Ethylene-Propylene-Diene Monomer Copolymer (oxidized variant n), Ethylene-Propylene-Diene Monomer Copolymer (crosslinked)","density, diffusion_coefficient, glass_transition_temp, radius_gyration",24
"Title: Interaction between P3HT and Au/Ag/Cu/Al nanowires: A molecular dynamics study

Abstract: The synthesis and characterization of polymer-nanowires (NWs) comp osites have recently received important attention because of the new and improved properties of these materials for a wide range of applications suc h as ultrastrong materials, solar cell technology, bio-environmental sensing, aerospace, catalysis , sensors, optical devices, ultra-low power electronic devices and high density memories. In this work, molecular dynamics simulations (MD) with polymer consistent force field (PCFF) were performed to study the interaction between Poly(3-hexythiophene) (P3HT) and gold, silver, copper and aluminum nanowires in vacuum, because the interfacial interaction between polymer and NW has main effect on mechanical and electrical properties. The influence of main factors such as NW radius, type of metal and temperat ure on the interfacial adhesion of NW-P3HT and radius of gyration of polymers (R g ) were studied. This study shows that the interaction energy decreases weakly with increasing temperature. We found that Au shows the strongest interaction energy, then Ag, Cu, and finally Al. In addition, the inter action energy increased with increasing NW radius, thus the NW with large radius is the best type for reinforcement. The influence of NW diameter and temperature on R g was investigated. We found that R g oscillated slowly with increasing of temperature and NW diameter and they have no any influences on the radius of gyration of polymers (R g ). We found that the inter action energy between P3HT and NW is stronger than interactio n energy between P3HT and CNTs, thus NWs can replace instead of CNTs in ultrastrong materials.

Polymers Studied: Poly(3-hexylthiophene)
Properties Measured: radius_gyration
Force Fields Used: PCFF

Sample Data:
  - Poly(3-hexylthiophene): radius_gyration = 0.825

DOI: https://doi.org/10.1016/j.commatsci.2013.03.040",paper,https://doi.org/10.1016/j.commatsci.2013.03.040,Interaction between P3HT and Au/Ag/Cu/Al nanowires: A molecular dynamics study,Poly(3-hexylthiophene),radius_gyration,1
"Title: Interaction of Curcumin with PEO‚ÄìPPO‚ÄìPEO Block Copolymers: A Molecular Dynamics Study

Abstract: Curcumin, a naturally occurring drug molecule, has been extensively investigated for its various potential usages in medicine. Its water insolubility and high metabolism rate require the use of drug delivery systems to make it effective in the human body. Among various types of nanocarriers, block copolymer based ones are the most effective. These polymers are broadly used as drug-delivery systems, but the nature of this process is poorly understood. In this paper, we propose a molecular dynamics simulation study of the interaction of Curcumin with block copolymer based on polyethylene oxide (PEO) and polypropylene oxide (PPO). The study has been conducted considering the smallest PEO and PPO oligomers and multiple chains of the block copolymer Pluronic P85. Our study shows that the more hydrophobic 1,2-dimethoxypropane (DMP) molecules and PPO block preferentially coat the Curcumin molecule. In the case of the Pluronic P85, simulation shows formation of a drug-polymer aggregate within 50 ns. This process leaves exposed the PEO part of the polymers, resulting in better solvation and stability of the drug in water.

Polymers Studied: Pluronic P85 (PEO-PPO-PEO triblock copolymer)
Properties Measured: radius_gyration
Force Fields Used: GROMOS96

Sample Data:
  - Pluronic P85 (PEO-PPO-PEO triblock copolymer): radius_gyration = 2.13
  - Pluronic P85 (PEO-PPO-PEO triblock copolymer): radius_gyration = 5

DOI: https://doi.org/10.1021/jp309476u",paper,https://doi.org/10.1021/jp309476u,Interaction of Curcumin with PEO‚ÄìPPO‚ÄìPEO Block Copolymers: A Molecular Dynamics Study,Pluronic P85 (PEO-PPO-PEO triblock copolymer),radius_gyration,2
"Title: Interface Characteristics of Neat Melts and Binary Mixtures of Polyethylenes from Atomistic Molecular Dynamics Simulations

Abstract: Molecular dynamics simulations of free-standing thin films of neat melts of polyethylene (PE) chains up to C 150 H 302 and their binary mixtures with n-C 13 H 28 are performed employing a united atom model. We estimate the surface tension values of PE melts from the atomic virial tensor over a range of temperatures, which are in good agreement with experimental results. Compared with short n-alkane systems, there is an enhanced surface segregation of methyl chain ends in longer PE chains. Moreover, the methyl groups become more segregated in the surface region with decreasing temperature, leading to the conclusion that the surface-segregation of methyl chain ends mainly arises from the enthalpic origin attributed to the lower cohesive energy density of terminal methyl groups. In the mixtures of two different chain lengths, the shorter chains are more likely to be found in the surface region, and this molecular segregation in moderately asymmetric mixtures in the chain length (C 13 H 28 + C 44 H 90 ) is dominated by the enthalpic effect of methyl chain ends. Such molecular segregation is further enhanced and dominated by the entropic effect of conformational constraints in the surface for the highly asymmetric mixtures containing long polymer chains (C 13 H 28 + C 150 H 3020 ). The estimated surface tension values of the mixtures are consistent with the observed molecular segregation characteristics. Despite this molecular segregation, the normalized density of methyl chain ends of the longer chain is more strongly enhanced, as compared with the all-segment density of the longer chain itself, in the surface region of melt mixtures. In addition, the molecular segregation results in higher order parameter of the shorter-chain segments at the surface and deeper persistence of surface-induced segmental order into the film for the longer chains, as compared with those in neat melt films.

Polymers Studied: Polyethylene (C44H90), Polyethylene (C150H302)
Properties Measured: density
Force Fields Used: United Atom model

Sample Data:
  - Polyethylene (C44H90): density = 0.788
  - Polyethylene (C150H302): density = 0.811

DOI: https://doi.org/10.3390/polym12051059",paper,https://doi.org/10.3390/polym12051059,Interface Characteristics of Neat Melts and Binary Mixtures of Polyethylenes from Atomistic Molecular Dynamics Simulations,"Polyethylene (C44H90), Polyethylene (C150H302)",density,2
"Title: Interface characteristics of polystyrene melts in free-standing thin films and on graphite surface from molecular dynamics simulations

Abstract: Interface characteristics of polystyrene (PS) melts in free-standing thin films and on a graphite surface were investigated by molecular dynamics simulations employing an explicit all-atom force field. The calculated surface tension is in good agreement with experiment, which provides good support for the force field parameters employed. In the polymer/vacuum free-surface region, the density profile exhibits an enrichment of phenyl groups relative to the backbone alkyl groups at the outermost low-density free surface, but this free surface is followed by a layer of relatively depleted phenyls and enriched alkyls of ca. 7 ‚àö√ñ thickness. In the free surface, the phenyl-ring normal vectors and backbone chain vectors are both preferentially oriented along the film surface, in agreement with available experiments. At the polymer/ graphite interface, the backbone chain vectors are strongly oriented along the graphite surface whereas the orientation distribution of phenyl-ring normal vectors exhibits two maxima along the nearly parallel (20 ) and the perpendicular direction to the graphite-surface normal. A densely packed structure is formed at the PS-graphite interface, which strongly decreases the segmental chain mobility, in contrast to the enhanced segmental mobility in the free-surface region.

Polymers Studied: Polystyrene
Properties Measured: density
Force Fields Used: Smith et al. explicit all-atom

Sample Data:
  - Polystyrene: density = 0.984

DOI: https://doi.org/10.1016/j.polymer.2017.02.078",paper,https://doi.org/10.1016/j.polymer.2017.02.078,Interface characteristics of polystyrene melts in free-standing thin films and on graphite surface from molecular dynamics simulations,Polystyrene,density,1
"Title: Interfacial Molecular Structure and Dynamics of Confined Ring Polymer Melts under Shear Flow

Abstract: We present the fundamental molecular characteristics underlying the rheological behaviors of interfacial ring polymers in a wide range of flow strengths using atomistic nonequilibrium molecular dynamics simulations of confined ring polyethylene melts under shear. Ring polymer, with its intrinsic closed molecular topology, exhibits a weaker interfacial slip in the weak-to-intermediate flow regime as compared to its linear analogue because of the larger friction between the ring chains and the wall arising from a longer chain dimension in the neutral direction at the interface. In the intermediate flow regime, ring polymer displays, in addition to the standard out-of-plane wagging mechanism of local loops (similar to the linear polymer), a distinctive molecular mechanism (loop migration) wherein locally created chain loops propagate along the chain in the flow direction. This additional mechanism leads to a lesser degree of the overall decreasing tendency of interfacial slip in the intermediate flow regime. In the strong flow regime, interfacial ring chains display rotation and tumbling dynamics at the wall. However, in contrast to the linear polymer, the ring polymer exhibits two distinct (parallel and vertical) loop tumbling dynamics depending on the angle of the loop-section plane relative to the vorticity plane. We further observed that at strong flow fields an interfacial chain is frequently coupled with other nearby interfacial chains, implicating an increased effective molecular weight of a moving interfacial chain thereby affecting the interfacial chain dynamics and properties. These dynamical features may enhance our understanding of various interfacial properties and phenomena in practical polymer processes.

Polymers Studied: Polyethylene (C128 ring), Polyethylene (C400 linear), Polyethylene (C400 ring)
Properties Measured: density
Force Fields Used: TraPPE and SKS united atom model

Sample Data:
  - Polyethylene (C128 ring): density = 0.77
  - Polyethylene (C400 linear): density = 0.7294
  - Polyethylene (C400 ring): density = 0.739

DOI: https://doi.org/10.1021/acs.macromol.8b00395",paper,https://doi.org/10.1021/acs.macromol.8b00395,Interfacial Molecular Structure and Dynamics of Confined Ring Polymer Melts under Shear Flow,"Polyethylene (C128 ring), Polyethylene (C400 linear), Polyethylene (C400 ring)",density,3
"Title: Interfacial adhesion behavior of polyimides on silica glass: A molecular dynamics study

Abstract: Steered molecular dynamics (SMD) Reactive force-field (ReaxFF) Polyimide Silica glass (SiO 2 ) Potential of mean force (PMF) a b s t r a c tWe investigate the adhesion behavior between polyimide and silica glass using molecular dynamics simulations, which is important for improving the manufacturing process of flexible displays. Various polyimides are simulated to understand the complex adhesion mechanisms that occur at the interface with inorganic glass. Through the pulling process implemented within the framework of steered molecular dynamics using reactive force-field, we calculate properties such as potential of mean force, pulling distance, and pulling force, which govern the adhesion behavior at the polymer-glass interface. It is found that a polyimide with a lower coefficient of thermal expansion requires a greater force but a shorter pulling distance to completely detach it from the silica surface. The change in the chain conformation during the pulling process reveals that polyimide chains near the interface dominate the molecular response due to their stronger adhesion to the glass surface. The decomposed energy terms from the interatomic potential indicate that the contribution from bonds and coulombic energy play the most significant role in the deformation of the system. Finally, failure mode analysis demonstrates that adhesive failure is the dominant mechanism regardless of the type of polyimide.

Polymers Studied: Polyamide (DHBZ-BPDA), Polyamide (DHBZ-BTDA), Polyamide (DHBZ-DTDA)
Properties Measured: density, radius_gyration, youngs_modulus
Force Fields Used: ReaxFF

Sample Data:
  - Polyamide (DHBZ-BPDA): density = 1.3
  - Polyamide (DHBZ-BPDA): radius_gyration = 3.164
  - Polyamide (DHBZ-BPDA): youngs_modulus = 8.2
  - Polyamide (DHBZ-BTDA): density = 1.32
  - Polyamide (DHBZ-BTDA): radius_gyration = 2.438
  ... and 4 more measurements

DOI: https://doi.org/10.1016/j.polymer.2016.06.017",paper,https://doi.org/10.1016/j.polymer.2016.06.017,Interfacial adhesion behavior of polyimides on silica glass: A molecular dynamics study,"Polyamide (DHBZ-BPDA), Polyamide (DHBZ-BTDA), Polyamide (DHBZ-DTDA)","density, radius_gyration, youngs_modulus",9
"Title: Investigation by molecular dynamics simulation of the glass transition temperature and elastic properties of amorphous polymers PMMA, PMAAM and PMMA co PMAAM copolymers

Abstract: In this study, the glass transition temperatures T g of both polymethacrylamide (PMAAM) and polymethylmethacrylate (PMMA) polymers, and their related copolymers P(MMA (1 -x) MAAM (x) ) at various composition (x) were calculated, using molecular dynamics simulation. Calculations are performed using AMBER force field to describe the potential energies of homopolymers and copolymers structures. We have employed the static method to determine the bulk modulus, Young's modulus, shear modulus and Poisson's ratio at temperature 300 K. Our results stay in good agreement with the experimental ones. The T g of PMAAM (213.3 ¬¨‚àûC) is greater than T g of PMMA (115.9 ¬¨‚àûC) which is explained by the difference in their chemical structures, while the T g increases linearly with increasing composition (x) in copolymer P(MMA (1 -x) MAAM (x) ). From our findings, we have investigated the viscoelastic behavior at different regions to predict the effect of temperature on the mechanical properties of these polymers and copolymers.

Polymers Studied: Poly(methyl methacrylate), Poly(methacrylamide), Poly(methyl methacrylate-co-methacrylamide)
Properties Measured: glass_transition_temp, youngs_modulus
Force Fields Used: AMBER

Sample Data:
  - Poly(methyl methacrylate): glass_transition_temp = 388.9
  - Poly(methyl methacrylate): youngs_modulus = 3.19
  - Poly(methacrylamide): glass_transition_temp = 483.4
  - Poly(methacrylamide): youngs_modulus = 4.84
  - Poly(methyl methacrylate-co-methacrylamide): glass_transition_temp = 422.9
  ... and 9 more measurements

DOI: https://doi.org/10.1007/s00289-016-1637-z",paper,https://doi.org/10.1007/s00289-016-1637-z,"Investigation by molecular dynamics simulation of the glass transition temperature and elastic properties of amorphous polymers PMMA, PMAAM and PMMA co PMAAM copolymers","Poly(methyl methacrylate), Poly(methacrylamide), Poly(methyl methacrylate-co-methacrylamide)","glass_transition_temp, youngs_modulus",14
"Title: Investigation of nanoparticle‚Äö√Ñ√¨polymer interaction in bio-based nanosilica-filled PLA/NR nanocomposites: molecular dynamics simulation

Abstract: Molecular dynamics (MD) simulation, by employing the COMPASS force field, was utilized to investigate structural and thermal characteristics as well as interfacial interactions between components of nanocomposite consisting of poly(lactic acid) (PLA)/ natural rubber (NR)/nanosilica, abbreviated as PSxN, where 1 ‚Äö√¢¬ß x ‚Äö√¢¬ß 7 and it represents the parts of SiO 2 nanoparticles added to the PLA/NR (PN) blend. Analysis of the obtained results including density (≈ì√Ö), fractional free volume (FFV), glass transition temperature (T g ), interaction energy (E interaction ), and radial distribution function (RDF) of these nanocomposites was performed. Comparing E interaction of nanocomposites with that of the PN blend showed that the interactions between the chains of the two polymers are highly dependent on the added amounts of silica nanoparticles, so that by adding silica to the PN blend to obtain PS1N and PS3N nanocomposites, the amount of E interaction was reduced to a smaller positive value, which indicates the tendency of the nanocomposite's components to interact with each other. By further addition of silica nanoparticles to have PS5N and PS7N nanocomposites and then by analysis of the RDF results, it was found that the nanoparticles were not well dispersed in these two nanocomposites and they were accumulated in the NR rubbery phase. Therefore, the percolation threshold for silica loading on the PN blend is at most 3 parts (x = 3). These results as well as the other obtained simulation results were compared with the available experimental data, and the agreement observed between them approved the simulation procedure and validated the obtained results.

Polymers Studied: Poly(lactic acid), PLA + silica nanocomposite (PS1), PLA + 3 parts silica., Natural Rubber, NR + 3 parts silica (NS3), PLA/NR (90/10), PLA/NR blend (PN), PLA/NR blend with silica, PLA/NR/silica nanocomposite, Polystyrene nanocomposite (PS7 + Nanofiller)
Properties Measured: density, glass_transition_temp
Force Fields Used: COMPASS

Sample Data:
  - Poly(lactic acid): density = 1.26
  - Poly(lactic acid): glass_transition_temp = 332
  - PLA + silica nanocomposite (PS1): density = 1.26
  - PLA + 3 parts silica.: density = 1.31
  - Natural Rubber: density = 1
  ... and 10 more measurements

DOI: https://doi.org/10.1007/s00894-020-04431-3",paper,https://doi.org/10.1007/s00894-020-04431-3,Investigation of nanoparticle‚Äö√Ñ√¨polymer interaction in bio-based nanosilica-filled PLA/NR nanocomposites: molecular dynamics simulation,"Poly(lactic acid), PLA + silica nanocomposite (PS1), PLA + 3 parts silica., Natural Rubber, NR + 3 parts silica (NS3), PLA/NR (90/10), PLA/NR blend (PN), PLA/NR blend with silica, PLA/NR/silica nanocomposite, Polystyrene nanocomposite (PS7 + Nanofiller)","density, glass_transition_temp",15
"Title: Investigation of packaging adhesive properties by molecular dynamics and experiments

Abstract: Adhesive polymer is a common and important material used for packaging of microelectronics and microsystem by attaching dies onto packaging shell, and its mechanical property plays a vital role in isolating dies from the thermal stress of substrate. Therefore, it is extremely significant to evaluate the polymer property in a specific packaging process. The molecular dynamics (MD) simulation is conducted in this article to investigate the material properties of the cross-linked epoxy resin formed by epoxy resin component diglycidyl ether bisphenol A (DGEBA) and curing agent 1,6-Diaminohexane. The polymer network with conversion up to 87.5% is successfully generated and simulated by constant pressure-constant temperature ensemble (NPT) and canonical ensemble (NVT) at different temperatures of curing process. Glass transition temperature (T g ) and Young's modulus are extracted and the predicted material properties are in great agreement with the experimental data. The conclusion provides a guideline to design the special curing process for different adhesive requirements.

Polymers Studied: Epoxy resin (DGEBA and 1,6-Diaminohexane)
Properties Measured: glass_transition_temp, youngs_modulus
Force Fields Used: COMPASS

Sample Data:
  - Epoxy resin (DGEBA and 1,6-Diaminohexane): glass_transition_temp = 350
  - Epoxy resin (DGEBA and 1,6-Diaminohexane): youngs_modulus = 4.72

DOI: https://doi.org/10.1002/app.49613",paper,https://doi.org/10.1002/app.49613,Investigation of packaging adhesive properties by molecular dynamics and experiments,"Epoxy resin (DGEBA and 1,6-Diaminohexane)","glass_transition_temp, youngs_modulus",2
"Title: Investigation of the self-assembly of CS and PCL copolymers with different molecular weights in water solution by coarse-grained molecular dynamics simulation

Abstract: Coarse-grained molecular dynamics (CGMD) simulation was employed to investigate how stable chondroitin sulfate-graft-polycaprolactone (CS-PCL, CP) copolymers self-assemble into micelles in an aqueous environment. Three types of CP containing low (2.4%), medium (6.3%), and high (18.7%) PCL contents (denoted L-CP, M-CP, and H-CP, respectively) in which PCL molecules consisting of 63 monomers were grafted onto each CS molecule consisting of 120 monomers were considered. L-CP and M-CP were found to display spheroidal micellar structures, while H-CP presented a rod-like structure, in agreement with previous experimental observations. In addition, the entanglement of the PCL segment increased as its molecular weight was increased. The number density distribution profiles of PCL, CS, and water molecules indicated that there were a few water molecules between the PCL core of the micelle and the water solution surrounding the micelle (in the micelle layer immediately above the core), and the number density of water in the CP micelle increased as the PCL content decreased. Using the radius of gyration, the three-dimensional conformations of the micelles were explored. When the number of CP chains was 3, H-CP adopted a long nanorod form, whereas L-CP and M-CP were roughly nanospherical. When the number of CP chains was increased beyond 3, however, the structure of L-CP changed from a nanosphere to a nanodisk. Finally, the slope of the mean square displacement profile was greatest when the molecular weight of the PCL segment was lowest, indicating that the mobilities of the CS and PCL segments are highest in L-CP. The self-diffusion coefficients of the CS and PCL segments decreased as the number of PCL segments grafted increased.

Polymers Studied: Chondroitin sulfate-graft-polycaprolactone (low PCL content), Chondroitin sulfate-graft-polycaprolactone (medium PCL content), Chondroitin sulfate-graft-polycaprolactone (high PCL content)
Properties Measured: density, radius_gyration
Force Fields Used: COMPASS

Sample Data:
  - Chondroitin sulfate-graft-polycaprolactone (low PCL content): density = 1.37
  - Chondroitin sulfate-graft-polycaprolactone (medium PCL content): radius_gyration = 4.54
  - Chondroitin sulfate-graft-polycaprolactone (high PCL content): radius_gyration = 7.1

DOI: https://doi.org/10.1007/s00894-017-3294-z",paper,https://doi.org/10.1007/s00894-017-3294-z,Investigation of the self-assembly of CS and PCL copolymers with different molecular weights in water solution by coarse-grained molecular dynamics simulation,"Chondroitin sulfate-graft-polycaprolactone (low PCL content), Chondroitin sulfate-graft-polycaprolactone (medium PCL content), Chondroitin sulfate-graft-polycaprolactone (high PCL content)","density, radius_gyration",3
"Title: Is the alignment of nematics on a polymer slab always along the rubbing direction? A molecular dynamics study

Abstract: We have studied the alignment and molecular organisation within a thin film of the popular nematic 5CB sandwiched between two flat polymer slabs, examining the effect of polymer chemical nature and morphology with atomistic molecular dynamics simulations. We have chosen two common polymers: polystyrene (PS) and polymethylmethacrylate (PMMA), either with their chains in random coil conformation (disordered) or with chains unidirectionally stretched (ordered). We found that, independently on the arrangement of the chains, both surfaces align planarly the liquid crystal, in accord with experimental observation. Moreover, while 5CB molecules align along the chains stretching direction of the PMMA ordered surface, on the combed PS surface they arrange on average perpendicularly to the stretching direction. This behaviour is attributed to the chemically specific interactions between the respective aromatic moieties of PS and 5CB.

Polymers Studied: Polystyrene, Poly(methyl methacrylate)
Properties Measured: density, radius_gyration
Force Fields Used: AMBER-OPLS

Sample Data:
  - Polystyrene: density = 0.99
  - Polystyrene: radius_gyration = 1.9
  - Polystyrene: radius_gyration = 2.9
  - Poly(methyl methacrylate): density = 1.04
  - Poly(methyl methacrylate): radius_gyration = 2
  ... and 2 more measurements

DOI: https://doi.org/10.1080/02678292.2017.1342146",paper,https://doi.org/10.1080/02678292.2017.1342146,Is the alignment of nematics on a polymer slab always along the rubbing direction? A molecular dynamics study,"Polystyrene, Poly(methyl methacrylate)","density, radius_gyration",7
"Title: Large deformation mechanism of glassy polyethylene polymer nanocomposites: Coarse grain molecular dynamics study

Abstract: The polymer nanocomposites (PNCs) have shown substantially enhanced mechanical properties compared to the conventional polymers without nano-fillers. However, the dominating deformation mechanism of PNCs and the influence of nanoparticles (NPs) on the mechanical response remain elusive, especially at large deformation. In this study, we used coarse-grained (CG) molecular dynamics (MD) model to investigate the large deformation mechanism of polyethylene (PE)-based PNCs at glassy state. Spherical NPs are modeled by the Lennard-Jones (LJ) sites placed on spherical shells and interact with PE polymer through LJ potential. We found that NP/polymer interaction strength between NP and polymer as well as NP volume fraction are the key factors that determine the mechanical properties of PE PNCs. The addition of NPs affects the mechanical behaviors of PNCs under tension and compression differently. PNCs deform affinely during compression and can be reinforced by adding NP -as long as the interaction strength of NP/polymer is higher than the polymer/polymer strength. However, PNCs are very susceptible to localized deformation upon tension as NP addition could introduce non-uniform stress distribution in the PE matrix and reduce the number of polymer/polymer entanglements. The localized deformation during tensile loading can be inhibited when the volume fraction of NPs is sufficiently large and when NP/ polymer interaction strength is much higher than polymer/polymer interaction strength.

Polymers Studied: Polyethylene
Properties Measured: density, glass_transition_temp, youngs_modulus
Force Fields Used: Coarse-grained (CG) model

Sample Data:
  - Polyethylene: density = 0.5
  - Polyethylene: glass_transition_temp = 200-300
  - Polyethylene: youngs_modulus = 2.18
  - Polyethylene: youngs_modulus = 2.76

DOI: https://doi.org/10.1016/j.commatsci.2014.06.003",paper,https://doi.org/10.1016/j.commatsci.2014.06.003,Large deformation mechanism of glassy polyethylene polymer nanocomposites: Coarse grain molecular dynamics study,Polyethylene,"density, glass_transition_temp, youngs_modulus",4
"Title: Lithium Ion Transport Mechanism in Ternary Polymer Electrolyte-Ionic Liquid Mixtures: A Molecular Dynamics Simulation Study

Abstract: The lithium transport mechanism in ternary polymer electrolytes, consisting of PEO 20 LiTFSI and various fractions of the ionic liquid PYR 13 TFSI, is investigated by means of MD simulations. This is motivated by recent experimental findings (Passerini et al. Electrochim. Acta 2012, 86, 330), which demonstrated that these materials display an enhanced lithium mobility relative to their binary counterpart PEO 20 LiTFSI. In order to grasp the underlying microscopic scenario giving rise to these observations, we employ an analytical, Rouse-based cation transport model (Maitra et al. Phys. Rev. Lett. 2007, 98, 227802), which has originally been devised for conventional polymer electrolytes. This model describes the cation transport via three different mechanisms, each characterized by an individual time scale. It turns out that also in the ternary electrolytes essentially all lithium ions are coordinated by PEO chains, thus, ruling out a transport mechanism enhanced by the presence of ionic-liquid molecules. Rather, the plasticizing effect of the ionic liquid contributes to the increased lithium mobility by enhancing the dynamics of the PEO chains and consequently also the motion of the attached ions. Additional focus is laid on the prediction of lithium diffusion coefficients from the simulation data for various chain lengths and the comparison with experimental data, thus demonstrating the broad applicability of our approach.

Polymers Studied: Poly(ethylene oxide) with LiTFSI (20:1) and 0.66 PYR13TFSI
Properties Measured: diffusion_coefficient
Force Fields Used: AMBER 10 many-body polarizable force field

Sample Data:
  - Poly(ethylene oxide) with LiTFSI (20:1) and 0.66 PYR13TFSI: diffusion_coefficient = 3.54e-11

DOI: https://doi.org/10.1021/mz3006457",paper,https://doi.org/10.1021/mz3006457,Lithium Ion Transport Mechanism in Ternary Polymer Electrolyte-Ionic Liquid Mixtures: A Molecular Dynamics Simulation Study,Poly(ethylene oxide) with LiTFSI (20:1) and 0.66 PYR13TFSI,diffusion_coefficient,1
"Title: Local and global dynamics of multi-resolved polymer chains: Effects of the interactions atoms-beads on the dynamic of the chains

Abstract: We present a thorough analysis of the dynamic behaviour of hybrid atomistic/coarse-grained (CG) models of polymer melts. While structural properties are well preserved in a dual-resolved model, we show how the dynamic of the chains can be influenced by the simultaneous presence of atoms and beads. We show that although the polymer chains are long enough to exhibit reptation, the corresponding CG model is unable to capture the expected subdiffusive regimes and seems to still follow the Rouse dynamics. The introduction of atoms in the chain restores the correct dynamic regime, and the dynamics of hybrid systems becomes comparable to that of the atomistic dynamics as the atoms/beads ratio is increased.

Polymers Studied: Polyethylene, Polyethylene (PE-A0), Polyethylene (PE-A180), Polyethylene (PE-A330)
Properties Measured: density
Force Fields Used: Smit et al. atomistic force field and IBI coarse-grained force field, IBI coarse-grained force field, Hybrid atomistic/coarse-grained (Smit et al. + IBI)

Sample Data:
  - Polyethylene: density = 0.78
  - Polyethylene (PE-A0): density = 0.78
  - Polyethylene (PE-A180): density = 0.78
  - Polyethylene (PE-A330): density = 0.78

DOI: https://doi.org/10.1063/1.4976645",paper,https://doi.org/10.1063/1.4976645,Local and global dynamics of multi-resolved polymer chains: Effects of the interactions atoms-beads on the dynamic of the chains,"Polyethylene, Polyethylene (PE-A0), Polyethylene (PE-A180), Polyethylene (PE-A330)",density,4
"Title: Material property prediction of thermoset polymers by molecular dynamics simulations

Abstract: Molecular dynamics simulations are conducted to predict thermal and mechanical properties of a family of thermoset polymers. We focus on the effect of cross-linkers on density, glass transition temperature, elastic constants, and strength. The polymers are composed of the epoxy resin DGEBA (EPON825) and a series of cross-linkers with different number of active sites and rigidity 33DDS, 44DDS, APB133, TREN, and TAPA. Our simulations quantify effects of cross-linkers on thermal and mechanical properties.

Polymers Studied: Epoxy resin (DGEBA cured with 3,3'-Diaminodiphenylsulfone), Epoxy resin (DGEBA cured with 4,4'-Diaminodiphenylsulfone), Epoxy resin (DGEBA cured with APB133), Epoxy resin (DGEBA cured with Tris(2-aminoethyl)amine), Epoxy resin (DGEBA cured with Tris(4-aminophenyl)amine)
Properties Measured: density, glass_transition_temp, youngs_modulus
Force Fields Used: DREIDING

Sample Data:
  - Epoxy resin (DGEBA cured with 3,3'-Diaminodiphenylsulfone): density = 1.161
  - Epoxy resin (DGEBA cured with 3,3'-Diaminodiphenylsulfone): glass_transition_temp = 519
  - Epoxy resin (DGEBA cured with 3,3'-Diaminodiphenylsulfone): youngs_modulus = 2.81
  - Epoxy resin (DGEBA cured with 4,4'-Diaminodiphenylsulfone): density = 1.156
  - Epoxy resin (DGEBA cured with 4,4'-Diaminodiphenylsulfone): glass_transition_temp = 536
  ... and 8 more measurements

DOI: https://doi.org/10.1007/s00707-013-1064-2",paper,https://doi.org/10.1007/s00707-013-1064-2,Material property prediction of thermoset polymers by molecular dynamics simulations,"Epoxy resin (DGEBA cured with 3,3'-Diaminodiphenylsulfone), Epoxy resin (DGEBA cured with 4,4'-Diaminodiphenylsulfone), Epoxy resin (DGEBA cured with APB133), Epoxy resin (DGEBA cured with Tris(2-aminoethyl)amine), Epoxy resin (DGEBA cured with Tris(4-aminophenyl)amine)","density, glass_transition_temp, youngs_modulus",13
"Title: Mechanical Properties of Glassy Polyethylene Nanofibers via Molecular Dynamics Simulations

Abstract: The extent to which the intrinsic mechanical properties of polymer fibers depend on physical size has been a matter of dispute that is relevant to most nanofiber applications. Here, we report the elastic and plastic properties determined from molecular dynamics simulations of amorphous, glassy polymer nanofibers with diameter ranging from 3.7 to 17.7 nm. We find that, for a given temperature, the Young's elastic modulus E decreases with fiber radius and can be as much as 52% lower than that of the corresponding bulk material. Poisson's ratio ≈íŒ© of the polymer comprising these nanofibers was found to decrease from a value of 0.3 to 0.1 with decreasing fiber radius. Our findings also indicate that a small but finite stress exists on the simulated nanofibers prior to elongation, attributable to surface tension. When strained uniaxially up to a tensile strain of ≈í¬µ = 0.2 over the range of strain rates and temperatures considered, the nanofibers exhibit a yield stress ≈ì√â y between 40 and 72 MPa, which is not strongly dependent on fiber radius; this yield stress is approximately half that of the same polyethylene simulated in the amorphous bulk.

Polymers Studied: Polyethylene, Polyethylene bulk, Polyethylene nanofibers
Properties Measured: glass_transition_temp, radius_gyration, youngs_modulus
Force Fields Used: United atom model by Paul et al. with modifications by Bolton et al. and In't Veld and Rutledge

Sample Data:
  - Polyethylene: glass_transition_temp = 280
  - Polyethylene: radius_gyration = 1.6
  - Polyethylene: youngs_modulus = 1.05
  - Polyethylene: youngs_modulus = 0.89
  - Polyethylene: youngs_modulus = 0.03
  ... and 6 more measurements

DOI: https://doi.org/10.1021/ma900250y",paper,https://doi.org/10.1021/ma900250y,Mechanical Properties of Glassy Polyethylene Nanofibers via Molecular Dynamics Simulations,"Polyethylene, Polyethylene bulk, Polyethylene nanofibers","glass_transition_temp, radius_gyration, youngs_modulus",11
"Title: Mechanical behaviors and molecular deformation mechanisms of polymers under high speed shock compression: A molecular dynamics simulation study

Abstract: Molecular dynamics (MD) simulations based on a united atom (UA) approach are performed to analyze the mechanical behaviors of polyethylene (PE) under high speed shock compression. With shock loads in a wide range from 0.3 km/s to 2 km/s, the behaviors of shock wave propagations in the polymer are presented. It is found that shock front thickness decreases as the shock load increases and even approaches to zero when the shock load reaches 2 km/s. Hugoniot curves in u s -u p and P-u p are presented, which agree qualitatively with the experimental results. In addition, the molecular morphological evolution is analyzed by the statistical method, which indicates that the major molecular deformation mechanism is bending instead of torsion. More evidences show that how internal mechanism associated with distributions of bond lengths, bond angles, dihedral angles and normalized mean-square radii of gyration.

Polymers Studied: Polyethylene
Properties Measured: density
Force Fields Used: Dreiding potential (united atom approach)

Sample Data:
  - Polyethylene: density = 0.9

DOI: https://doi.org/10.1016/j.polymer.2016.06.047",paper,https://doi.org/10.1016/j.polymer.2016.06.047,Mechanical behaviors and molecular deformation mechanisms of polymers under high speed shock compression: A molecular dynamics simulation study,Polyethylene,density,1
"Title: Mechanics and nanovoid nucleation dynamics: effects of polar functionality in glassy polymer networks

Abstract: We use molecular simulations and experiments to rationalize the properties of a class of networks based on dicyclopentadiene (DCPD), a polymer with excellent fracture toughness and a high glass transition temperature (T g ), copolymerized with 5-norbornene-2-methanol (NBOH). DCPD is a highly non-polar hydrocarbon, while NBOH contains a hydroxy group, introducing polar functionality and hydrogen bonds (H-bonds). NBOH thus represents a possible route to improve the chemical compatibility of DCPD-based networks with less-hydrophobic materials. We systematically vary the NBOH content (polar chemistry) in DCPD networks, while maintaining other network parameters nearly constant, including the molecular weight between cross-links, chain rigidity, and T g . Using molecular dynamics (MD) simulations, we quantify the thermovolumetric and mechanical properties, including T g , cohesive energy density, stiffness, and yield strength. We compare these results with experiments on networks of similar composition, finding good agreement. The relation between these properties and polar chemistry are studied by examining a secondary network of physical cross-links, formed by hydrogen bonds between NBOH units. Further, we examine nanovoid formation, an energy dissipation mechanism hypothesized to contribute to the toughness of pDCPD. Using metadynamics to accelerate sampling, we quantify the nanovoid nucleation rate under hydrostatic tension, similar to the stress state in the plastic zone preceding a crack tip. Small additions of NBOH have minimal effect, but the rate drops steeply with larger amounts. Several properties are mapped at nanometer scales, including stiffness and mobility, and associated with void nucleation. Estimates of the length-and time-scale of the plastic zone near a crack tip are used in discussing nanovoid formation as a plausible toughening mechanism in these materials. Overall, the results suggest that pDCPD tolerates the addition of some polar chemistry without degrading its excellent mechanical properties.

Polymers Studied: Poly(dicyclopentadiene), Poly(dicyclopentadiene-co-norbornene-2-methanol), Poly(norbornene-2-methanol)
Properties Measured: density, glass_transition_temp, youngs_modulus
Force Fields Used: GAFF

Sample Data:
  - Poly(dicyclopentadiene): density = 1.02
  - Poly(dicyclopentadiene): glass_transition_temp = 421
  - Poly(dicyclopentadiene): youngs_modulus = 2.5
  - Poly(dicyclopentadiene-co-norbornene-2-methanol): density = 1.03
  - Poly(dicyclopentadiene-co-norbornene-2-methanol): glass_transition_temp = 421
  ... and 7 more measurements

DOI: https://doi.org/10.1039/c8sm01483c",paper,https://doi.org/10.1039/c8sm01483c,Mechanics and nanovoid nucleation dynamics: effects of polar functionality in glassy polymer networks,"Poly(dicyclopentadiene), Poly(dicyclopentadiene-co-norbornene-2-methanol), Poly(norbornene-2-methanol)","density, glass_transition_temp, youngs_modulus",12
"Title: Mechanisms of crazing in glassy polymers revealed by molecular dynamics simulations

Abstract: Mechanisms leading to initiation of crazing type failure in a glassy polymer are not clearly understood. This is mainly due to the difficulty in characterizing the stress state and polymer configuration sufficiently locally at the craze initiation site. Using molecular dynamics simulations, we have now been able to access this information and have shown that the local heterogeneous deformation leads to craze initiation in glassy polymers. We found that zones of high plastic activity are constrained by their neighborhood and become unstable, initiating crazing from these sites. Furthermore, based on the constant flow stresses observed in the unstable zones, we conclude that microcavitation is the essential local deformation mode to trigger crazing in glassy polymers. Our results demonstrate the basic difference in the local deformation mode as well as the conditions that lead to either shear-yielding or crazing type failures in glassy polymers. We anticipate our paper to help in devising a new criterion for craze initiation that not only considers the stress state, but also considers local deformation heterogeneities that form the necessary condition for crazing in glassy polymers.

Polymers Studied: Polyethylene
Properties Measured: density, glass_transition_temp
Force Fields Used: united atom model

Sample Data:
  - Polyethylene: density = 0.92
  - Polyethylene: glass_transition_temp = 250

DOI: https://doi.org/10.1103/physreve.86.021802",paper,https://doi.org/10.1103/physreve.86.021802,Mechanisms of crazing in glassy polymers revealed by molecular dynamics simulations,Polyethylene,"density, glass_transition_temp",2
"Title: Melt Structure and Dynamics of Unentangled Polyethylene Rings: Rouse Theory, Atomistic Molecular Dynamics Simulation, and Comparison with the Linear Analogues

Abstract: Atomistic configurations of model unentangled ring polyethylene (PE) melts ranging in chain length from C 24 up to C 400 have been subjected to detailed molecular dynamics (MD) simulations in the isothermal-isobaric statistical ensemble at temperature T = 450 K and P = 1 atm. Strictly monodisperse samples were employed in all cases. We present and discuss in detail simulation results for a variety of structural, thermodynamic, conformational and dynamic properties of these systems, and their variation with chain length. Among others, these include the mean chain radius of gyration, the pair correlation function, the intrinsic molecular shape, the local dynamics, the segmental mean square displacement (msd), the chain center-of-mass self-diffusion coefficient D G , the chain terminal relaxation time ≈ì√ë d , the characteristic spectrum of the Rouse relaxation times ≈ì√ë p , and the dynamic structure factor S(q,t). In all cases, the results are compared against the corresponding data from simulations with linear PE melts of the same chain length (the linear analogues) and the predictions of the Rouse theory for polymer rings which we derive here in its entirety. The Rouse theory is found to provide a satisfactory description of the simulation findings, especially for rings with chain length between C 50 and C 170 . An important finding of our work (from the observed dependence of D G , ≈ì√ë p , ≈í‚àÇ, and ≈í‚àë 0 on chain length N) is that PE ring melts follow approximately Rouse-like dynamics even when their chain length is as long as C 400 ; this is more than twice the characteristic crossover chain length (‚Äö√†¬∫C 156 ) marking the passage from Rouse to reptation dynamics for the corresponding linear PE melts. In a second step, and by mapping the simulation data onto the Rouse model, we have managed to extract the friction coefficient ≈í‚àÇ and the zero-shear rate viscosity ≈í‚àë 0 of the simulated ring melts. Overall, and in agreement with previous theoretical and experimental studies, our simulation results support that the structure of ring polymers in the melt is more compact than that of their linear analogues due to their nonconcatenated configurations. Additional results for the intermolecular mer-mer and center-of-mass pair correlation functions confirm that the effective correlation hole effect is more pronounced in melts of rings than in melts of linear chains.

Polymers Studied: Polyethylene (ring melt)
Properties Measured: density, radius_gyration
Force Fields Used: united-atom (UA) model with parameters from Nath and Khare, Van der Ploeg and Berendsen, Toxvaerd, T

Sample Data:
  - Polyethylene (ring melt): density = 0.773
  - Polyethylene (ring melt): radius_gyration = Varies with chain length; 

DOI: https://doi.org/10.1021/ma1017555",paper,https://doi.org/10.1021/ma1017555,"Melt Structure and Dynamics of Unentangled Polyethylene Rings: Rouse Theory, Atomistic Molecular Dynamics Simulation, and Comparison with the Linear Analogues",Polyethylene (ring melt),"density, radius_gyration",2
"Title: Mesoscale Molecular Dynamics Simulations of the Force between Surfaces with Grafted Poly(ethylene oxide) Chains Derived from Atomistic Simulations

Abstract: The force between parallel surfaces with grafted poly(ethylene oxide) chains was calculated using molecular dynamics simulations. First, a single chain surrounded by water molecules was simulated with full atomistic detail. On the basis of that, a coarse-grained model with implicit solvent was developed. The force between surfaces with grafted coarse-grained chains was calculated as a function of surface separation (3-18 nm), chain length (12-20 repeat units), grafting density (≈í√¨ = 0.01-2.04 chains/nm 2 ), and interactions between surface and polymer. Results showed that the force was mainly repulsive and increased monotonically as distance decreased. Chain length had a stronger influence on the force than ≈í√¨. For purely repulsive interactions between polymer and surfaces, chains had extended conformations, leading to higher repulsive forces between surfaces. For surfaces with higher affinity for polymer, adsorption took place. The force between surfaces was significant only for high ≈í√¨ because chains then achieved more extended conformations.

Polymers Studied: Poly(ethylene oxide) 10-mer
Properties Measured: density, radius_gyration
Force Fields Used: Smith et al. adapted force field for DME and PEO in aqueous solutions

Sample Data:
  - Poly(ethylene oxide) 10-mer: density = 0.99123
  - Poly(ethylene oxide) 10-mer: radius_gyration = 0.63
  - Poly(ethylene oxide) 10-mer: density = 0.99199
  - Poly(ethylene oxide) 10-mer: radius_gyration = 0.61

DOI: https://doi.org/10.1021/ma902060k",paper,https://doi.org/10.1021/ma902060k,Mesoscale Molecular Dynamics Simulations of the Force between Surfaces with Grafted Poly(ethylene oxide) Chains Derived from Atomistic Simulations,Poly(ethylene oxide) 10-mer,"density, radius_gyration",4
"Title: Miscibility analysis of polyethersulfone and polytetrafluoroethylene using the molecular dynamics method

Abstract: Investigation of the miscibility between polyethersulfone (PES) and polytetrafluoroethylene (PTFE) will be helpful in the preparation of functional polymers. The miscibility between PES and PTFE in different proportions was studied using molecular dynamics (MD) simulations, Fourier transform infrared spectroscopy (FTIR) and scanning electron microscopy (SEM). PES and PTFE are partly miscible as the weight fraction of PES is less than 30 wt%. The interaction between PES and PTFE polymers cannot be chemical bonding, and the non-bond interaction between them will play an important role in the blending. The hydrogen bond interaction can be ignored due to its low contribution to the non-bonded energies. Compared with hydrogen bond and electrostatic interactions, Van der Waals (vdW) shows a large influence on the non-bond interaction of pure PTFE; but its contribution in PES/PTFE blends decreases with the increasing addition of PES. The presence of PTFE suppresses the mobility of PES chains; nevertheless, the mobility of PTFE chains is unremarkably influenced by PES.

Polymers Studied: Poly(ethersulfone)/Poly(tetrafluoroethylene) blend
Properties Measured: density
Force Fields Used: COMPASS

Sample Data:
  - Poly(ethersulfone)/Poly(tetrafluoroethylene) blend: density = 2.09
  - Poly(ethersulfone)/Poly(tetrafluoroethylene) blend: density = 1.99
  - Poly(ethersulfone)/Poly(tetrafluoroethylene) blend: density = 1.9
  - Poly(ethersulfone)/Poly(tetrafluoroethylene) blend: density = 1.82
  - Poly(ethersulfone)/Poly(tetrafluoroethylene) blend: density = 1.74
  ... and 3 more measurements

DOI: https://doi.org/10.1007/s12221-015-0510-2",paper,https://doi.org/10.1007/s12221-015-0510-2,Miscibility analysis of polyethersulfone and polytetrafluoroethylene using the molecular dynamics method,Poly(ethersulfone)/Poly(tetrafluoroethylene) blend,density,8
"Title: Model of the DGEBA-EDA Epoxy Polymer: Experiments and Simulation Using Classical Molecular Dynamics

Abstract: Polyepoxy samples are synthesized from diglycidylether of bisphenol A (DGEBA) and ethylene diamine (EDA) monomers at a stoichiometric ratio of 2 DGEBA : 1 EDA in model conditions in order to promote a high degree of polymerization and a low density of defects and to try to approach the ideal models obtained by simulation. A slow polymerization (>24 h at ambient temperature) and a postcuring achieved in an inert atmosphere lead to a conversion degree of 92 ¬¨¬± 2% and a midpoint glass transition temperature of 391 ¬¨¬± 1 K. In parallel, a model is created with a multistep cross-linking procedure. In this work, all-atom molecular dynamics (MD) simulations are performed with LAMMPS and the GAFF 1.8 force field. In the initial liquid mixture of reactants (600 molecules), proper mixing is demonstrated by the calculation of the partial radial distribution functions (RDF), which show a minimum intermolecular distance of 2.8 ‚àö√ñ and similar distributions for EDA-EDA, DGEBA-DGEBA, and DGEBA-EDA molecules in the simulation boxes. Then, in alternation with MD equilibrations, cross-linking is performed on frozen configurations by creating covalent bonds between reactive pairs within a reaction radius of 3 ‚àö√ñ. The resulting boxes show conversion rates of 90-93% and densities close to the experimental value. Finally, a cooling ramp from 700 K to 25 K is applied in order to monitor the specific volume and the coefficient of volumetric thermal expansion (CVTE) of the polymer and to derive the glass transition temperature. Experimental thermomechanical analyses (TMA) compares well with simulations for both the specific volume and the CVTE evolutions with temperature. Whereas the uncertainty remains high with the fitting procedure used, we calculate a glass transition temperature of 390 ¬¨¬± 8 K which compares very well with the experimental values (391 ¬¨¬± 1 K from DSC and 380 K from TMA).

Polymers Studied: Epoxy (DGEBA-EDA)
Properties Measured: density, glass_transition_temp
Force Fields Used: GAFF 1.8

Sample Data:
  - Epoxy (DGEBA-EDA): density = 1.118
  - Epoxy (DGEBA-EDA): glass_transition_temp = 390

DOI: https://doi.org/10.1155/2019/9604714",paper,https://doi.org/10.1155/2019/9604714,Model of the DGEBA-EDA Epoxy Polymer: Experiments and Simulation Using Classical Molecular Dynamics,Epoxy (DGEBA-EDA),"density, glass_transition_temp",2
"Title: Modeling self-healing behavior of vitrimers using molecular dynamics with dynamic cross-linking capability

Abstract: Vitrimers are a special class of polymers that undergo dynamic cross-linking under thermal stimuli. Their ability to exchange covalent bonds can be harnessed to mitigate damage in a composite or to achieve recyclable aerospace composites. This work addresses the primary challenge of modeling dynamic cross-linking reactions in vitrimers during thermomechanical loading. Dynamic bond exchange reaction probability change during heating and its effect on dilatometric and mechanical response are simulated for the first time in large scale molecular dynamics simulations. Healing of damage under thermal cycling is computed with mechanical properties predicted before and after self-healing.

Polymers Studied: Epoxy (DGEBA-AFD), a
Properties Measured: density, youngs_modulus
Force Fields Used: cvff

Sample Data:
  - Epoxy (DGEBA-AFD): density = 1.18
  - Epoxy (DGEBA-AFD): youngs_modulus = 4.5
  - a: density = 1.19

DOI: https://doi.org/10.1016/j.cplett.2020.137966",paper,https://doi.org/10.1016/j.cplett.2020.137966,Modeling self-healing behavior of vitrimers using molecular dynamics with dynamic cross-linking capability,"Epoxy (DGEBA-AFD), a","density, youngs_modulus",3
"Title: Molecular Dynamic and Mesoscopic Dynamic Simulations for Polymer Blends

Abstract: The compatibilities of polymer blends, Polypropylene(PP) and Polyamide12(PA12) with the quantity ratio 10/90, was simulated by Molecular Dynamics(MD) and Mesoscopic Dynamic simulation (MesoDyn) simulations. Cohesive energy density (CED) and solubility parameters(≈í¬•) of pure substances and PP/PA12 blends were got by MD simulations. Flory-Huggins parameter was calculated based on CED values. The mesoscale simulation was related to the molecular simulation through Flory-Huggins parameter. Free energy density and the density profiles were got through MesoDyn simulation. Results showed that solubility parameter difference (‚Äö√†√ú≈í¬•) of PP/PA12 is 4.092 and free energy density value is 0.17 in the equivalent system. And phase separation behavior was observed in the density profiles. All these indicates that PP and PA12 is not miscible which is the same as the experiment results.

Polymers Studied: Polypropylene, Polyamide 12, Polypropylene / Polyamide 12 blend
Properties Measured: density, diffusion_coefficient
Force Fields Used: COMPASS

Sample Data:
  - Polypropylene: density = 0.9
  - Polyamide 12: density = 1.01
  - Polypropylene / Polyamide 12 blend: density = 0.95
  - Polypropylene / Polyamide 12 blend: diffusion_coefficient = 1e-11

DOI: https://doi.org/10.4028/www.scientific.net/amr.1033-1034.496",paper,https://doi.org/10.4028/www.scientific.net/amr.1033-1034.496,Molecular Dynamic and Mesoscopic Dynamic Simulations for Polymer Blends,"Polypropylene, Polyamide 12, Polypropylene / Polyamide 12 blend","density, diffusion_coefficient",4
"Title: Molecular Dynamics Simulation of Amorphous Hydroxypropylmethylcellulose and Its Mixtures With Felodipine and Water

Abstract: Understanding drug-polymer molecular interactions, their miscibility, supersaturation potential, and the effects of water uptake may be invaluable for selecting amorphous polymer dispersions that can maximize the oral bioavailability of poorly water-soluble drugs. Molecular dynamics simulations were performed using a model for hydroxypropylmethylcellulose (HPMC) resembling the substitution patterns found experimentally. HPMC at low and high water contents (0.9%-23.0% wt/wt) and mixtures with a hydrophobic drug, felodipine (FEL), were constructed. T g values and densities after ~30 ns aging at 298 K were close to published results. Except for hydrogen bonds (HBs) between the 5-O-and a 3-OH group in a neighboring repeat unit, HPMC oxygen atoms have a low HB probability (p < 0.1) perhaps due to shielding by surrounding substituents. Water molecules tend to be isolated at low water content while clusters were prevalent at !10.7% water. The Flory-Huggins FEL-HPMC interaction parameter (‚àö√Ñ0.20 ¬¨¬± 0.07) predicts complete miscibility at all HPMC compositions, in agreement with experiments. However, HBs between the FEL-N-H and HPMC favoring miscibility are disrupted with increasing water. Apparent diffusion coefficients versus water content were generated for water and FEL and a theory for the non-Einsteinian nature of water diffusion is proposed.

Polymers Studied: Hydroxypropylmethylcellulose
Properties Measured: density, glass_transition_temp
Force Fields Used: Amber and Glycam

Sample Data:
  - Hydroxypropylmethylcellulose: density = 1.23
  - Hydroxypropylmethylcellulose: glass_transition_temp = 443
  - Hydroxypropylmethylcellulose: density = 1.23
  - Hydroxypropylmethylcellulose: glass_transition_temp = 406
  - Hydroxypropylmethylcellulose: density = 1.21
  ... and 1 more measurements

DOI: https://doi.org/10.1016/j.xphs.2016.10.026",paper,https://doi.org/10.1016/j.xphs.2016.10.026,Molecular Dynamics Simulation of Amorphous Hydroxypropylmethylcellulose and Its Mixtures With Felodipine and Water,Hydroxypropylmethylcellulose,"density, glass_transition_temp",6
"Title: Molecular Dynamics Simulation of Homogeneous Crystal Nucleation in Polyethylene

Abstract: Using a realistic united-atom force field, molecular dynamics simulations were performed to study homogeneous nucleation of the crystal phase at about 30% supercooling from the melts of n-pentacontahectane (C150) and a linear polyethylene (C1000), both of which are long enough to exhibit the chain folding that is characteristic of polymer crystallization. The nucleation rate was calculated and the critical nuclei were identified using a mean first-passage time analysis. The nucleation rate was found to be insensitive to the chain length in this range of molecular weight. The critical nucleus contains about 150 carbons on average and is significantly smaller than the radius of gyration of the chains, at this supercooling. A cylinder model was used to characterize the shape of the crystal nuclei and to calculate the interfacial free energies. A chain segment analysis was performed to characterize the topology of the crystal surface in terms of loops (including folds) and tails. The length distribution of loops is broad, supporting the ""switchboard model"" for the early stage crystals formed at deep supercooling. Using the survival probability method, the critical nucleus size was determined as a function of temperature. The interfacial free energies were found to be temperature-dependent. The free energy barrier and nucleation rate as functions of temperature were also calculated and compare favorably with experiments.

Polymers Studied: Polyethylene (C150), Polyethylene (C1000)
Properties Measured: diffusion_coefficient, glass_transition_temp
Force Fields Used: PYS united-atom

Sample Data:
  - Polyethylene (C150): diffusion_coefficient = 4.1e-11
  - Polyethylene (C150): glass_transition_temp = 215.22
  - Polyethylene (C1000): glass_transition_temp = 223.04

DOI: https://doi.org/10.1021/ma4004659",paper,https://doi.org/10.1021/ma4004659,Molecular Dynamics Simulation of Homogeneous Crystal Nucleation in Polyethylene,"Polyethylene (C150), Polyethylene (C1000)","diffusion_coefficient, glass_transition_temp",3
"Title: Molecular Dynamics Simulation of Interactions between a Sodium Dodecyl Sulfate Micelle and a Poly(Ethylene Oxide) Polymer

Abstract: We have performed atomistic molecular dynamics simulations of an anionic sodium dodecyl sulfate (SDS) micelle and a nonionic poly(ethylene oxide) (PEO) polymer in aqueous solution. The micelle consisted of 60 surfactant molecules, and the polymer chain lengths varied from 20 to 40 monomers. The force field parameters for PEO were adjusted by using 1,2-dimethoxymethane (DME) as a model compound and matching its hydration enthalpy and conformational behavior to experiment. Excellent agreement with previous experimental and simulation work was obtained through these modifications. The simulated scaling behavior of the PEO radius of gyration was also in close agreement with experimental results. The SDS-PEO simulations show that the polymer resides on the micelle surface and at the hydrocarbon-water interface, leading to a selective reduction in the hydrophobic contribution to the solvent-accessible surface area of the micelle. The association is mainly driven by hydrophobic interactions between the polymer and surfactant tails, while the interaction between the polymer and sulfate headgroups on the micelle surface is weak. The 40-monomer chain is mostly wrapped around the micelle, and nearly 90% of the monomers are adsorbed at low PEO concentration. Simulations were also performed with multiple 20-monomer chains, and gradual addition of polymer indicates that about 120 monomers are required to saturate the micelle surface. The stoichiometry of the resulting complex is in close agreement with experimental results, and the commonly accepted ""beaded necklace"" structure of the SDS-PEO complex is recovered by our simulations.

Polymers Studied: Poly(ethylene oxide)
Properties Measured: radius_gyration, diffusion_coefficient
Force Fields Used: GROMOS 45a3

Sample Data:
  - Poly(ethylene oxide): radius_gyration = 0.75
  - Poly(ethylene oxide): radius_gyration = 1.08
  - Poly(ethylene oxide): radius_gyration = 1.5
  - Poly(ethylene oxide): radius_gyration = 1.96
  - Poly(ethylene oxide): diffusion_coefficient = 3.9e-10

DOI: https://doi.org/10.1021/jp0773841",paper,https://doi.org/10.1021/jp0773841,Molecular Dynamics Simulation of Interactions between a Sodium Dodecyl Sulfate Micelle and a Poly(Ethylene Oxide) Polymer,Poly(ethylene oxide),"radius_gyration, diffusion_coefficient",5
"Title: Molecular Dynamics Simulation of Intramolecular Cross-Linking of BCB/Styrene Copolymers

Abstract: Polymeric nanoparticles can be manufactured by intramolecular cross-linking of benzocyclobutene (BCB)/styrene copolymers. We study this process by extensive molecular dynamics simulations of both atomistic and coarse-grained models. It is found that the rate of intramolecular cross-linking is close to quadratic in the number of unlinked cross-linkers, namely BCB monomeric units, while the completeness of the reaction is affected by the steric hindrance of the cross-linked polymer. An equation incorporating both of these processes yields a good agreement with simulation data. A rigidity effect is identified when the cross-linkers account for more than about 60% of a precursor BCB/styrene copolymer. Above this threshold, the radii of gyration of intramolecularly cross-linked BCB/styrene copolymers show little dependence on their cross-linker concentrations, and a relatively large number of BCB monomeric units are left unreacted in each polymer. In addition, a temperature series study is performed on the intramolecular cross-linking of freely jointed chain (FJC) samples. We introduce the chemical distance density to provide a relation between the topology of crosslinking and the structure of a cross-linked polymer. A power law relation is found between the radius of gyration of the polymer and the chemical distance density, in both FJC samples and BCB/styrene copolymers.

Polymers Studied: Benzocyclobutene
Properties Measured: radius_gyration
Force Fields Used: united atom model

Sample Data:
  - Benzocyclobutene: radius_gyration = 5.3

DOI: https://doi.org/10.1021/ma901486q",paper,https://doi.org/10.1021/ma901486q,Molecular Dynamics Simulation of Intramolecular Cross-Linking of BCB/Styrene Copolymers,Benzocyclobutene,radius_gyration,1
"Title: Molecular Dynamics Simulation of a Polyamide-66/Carbon Nanotube Nanocomposite

Abstract: Atomistic molecular dynamics simulations are performed on oligomeric polyamide-6,6 chains, composed of 10 chemical repeat units, at a carbon nanotube (CNT) interface. The effect of surface curvature on the structure and dynamics of polymer is studied by simulating systems containing CNTs of various diameters. It is shown that polymer at the CNT interface organizes into layered structures. The hydrogen bonding in the polymer is influenced by the CNT surface. In proximity to the CNT surface, the hydrogen bonds (HBs) are weaker than the corresponding unperturbed bonds and their density is lower than that of the bulk sample. On the other hand, over the region where organized layered structures are formed, stronger HBs with a higher density than that of the bulk sample are found. An analysis of chain orientation at the interface shows that the monomers (repeat units) very close to the CNT surface wrap around the tube. However, at distances corresponding to higher densities than the bulk density, the segments orient parallel to the CNT axis (along the CNT). The wrapping costs higher energies in the case of smaller diameter CNTs (more curved surfaces). It is shown that while the CNT surface perturbs the local chain properties up to a distance of ‚Äö√†¬∫2 nm from the surface, perturbation in the global chain properties, such as the radius of gyration, extends to farther distances (a few times the radius of gyration of the unperturbed chain, R 0 g ). The chain translation at the interface is found to be anisotropic, depending on the surface proximity and surface curvature. This is due to the formation of extended conformations (along the CNT), facilitating smoother chain translation parallel to the CNT surface, compared to that in the radial direction. The magnitude of dynamics deceleration caused by the CNT surface depends on the surface proximity, surface curvature, and the time scale of the unperturbed dynamical property of interest. The dynamics decelerates more in the case of long-time dynamical properties (in the bulk) for chains at closer distances to flatter CNT surfaces. While the ratio of relaxation time to the corresponding bulk quantity for HB formation/rupture is increased by a factor of 3 in a cylindrical shell of thickness 0.6 nm around the flatter surface studied in this work, the above ratio for the decorrelation of chain's end-to-end vectors is increased by 3 orders of magnitude in a cylindrical shell of thickness 1.0 nm on the same surface. In this respect, the interphase thickness depends on the time scale of the dynamical property of interest. Our observations show that the surface effect on a short-time dynamical property, like the HB dynamics, extends to distances as long as 1.5 nm, while it extends to a few R 0 g (from the surface) for a long-time dynamical property, like the relaxation of the entire chain expressed in terms of chain's end-to-end vector relaxation.

Polymers Studied: Polyamide-6,6 oligomer (10 repeat units) + CNT (6,0), Polyamide-6,6 oligomer (10 repeat units) + CNT (10,0)
Properties Measured: density
Force Fields Used: YASP force field parameters from literature

Sample Data:
  - Polyamide-6,6 oligomer (10 repeat units) + CNT (6,0): density = 0.9852
  - Polyamide-6,6 oligomer (10 repeat units) + CNT (10,0): density = 0.9815

DOI: https://doi.org/10.1021/jp501672t",paper,https://doi.org/10.1021/jp501672t,Molecular Dynamics Simulation of a Polyamide-66/Carbon Nanotube Nanocomposite,"Polyamide-6,6 oligomer (10 repeat units) + CNT (6,0), Polyamide-6,6 oligomer (10 repeat units) + CNT (10,0)",density,2
"Title: Molecular Dynamics Simulation of a Polymer Melt/Solid Interface: Local Dynamics and Chain Mobility in a Thin Film of Polyethylene Melt Adsorbed on Graphite

Abstract: Molecular dynamics (MD) simulations have been performed on a dense polymer melt adsorbed on a solid substrate on the one side and exposed to vacuum on the other. As a model system, a thin film of polyethylene (PE) melt supported by a crystalline graphite phase on its one side (the other surface of the film is free) has been examined. Most simulations have been carried out with unentangled PE melt systems, such as C 78 and C156, in the NPT statistical ensemble at T ) 450 K and P ) 0 atm for times up to 100 ns, using a multiple-time step MD algorithm and by incorporating the correct dependence of the long-range contribution to the energy and stress tensor on the density profile. To increase the statistical accuracy of the results, large systems have been employed in the MD simulations, such as a 200-chain C 78 melt consisting of 15 600 carbon atoms. The MD simulation data have been analyzed to provide information about the spatial dependence of the short-time dynamical properties (conformational relaxation) of the melt and the long-time segmental motion and mobility in the film (transport and diffusion). Local mobility near the graphite phase is predicted to be highly anisotropic: although it remains practically unaltered in the directions x and y parallel to the surface, it is dramatically reduced in the direction z perpendicular to it. To calculate the long time self-diffusion coefficient of adsorbed segments in the direction perpendicular to the graphite plane, MD trajectories have been mapped onto the (numerical) solution of a macroscopic, continuum diffusion equation describing the temporal and spatial evolution of the concentration of adsorbed atoms in the polymer matrix. Our calculations prove that the diffusive motion of segments remains inhomogeneous along the z direction of the adsorbed film for distances up to approximately 5-6 times the root-mean-square of the radius of gyration, R g, of the bulk, unconstrained melt.

Polymers Studied: Polyethylene (C78), Polyethylene (C156), Polyethylene (C250), Polyethylene (C78) adsorbed on graphite
Properties Measured: density, diffusion_coefficient
Force Fields Used: Atomistic united-atom force field with Lennard-Jones, bending, torsional potentials, Steele's potent

Sample Data:
  - Polyethylene (C78): density = 0.74
  - Polyethylene (C156): density = 0.75
  - Polyethylene (C156): diffusion_coefficient = 7.5e-11
  - Polyethylene (C250): diffusion_coefficient = 2.5e-11
  - Polyethylene (C78) adsorbed on graphite: density = 0.694

DOI: https://doi.org/10.1021/ma050177j",paper,https://doi.org/10.1021/ma050177j,Molecular Dynamics Simulation of a Polymer Melt/Solid Interface: Local Dynamics and Chain Mobility in a Thin Film of Polyethylene Melt Adsorbed on Graphite,"Polyethylene (C78), Polyethylene (C156), Polyethylene (C250), Polyethylene (C78) adsorbed on graphite","density, diffusion_coefficient",5
"Title: Molecular Dynamics Simulations for Resolving Scaling Laws of Polyethylene Melts

Abstract: Long-timescale molecular dynamics simulations were performed to estimate the actual physical nature of a united-atom model of polyethylene (PE). Several scaling laws for representative polymer properties are compared to theoretical predictions. Internal structure results indicate a clear departure from theoretical predictions that assume ideal chain statics. Chain motion deviates from predictions that assume ideal motion of short chains. With regard to linear viscoelasticity, the presence or absence of entanglements strongly affects the duration of the theoretical behavior. Overall, the results indicate that Gaussian statics and dynamics are not necessarily established for real atomistic models of PE. Moreover, the actual physical nature should be carefully considered when using atomistic models for applications that expect typical polymer behaviors.

Polymers Studied: Polyethylene
Properties Measured: density
Force Fields Used: TraPPE-UA

Sample Data:
  - Polyethylene: density = 0.65

DOI: https://doi.org/10.3390/polym9010024",paper,https://doi.org/10.3390/polym9010024,Molecular Dynamics Simulations for Resolving Scaling Laws of Polyethylene Melts,Polyethylene,density,1
"Title: Molecular Dynamics Simulations for the Description of Experimental Molecular Conformation, Melt Dynamics, and Phase Transitions in Polyethylene

Abstract: Long molecular dynamics simulations of the melt dynamics, glass transition and nonisothermal crystallization of a C 192 polyethylene model have been carried out. In this model, the molecules are sufficiently long to form entanglements in the melt and folds in the crystalline state. On the other hand, the molecules are short enough to enable the use of atomistic simulations on a large scale of time. Two force fields, widely used for polyethylene, are taken into account comparing the simulation results with a broad set of literature experimental data. Although both force fields are able to capture the general physics of the system, TraPPe-UA is in a better quantitative agreement with the experimental data. According with the simulation results some fundamental aspects of polyethylene physical parameters are discussed such as the characteristic ratio (C n = 8.2 and 7.6 at 500 K, for TraPPe-UA and PYS force fields, respectively), the isothermal compressibility (≈í¬± = 8.57 ‚àö√≥ 10 -4 K -1 ), the static structure factor and the melt dynamics regimes corresponding to an entangled polymer. Furthermore, the simulated T g (187.0 K) obtained for linear PE is in a very good agreement with the extrapolated T g values (185-195 K) using the Gordon-Taylor equation. Finally, the simulation of the nonisothermal crystallization process supports the view of a mixed state of adjacent and nonadjacent re-entry model. The simulated two phase model reproduces very well the initial fold length expected for high supercoolings and the segregation of the system in ordered and disordered layers. The paper highlights the importance of combining simulation techniques with experimental data as a powerful means to explain the polymer physics.

Polymers Studied: Polyethylene (C192)
Properties Measured: density, diffusion_coefficient, glass_transition_temp
Force Fields Used: PYS, TraPPe-UA

Sample Data:
  - Polyethylene (C192): density = 0.837
  - Polyethylene (C192): diffusion_coefficient = 1.7e-11
  - Polyethylene (C192): glass_transition_temp = 214.1
  - Polyethylene (C192): density = 0.779
  - Polyethylene (C192): diffusion_coefficient = 2.8e-11
  ... and 1 more measurements

DOI: https://doi.org/10.1021/acs.macromol.5b00823",paper,https://doi.org/10.1021/acs.macromol.5b00823,"Molecular Dynamics Simulations for the Description of Experimental Molecular Conformation, Melt Dynamics, and Phase Transitions in Polyethylene",Polyethylene (C192),"density, diffusion_coefficient, glass_transition_temp",6
