text,chunk_type,database_id,polymer_name,force_field,property,value,extra_info,doi,paper_title,chunk_id
"Polymer: Poly(cis-1,4-butadiene)
Property: density = 0.93
Additional Info: {""Condition"":""Atomistic equilibration of poly(cis-1,4-butadiene) 10-mer melt at ~298 K, initial density set to 0.93 g/cm³ under NPT conditions""}
Force Field: United-atom model
Source: A Coarse-Grained Force Field for Silica–Polybutadiene Interfaces and Nanocomposites
DOI: https://doi.org/10.3390/polym12071484",property,1,"Poly(cis-1,4-butadiene)",United-atom model,density,0.93,"{""Condition"":""Atomistic equilibration of poly(cis-1,4-butadiene) 10-mer melt at ~298 K, initial density set to 0.93 g/cm³ under NPT conditions""}",https://doi.org/10.3390/polym12071484,A Coarse-Grained Force Field for Silica–Polybutadiene Interfaces and Nanocomposites,b7a967b557e8
"Polymer: Isotactic Polypropylene
Property: density = 1.048
Additional Info: {}
Force Field: MARTINI
Source: A coarse-grained model for capturing the helical behavior of isotactic polypropylene
DOI: https://doi.org/10.1039/d2sm00200k",property,4,Isotactic Polypropylene,MARTINI,density,1.048,{},https://doi.org/10.1039/d2sm00200k,A coarse-grained model for capturing the helical behavior of isotactic polypropylene,8592a520ffbc
"Polymer: Isotactic Polypropylene
Property: radius_gyration = 1.48
Additional Info: {}
Force Field: MARTINI
Source: A coarse-grained model for capturing the helical behavior of isotactic polypropylene
DOI: https://doi.org/10.1039/d2sm00200k",property,5,Isotactic Polypropylene,MARTINI,radius_gyration,1.48,{},https://doi.org/10.1039/d2sm00200k,A coarse-grained model for capturing the helical behavior of isotactic polypropylene,1adbafc44d15
"Polymer: Isotactic Polypropylene
Property: radius_gyration = 9.8
Additional Info: {}
Force Field: TraPPE-UA
Source: A coarse-grained model for capturing the helical behavior of isotactic polypropylene
DOI: https://doi.org/10.1039/d2sm00200k",property,6,Isotactic Polypropylene,TraPPE-UA,radius_gyration,9.8,{},https://doi.org/10.1039/d2sm00200k,A coarse-grained model for capturing the helical behavior of isotactic polypropylene,c84204dbf71d
"Polymer: Isotactic Polypropylene
Property: density = 0.73
Additional Info: {}
Force Field: HELIPP
Source: A coarse-grained model for capturing the helical behavior of isotactic polypropylene
DOI: https://doi.org/10.1039/d2sm00200k",property,7,Isotactic Polypropylene,HELIPP,density,0.73,{},https://doi.org/10.1039/d2sm00200k,A coarse-grained model for capturing the helical behavior of isotactic polypropylene,dbd4ac0b228f
"Polymer: Isotactic Polypropylene
Property: radius_gyration = 9.23
Additional Info: {}
Force Field: HELIPP
Source: A coarse-grained model for capturing the helical behavior of isotactic polypropylene
DOI: https://doi.org/10.1039/d2sm00200k",property,8,Isotactic Polypropylene,HELIPP,radius_gyration,9.23,{},https://doi.org/10.1039/d2sm00200k,A coarse-grained model for capturing the helical behavior of isotactic polypropylene,c1d19f674ca9
"Polymer: RM257-based Liquid Crystalline Elastomer
Property: density = 1.073
Additional Info: {""condition"": ""PETMP""}
Force Field: Dreiding
Source: A comparative study of force fields for predicting shape memory properties of liquid crystalline elastomers using molecular dynamic simulations
DOI: https://doi.org/10.1063/5.0044197",property,9,RM257-based Liquid Crystalline Elastomer,Dreiding,density,1.073,"{""condition"": ""PETMP""}",https://doi.org/10.1063/5.0044197,A comparative study of force fields for predicting shape memory properties of liquid crystalline elastomers using molecular dynamic simulations,2cb0adef5fcf
"Polymer: RM257-based Liquid Crystalline Elastomer
Property: density = 1.158
Additional Info: {""condition"": ""PETMP""}
Force Field: PCFF
Source: A comparative study of force fields for predicting shape memory properties of liquid crystalline elastomers using molecular dynamic simulations
DOI: https://doi.org/10.1063/5.0044197",property,11,RM257-based Liquid Crystalline Elastomer,PCFF,density,1.158,"{""condition"": ""PETMP""}",https://doi.org/10.1063/5.0044197,A comparative study of force fields for predicting shape memory properties of liquid crystalline elastomers using molecular dynamic simulations,ee733cd260ea
"Polymer: RM257-based Liquid Crystalline Elastomer
Property: density = 1.202
Additional Info: {""condition"": ""PETMP""}
Force Field: SciPCFF
Source: A comparative study of force fields for predicting shape memory properties of liquid crystalline elastomers using molecular dynamic simulations
DOI: https://doi.org/10.1063/5.0044197",property,13,RM257-based Liquid Crystalline Elastomer,SciPCFF,density,1.202,"{""condition"": ""PETMP""}",https://doi.org/10.1063/5.0044197,A comparative study of force fields for predicting shape memory properties of liquid crystalline elastomers using molecular dynamic simulations,6f712d49baa2
"Polymer: Cellulose
Property: density = 1.09
Additional Info: {}
Force Field: BILFF
Source: A force field for bio-polymers in ionic liquids
DOI: https://doi.org/10.1039/d2cp05636d",property,15,Cellulose,BILFF,density,1.09,{},https://doi.org/10.1039/d2cp05636d,A force field for bio-polymers in ionic liquids,0a01b059048b
"Polymer: Cellulose
Property: density = 1.08
Additional Info: {}
Force Field: BILFF
Source: A force field for bio-polymers in ionic liquids
DOI: https://doi.org/10.1039/d2cp05636d",property,16,Cellulose,BILFF,density,1.08,{},https://doi.org/10.1039/d2cp05636d,A force field for bio-polymers in ionic liquids,60ccde0a6f4b
"Polymer: Poly(ethylene glycol)
Property: density = 1.0411
Additional Info: {""condition"": ""water""}
Force Field: TEAM FF
Source: All-Atom Molecular Dynamics Simulations of Poly(ethylene glycol) Networks in Water for Evaluating Negative Energetic Elasticity
DOI: https://doi.org/10.1021/acs.macromol.3c01121",property,17,Poly(ethylene glycol),TEAM FF,density,1.0411,"{""condition"": ""water""}",https://doi.org/10.1021/acs.macromol.3c01121,All-Atom Molecular Dynamics Simulations of Poly(ethylene glycol) Networks in Water for Evaluating Negative Energetic Elasticity,c6023704b4ad
"Polymer: Poly(ethylene glycol)
Property: density = 1.0296
Additional Info: {""condition"": ""water""}
Force Field: TEAM FF
Source: All-Atom Molecular Dynamics Simulations of Poly(ethylene glycol) Networks in Water for Evaluating Negative Energetic Elasticity
DOI: https://doi.org/10.1021/acs.macromol.3c01121",property,18,Poly(ethylene glycol),TEAM FF,density,1.0296,"{""condition"": ""water""}",https://doi.org/10.1021/acs.macromol.3c01121,All-Atom Molecular Dynamics Simulations of Poly(ethylene glycol) Networks in Water for Evaluating Negative Energetic Elasticity,1e440c68e2e1
"Polymer: Poly(ethylene glycol)
Property: density = 1.033
Additional Info: {""condition"": ""water""}
Force Field: TEAM FF
Source: All-Atom Molecular Dynamics Simulations of Poly(ethylene glycol) Networks in Water for Evaluating Negative Energetic Elasticity
DOI: https://doi.org/10.1021/acs.macromol.3c01121",property,19,Poly(ethylene glycol),TEAM FF,density,1.033,"{""condition"": ""water""}",https://doi.org/10.1021/acs.macromol.3c01121,All-Atom Molecular Dynamics Simulations of Poly(ethylene glycol) Networks in Water for Evaluating Negative Energetic Elasticity,1f0e2e3f3433
"Polymer: Poly(ethylene glycol)
Property: density = 1.0261
Additional Info: {""condition"": ""water""}
Force Field: TEAM FF
Source: All-Atom Molecular Dynamics Simulations of Poly(ethylene glycol) Networks in Water for Evaluating Negative Energetic Elasticity
DOI: https://doi.org/10.1021/acs.macromol.3c01121",property,20,Poly(ethylene glycol),TEAM FF,density,1.0261,"{""condition"": ""water""}",https://doi.org/10.1021/acs.macromol.3c01121,All-Atom Molecular Dynamics Simulations of Poly(ethylene glycol) Networks in Water for Evaluating Negative Energetic Elasticity,fce992ed850f
"Polymer: Poly(ethylene terephthalate)
Property: density = 1.26
Additional Info: {}
Force Field: OPLS
Source: All-Atom Molecular Dynamics Simulations on a Single Chain of PET and PEV Polymers
DOI: https://doi.org/10.3390/polym14061161",property,24,Poly(ethylene terephthalate),OPLS,density,1.26,{},https://doi.org/10.3390/polym14061161,All-Atom Molecular Dynamics Simulations on a Single Chain of PET and PEV Polymers,7e71ac21a746
"Polymer: Poly(ethylene terephthalate)
Property: glass_transition_temp = 345
Additional Info: {}
Force Field: OPLS
Source: All-Atom Molecular Dynamics Simulations on a Single Chain of PET and PEV Polymers
DOI: https://doi.org/10.3390/polym14061161",property,25,Poly(ethylene terephthalate),OPLS,glass_transition_temp,345,{},https://doi.org/10.3390/polym14061161,All-Atom Molecular Dynamics Simulations on a Single Chain of PET and PEV Polymers,be570c9e3cfe
"Polymer: Poly(ethylene vanillate)
Property: density = 1.23
Additional Info: {}
Force Field: OPLS
Source: All-Atom Molecular Dynamics Simulations on a Single Chain of PET and PEV Polymers
DOI: https://doi.org/10.3390/polym14061161",property,26,Poly(ethylene vanillate),OPLS,density,1.23,{},https://doi.org/10.3390/polym14061161,All-Atom Molecular Dynamics Simulations on a Single Chain of PET and PEV Polymers,4ce83ccea456
"Polymer: Poly(ethylene vanillate)
Property: glass_transition_temp = 353
Additional Info: {}
Force Field: OPLS
Source: All-Atom Molecular Dynamics Simulations on a Single Chain of PET and PEV Polymers
DOI: https://doi.org/10.3390/polym14061161",property,27,Poly(ethylene vanillate),OPLS,glass_transition_temp,353,{},https://doi.org/10.3390/polym14061161,All-Atom Molecular Dynamics Simulations on a Single Chain of PET and PEV Polymers,0fb3a067089c
"Polymer: Poly(methyl methacrylate)
Property: density = 1.1
Additional Info: {}
Force Field: OPLS-AA
Source: All-atom molecular dynamics study of impact fracture of glassy polymers. I_ Molecular mechanism of brittleness of PMMA and ductility of PC
DOI: https://doi.org/10.1016/j.polymer.2019.121570",property,28,Poly(methyl methacrylate),OPLS-AA,density,1.1,{},https://doi.org/10.1016/j.polymer.2019.121570,All-atom molecular dynamics study of impact fracture of glassy polymers. I_ Molecular mechanism of brittleness of PMMA and ductility of PC,546c153ec4ca
"Polymer: Poly(methyl methacrylate)
Property: glass_transition_temp = 459
Additional Info: {""condition"" : ""OPLSAA with main-chain bond/angle replaced""} 
Force Field: OPLS-AA
Source: All-atom molecular dynamics study of impact fracture of glassy polymers. I_ Molecular mechanism of brittleness of PMMA and ductility of PC
DOI: https://doi.org/10.1016/j.polymer.2019.121570",property,29,Poly(methyl methacrylate),OPLS-AA,glass_transition_temp,459,"{""condition"" : ""OPLSAA with main-chain bond/angle replaced""} ",https://doi.org/10.1016/j.polymer.2019.121570,All-atom molecular dynamics study of impact fracture of glassy polymers. I_ Molecular mechanism of brittleness of PMMA and ductility of PC,fd3d5ba00c4d
"Polymer: Polycarbonate
Property: density = 1.2
Additional Info: {}
Force Field: OPLS-AA
Source: All-atom molecular dynamics study of impact fracture of glassy polymers. I_ Molecular mechanism of brittleness of PMMA and ductility of PC
DOI: https://doi.org/10.1016/j.polymer.2019.121570",property,30,Polycarbonate,OPLS-AA,density,1.2,{},https://doi.org/10.1016/j.polymer.2019.121570,All-atom molecular dynamics study of impact fracture of glassy polymers. I_ Molecular mechanism of brittleness of PMMA and ductility of PC,b697aa8bfd2e
"Polymer: Polycarbonate
Property: glass_transition_temp = 440
Additional Info: {""condition"" : ""Morse-like backbone bond/angle potentials""}
Force Field: OPLS-AA
Source: All-atom molecular dynamics study of impact fracture of glassy polymers. I_ Molecular mechanism of brittleness of PMMA and ductility of PC
DOI: https://doi.org/10.1016/j.polymer.2019.121570",property,31,Polycarbonate,OPLS-AA,glass_transition_temp,440,"{""condition"" : ""Morse-like backbone bond/angle potentials""}",https://doi.org/10.1016/j.polymer.2019.121570,All-atom molecular dynamics study of impact fracture of glassy polymers. I_ Molecular mechanism of brittleness of PMMA and ductility of PC,ca1f636a9c6b
"Polymer: Polymethyl methacrylate
Property: density = 1.1
Additional Info: {}
Force Field: OPLS-AA
Source: All-atom molecular dynamics study of impact fracture of glassy polymers. I_ Molecular mechanism of brittleness of PMMA and ductility of PC
DOI: https://doi.org/10.1016/j.polymer.2019.121570",property,689,Polymethyl methacrylate,OPLS-AA,density,1.1,{},https://doi.org/10.1016/j.polymer.2019.121570,All-atom molecular dynamics study of impact fracture of glassy polymers. I_ Molecular mechanism of brittleness of PMMA and ductility of PC,165a7871d1e2
"Polymer: Polymethyl methacrylate
Property: glass_transition_temp = 459
Additional Info: {""condition"" : ""OPLSAA with main-chain bond/angle replaced""} 
Force Field: OPLS-AA
Source: All-atom molecular dynamics study of impact fracture of glassy polymers. I_ Molecular mechanism of brittleness of PMMA and ductility of PC
DOI: https://doi.org/10.1016/j.polymer.2019.121570",property,690,Polymethyl methacrylate,OPLS-AA,glass_transition_temp,459,"{""condition"" : ""OPLSAA with main-chain bond/angle replaced""} ",https://doi.org/10.1016/j.polymer.2019.121570,All-atom molecular dynamics study of impact fracture of glassy polymers. I_ Molecular mechanism of brittleness of PMMA and ductility of PC,f094113a5327
"Polymer: Polycarbonate
Property: density = 1.2
Additional Info: {}
Force Field: dissociative force field
Source: All-atom molecular dynamics study of impact fracture of glassy polymers. II- Microscopic origins of stresses in elasticity, yielding, and strain hardening
DOI: https://doi.org/10.1016/j.polymer.2020.122908",property,32,Polycarbonate,dissociative force field,density,1.2,{},https://doi.org/10.1016/j.polymer.2020.122908,"All-atom molecular dynamics study of impact fracture of glassy polymers. II- Microscopic origins of stresses in elasticity, yielding, and strain hardening",2513da9de482
"Polymer: Polycarbonate
Property: glass_transition_temp = 440.15
Additional Info: {}
Force Field: dissociative force field
Source: All-atom molecular dynamics study of impact fracture of glassy polymers. II- Microscopic origins of stresses in elasticity, yielding, and strain hardening
DOI: https://doi.org/10.1016/j.polymer.2020.122908",property,33,Polycarbonate,dissociative force field,glass_transition_temp,440.15,{},https://doi.org/10.1016/j.polymer.2020.122908,"All-atom molecular dynamics study of impact fracture of glassy polymers. II- Microscopic origins of stresses in elasticity, yielding, and strain hardening",9568dbe8b526
"Polymer: Polycarbonate
Property: youngs_modulus = 3.13
Additional Info: {}
Force Field: dissociative force field
Source: All-atom molecular dynamics study of impact fracture of glassy polymers. II- Microscopic origins of stresses in elasticity, yielding, and strain hardening
DOI: https://doi.org/10.1016/j.polymer.2020.122908",property,34,Polycarbonate,dissociative force field,youngs_modulus,3.13,{},https://doi.org/10.1016/j.polymer.2020.122908,"All-atom molecular dynamics study of impact fracture of glassy polymers. II- Microscopic origins of stresses in elasticity, yielding, and strain hardening",5b336fffeb18
"Polymer: Polycarbonate
Property: density = 1.2
Additional Info: {}
Force Field: Dissociative force field
Source: All-atom molecular dynamics study of impact fracture of glassy polymers. II- Microscopic origins of stresses in elasticity, yielding, and strain hardening
DOI: https://doi.org/10.1016/j.polymer.2020.122908",property,686,Polycarbonate,Dissociative force field,density,1.2,{},https://doi.org/10.1016/j.polymer.2020.122908,"All-atom molecular dynamics study of impact fracture of glassy polymers. II- Microscopic origins of stresses in elasticity, yielding, and strain hardening",35200ade1645
"Polymer: Polycarbonate
Property: youngs_modulus = 3.13
Additional Info: {}
Force Field: Dissociative force field
Source: All-atom molecular dynamics study of impact fracture of glassy polymers. II- Microscopic origins of stresses in elasticity, yielding, and strain hardening
DOI: https://doi.org/10.1016/j.polymer.2020.122908",property,688,Polycarbonate,Dissociative force field,youngs_modulus,3.13,{},https://doi.org/10.1016/j.polymer.2020.122908,"All-atom molecular dynamics study of impact fracture of glassy polymers. II- Microscopic origins of stresses in elasticity, yielding, and strain hardening",17feaf19fc5a
"Polymer: Poly(methyl methacrylate)
Property: density = 1.1
Additional Info: {}
Force Field: OPLS-AA
Source: All-atom molecular dynamics study of the impact fracture of glassy polymers. III- Compressive fracture of PC and PMMA
DOI: https://doi.org/10.1016/j.polymer.2023.126276",property,35,Poly(methyl methacrylate),OPLS-AA,density,1.1,{},https://doi.org/10.1016/j.polymer.2023.126276,All-atom molecular dynamics study of the impact fracture of glassy polymers. III- Compressive fracture of PC and PMMA,b9d250d794ec
"Polymer: Poly(methyl methacrylate)
Property: glass_transition_temp = 459.15
Additional Info: {}
Force Field: OPLS-AA
Source: All-atom molecular dynamics study of the impact fracture of glassy polymers. III- Compressive fracture of PC and PMMA
DOI: https://doi.org/10.1016/j.polymer.2023.126276",property,36,Poly(methyl methacrylate),OPLS-AA,glass_transition_temp,459.15,{},https://doi.org/10.1016/j.polymer.2023.126276,All-atom molecular dynamics study of the impact fracture of glassy polymers. III- Compressive fracture of PC and PMMA,cc40de90ebac
"Polymer: Poly(methyl methacrylate)
Property: youngs_modulus = 5.8
Additional Info: {}
Force Field: OPLS-AA
Source: All-atom molecular dynamics study of the impact fracture of glassy polymers. III- Compressive fracture of PC and PMMA
DOI: https://doi.org/10.1016/j.polymer.2023.126276",property,37,Poly(methyl methacrylate),OPLS-AA,youngs_modulus,5.8,{},https://doi.org/10.1016/j.polymer.2023.126276,All-atom molecular dynamics study of the impact fracture of glassy polymers. III- Compressive fracture of PC and PMMA,3e2cec9b1f58
"Polymer: Polycarbonate
Property: density = 1.2
Additional Info: {}
Force Field: Hahn et al. force field
Source: All-atom molecular dynamics study of the impact fracture of glassy polymers. III- Compressive fracture of PC and PMMA
DOI: https://doi.org/10.1016/j.polymer.2023.126276",property,38,Polycarbonate,Hahn et al. force field,density,1.2,{},https://doi.org/10.1016/j.polymer.2023.126276,All-atom molecular dynamics study of the impact fracture of glassy polymers. III- Compressive fracture of PC and PMMA,7b48a253dc7e
"Polymer: Polycarbonate
Property: glass_transition_temp = 440.15
Additional Info: {}
Force Field: Hahn et al. force field
Source: All-atom molecular dynamics study of the impact fracture of glassy polymers. III- Compressive fracture of PC and PMMA
DOI: https://doi.org/10.1016/j.polymer.2023.126276",property,39,Polycarbonate,Hahn et al. force field,glass_transition_temp,440.15,{},https://doi.org/10.1016/j.polymer.2023.126276,All-atom molecular dynamics study of the impact fracture of glassy polymers. III- Compressive fracture of PC and PMMA,829c6d166676
"Polymer: Polycarbonate
Property: youngs_modulus = 3.4
Additional Info: {}
Force Field: Hahn et al. force field
Source: All-atom molecular dynamics study of the impact fracture of glassy polymers. III- Compressive fracture of PC and PMMA
DOI: https://doi.org/10.1016/j.polymer.2023.126276",property,40,Polycarbonate,Hahn et al. force field,youngs_modulus,3.4,{},https://doi.org/10.1016/j.polymer.2023.126276,All-atom molecular dynamics study of the impact fracture of glassy polymers. III- Compressive fracture of PC and PMMA,119db17aca9c
"Polymer: Amylose 20-mer
Property: density = 1.24
Additional Info: {}
Force Field: CHARMM36
Source: Atomistic and Coarse-Grained Simulations of Bulk Amorphous Amylose Above and Below the Glass Transition
DOI: https://doi.org/10.1021/acs.macromol.1c01925",property,41,Amylose 20-mer,CHARMM36,density,1.24,{},https://doi.org/10.1021/acs.macromol.1c01925,Atomistic and Coarse-Grained Simulations of Bulk Amorphous Amylose Above and Below the Glass Transition,c5a561ad195d
"Polymer: Amylose 20-mer
Property: glass_transition_temp = 586
Additional Info: {}
Force Field: CHARMM36
Source: Atomistic and Coarse-Grained Simulations of Bulk Amorphous Amylose Above and Below the Glass Transition
DOI: https://doi.org/10.1021/acs.macromol.1c01925",property,42,Amylose 20-mer,CHARMM36,glass_transition_temp,586,{},https://doi.org/10.1021/acs.macromol.1c01925,Atomistic and Coarse-Grained Simulations of Bulk Amorphous Amylose Above and Below the Glass Transition,0b41e00cc2a1
"Polymer: Amylose 20-mer
Property: radius_gyration = 1.628
Additional Info: {}
Force Field: CHARMM36
Source: Atomistic and Coarse-Grained Simulations of Bulk Amorphous Amylose Above and Below the Glass Transition
DOI: https://doi.org/10.1021/acs.macromol.1c01925",property,43,Amylose 20-mer,CHARMM36,radius_gyration,1.628,{},https://doi.org/10.1021/acs.macromol.1c01925,Atomistic and Coarse-Grained Simulations of Bulk Amorphous Amylose Above and Below the Glass Transition,20891e44c7a2
"Polymer: Amylose 20-mer
Property: radius_gyration = 1.777
Additional Info: {""condition"" : ""Martini 20-mer at 700 K ""}
Force Field: Martini
Source: Atomistic and Coarse-Grained Simulations of Bulk Amorphous Amylose Above and Below the Glass Transition
DOI: https://doi.org/10.1021/acs.macromol.1c01925",property,44,Amylose 20-mer,Martini,radius_gyration,1.777,"{""condition"" : ""Martini 20-mer at 700 K ""}",https://doi.org/10.1021/acs.macromol.1c01925,Atomistic and Coarse-Grained Simulations of Bulk Amorphous Amylose Above and Below the Glass Transition,2c55f50fb7da
"Polymer: Amylose 20-mer
Property: radius_gyration = 1.701
Additional Info: {}
Force Field: IBI
Source: Atomistic and Coarse-Grained Simulations of Bulk Amorphous Amylose Above and Below the Glass Transition
DOI: https://doi.org/10.1021/acs.macromol.1c01925",property,45,Amylose 20-mer,IBI,radius_gyration,1.701,{},https://doi.org/10.1021/acs.macromol.1c01925,Atomistic and Coarse-Grained Simulations of Bulk Amorphous Amylose Above and Below the Glass Transition,28443bb0ac7b
"Polymer: Amylose 20-mer
Property: density = 1.37
Additional Info: {""condition"" : ""365 replicates""}
Force Field: CHARMM36
Source: Atomistic and Coarse-Grained Simulations of Bulk Amorphous Amylose Above and Below the Glass Transition
DOI: https://doi.org/10.1021/acs.macromol.1c01925",property,46,Amylose 20-mer,CHARMM36,density,1.37,"{""condition"" : ""365 replicates""}",https://doi.org/10.1021/acs.macromol.1c01925,Atomistic and Coarse-Grained Simulations of Bulk Amorphous Amylose Above and Below the Glass Transition,313910d15524
"Polymer: Poly(ethylene glycol)
Property: diffusion_coefficient = Approximately (1e-11 to 1e-10)
Additional Info: {""condition"":""Li+ and TFSI−""}
Force Field: OPLS
Source: Charge Scaling in Classical Force Fields for Lithium Ions in Polymers
DOI: https://doi.org/10.1021/acsmacrolett.4c00368",property,47,Poly(ethylene glycol),OPLS,diffusion_coefficient,Approximately (1e-11 to 1e-10),"{""condition"":""Li+ and TFSI−""}",https://doi.org/10.1021/acsmacrolett.4c00368,Charge Scaling in Classical Force Fields for Lithium Ions in Polymers,8eb3cccf6ed5
"Polymer: Polycaprolactone
Property: diffusion_coefficient = 2.17e-11
Additional Info: {}
Force Field: MARTINI coarse-grained
Source: Coarse-Grained Force Field Calibration Based on Multiobjective Bayesian Optimization to Simulate Water Diffusion in Poly-Œµ-caprolactone
DOI: https://doi.org/10.1021/acs.jpca.0c01939",property,48,Polycaprolactone,MARTINI coarse-grained,diffusion_coefficient,2.17e-11,{},https://doi.org/10.1021/acs.jpca.0c01939,Coarse-Grained Force Field Calibration Based on Multiobjective Bayesian Optimization to Simulate Water Diffusion in Poly-Œµ-caprolactone,9b99797588d6
"Polymer: Polycaprolactone
Property: youngs_modulus = 0.3583
Additional Info: {}
Force Field: MARTINI coarse-grained
Source: Coarse-Grained Force Field Calibration Based on Multiobjective Bayesian Optimization to Simulate Water Diffusion in Poly-Œµ-caprolactone
DOI: https://doi.org/10.1021/acs.jpca.0c01939",property,49,Polycaprolactone,MARTINI coarse-grained,youngs_modulus,0.3583,{},https://doi.org/10.1021/acs.jpca.0c01939,Coarse-Grained Force Field Calibration Based on Multiobjective Bayesian Optimization to Simulate Water Diffusion in Poly-Œµ-caprolactone,6b88400d35ac
"Polymer: Polycaprolactone
Property: diffusion_coefficient = 1.05e-11
Additional Info: {}
Force Field: MARTINI coarse-grained
Source: Coarse-Grained Force Field Calibration Based on Multiobjective Bayesian Optimization to Simulate Water Diffusion in Poly-Œµ-caprolactone
DOI: https://doi.org/10.1021/acs.jpca.0c01939",property,50,Polycaprolactone,MARTINI coarse-grained,diffusion_coefficient,1.05e-11,{},https://doi.org/10.1021/acs.jpca.0c01939,Coarse-Grained Force Field Calibration Based on Multiobjective Bayesian Optimization to Simulate Water Diffusion in Poly-Œµ-caprolactone,80c257cee380
"Polymer: Polycaprolactone
Property: youngs_modulus = 0.4491
Additional Info: {}
Force Field: MARTINI coarse-grained
Source: Coarse-Grained Force Field Calibration Based on Multiobjective Bayesian Optimization to Simulate Water Diffusion in Poly-Œµ-caprolactone
DOI: https://doi.org/10.1021/acs.jpca.0c01939",property,51,Polycaprolactone,MARTINI coarse-grained,youngs_modulus,0.4491,{},https://doi.org/10.1021/acs.jpca.0c01939,Coarse-Grained Force Field Calibration Based on Multiobjective Bayesian Optimization to Simulate Water Diffusion in Poly-Œµ-caprolactone,a8917aa3c74e
"Polymer: Polycaprolactone
Property: diffusion_coefficient = 1.46e-11
Additional Info: {}
Force Field: MARTINI coarse-grained
Source: Coarse-Grained Force Field Calibration Based on Multiobjective Bayesian Optimization to Simulate Water Diffusion in Poly-Œµ-caprolactone
DOI: https://doi.org/10.1021/acs.jpca.0c01939",property,52,Polycaprolactone,MARTINI coarse-grained,diffusion_coefficient,1.46e-11,{},https://doi.org/10.1021/acs.jpca.0c01939,Coarse-Grained Force Field Calibration Based on Multiobjective Bayesian Optimization to Simulate Water Diffusion in Poly-Œµ-caprolactone,a2f920efa7a5
"Polymer: Polycaprolactone
Property: youngs_modulus = 0.4551
Additional Info: {}
Force Field: MARTINI coarse-grained
Source: Coarse-Grained Force Field Calibration Based on Multiobjective Bayesian Optimization to Simulate Water Diffusion in Poly-Œµ-caprolactone
DOI: https://doi.org/10.1021/acs.jpca.0c01939",property,53,Polycaprolactone,MARTINI coarse-grained,youngs_modulus,0.4551,{},https://doi.org/10.1021/acs.jpca.0c01939,Coarse-Grained Force Field Calibration Based on Multiobjective Bayesian Optimization to Simulate Water Diffusion in Poly-Œµ-caprolactone,d7d958342332
"Polymer: Polycaprolactone
Property: diffusion_coefficient = 4.5e-11
Additional Info: {}
Force Field: MARTINI coarse-grained
Source: Coarse-Grained Force Field Calibration Based on Multiobjective Bayesian Optimization to Simulate Water Diffusion in Poly-Œµ-caprolactone
DOI: https://doi.org/10.1021/acs.jpca.0c01939",property,54,Polycaprolactone,MARTINI coarse-grained,diffusion_coefficient,4.5e-11,{},https://doi.org/10.1021/acs.jpca.0c01939,Coarse-Grained Force Field Calibration Based on Multiobjective Bayesian Optimization to Simulate Water Diffusion in Poly-Œµ-caprolactone,289c0fcc44e9
"Polymer: Polycaprolactone
Property: youngs_modulus = 0.383
Additional Info: {}
Force Field: MARTINI coarse-grained
Source: Coarse-Grained Force Field Calibration Based on Multiobjective Bayesian Optimization to Simulate Water Diffusion in Poly-Œµ-caprolactone
DOI: https://doi.org/10.1021/acs.jpca.0c01939",property,55,Polycaprolactone,MARTINI coarse-grained,youngs_modulus,0.383,{},https://doi.org/10.1021/acs.jpca.0c01939,Coarse-Grained Force Field Calibration Based on Multiobjective Bayesian Optimization to Simulate Water Diffusion in Poly-Œµ-caprolactone,883090a13075
"Polymer: Polycaprolactone
Property: diffusion_coefficient = 7.54e-12
Additional Info: {}
Force Field: MARTINI force field by Raman et al.
Source: Coarse-Grained Force Field Calibration Based on Multiobjective Bayesian Optimization to Simulate Water Diffusion in Poly-Œµ-caprolactone
DOI: https://doi.org/10.1021/acs.jpca.0c01939",property,56,Polycaprolactone,MARTINI force field by Raman et al.,diffusion_coefficient,7.54e-12,{},https://doi.org/10.1021/acs.jpca.0c01939,Coarse-Grained Force Field Calibration Based on Multiobjective Bayesian Optimization to Simulate Water Diffusion in Poly-Œµ-caprolactone,eba9cac149e4
"Polymer: Polycaprolactone
Property: youngs_modulus = 0.66
Additional Info: {}
Force Field: MARTINI force field by Raman et al.
Source: Coarse-Grained Force Field Calibration Based on Multiobjective Bayesian Optimization to Simulate Water Diffusion in Poly-Œµ-caprolactone
DOI: https://doi.org/10.1021/acs.jpca.0c01939",property,57,Polycaprolactone,MARTINI force field by Raman et al.,youngs_modulus,0.66,{},https://doi.org/10.1021/acs.jpca.0c01939,Coarse-Grained Force Field Calibration Based on Multiobjective Bayesian Optimization to Simulate Water Diffusion in Poly-Œµ-caprolactone,aa7eea3c436d
"Polymer: Poly(ethylene oxide)
Property: density = 0.671
Additional Info: {}
Force Field: p-OMFF
Source: Coarse-Grained Force Field for Polyethylene Oxide and Polyethylene Glycol Aqueous Solutions Based on a Polarizable Water Model
DOI: https://doi.org/10.1021/acs.jctc.2c01151",property,58,Poly(ethylene oxide),p-OMFF,density,0.671,{},https://doi.org/10.1021/acs.jctc.2c01151,Coarse-Grained Force Field for Polyethylene Oxide and Polyethylene Glycol Aqueous Solutions Based on a Polarizable Water Model,c5fbcb30328a
"Polymer: Dimethoxyethane (PEO2)
Property: density = 0.837
Additional Info: {}
Force Field: p-OMFF
Source: Coarse-Grained Force Field for Polyethylene Oxide and Polyethylene Glycol Aqueous Solutions Based on a Polarizable Water Model
DOI: https://doi.org/10.1021/acs.jctc.2c01151",property,59,Dimethoxyethane (PEO2),p-OMFF,density,0.837,{},https://doi.org/10.1021/acs.jctc.2c01151,Coarse-Grained Force Field for Polyethylene Oxide and Polyethylene Glycol Aqueous Solutions Based on a Polarizable Water Model,80bd5f50f854
"Polymer: PEO oligomer (PEO3)
Property: density = 0.922
Additional Info: {}
Force Field: p-OMFF
Source: Coarse-Grained Force Field for Polyethylene Oxide and Polyethylene Glycol Aqueous Solutions Based on a Polarizable Water Model
DOI: https://doi.org/10.1021/acs.jctc.2c01151",property,60,PEO oligomer (PEO3),p-OMFF,density,0.922,{},https://doi.org/10.1021/acs.jctc.2c01151,Coarse-Grained Force Field for Polyethylene Oxide and Polyethylene Glycol Aqueous Solutions Based on a Polarizable Water Model,5c794d10ab43
"Polymer: PEO oligomer (PEO4)
Property: density = 0.975
Additional Info: {}
Force Field: p-OMFF
Source: Coarse-Grained Force Field for Polyethylene Oxide and Polyethylene Glycol Aqueous Solutions Based on a Polarizable Water Model
DOI: https://doi.org/10.1021/acs.jctc.2c01151",property,61,PEO oligomer (PEO4),p-OMFF,density,0.975,{},https://doi.org/10.1021/acs.jctc.2c01151,Coarse-Grained Force Field for Polyethylene Oxide and Polyethylene Glycol Aqueous Solutions Based on a Polarizable Water Model,5d874f54f490
"Polymer: PEO oligomer (PEO5)
Property: density = 1.013
Additional Info: {}
Force Field: p-OMFF
Source: Coarse-Grained Force Field for Polyethylene Oxide and Polyethylene Glycol Aqueous Solutions Based on a Polarizable Water Model
DOI: https://doi.org/10.1021/acs.jctc.2c01151",property,62,PEO oligomer (PEO5),p-OMFF,density,1.013,{},https://doi.org/10.1021/acs.jctc.2c01151,Coarse-Grained Force Field for Polyethylene Oxide and Polyethylene Glycol Aqueous Solutions Based on a Polarizable Water Model,aac14913c5a2
"Polymer: PEG oligomer (PEG2)
Property: density = 0.96
Additional Info: {}
Force Field: p-OMFF
Source: Coarse-Grained Force Field for Polyethylene Oxide and Polyethylene Glycol Aqueous Solutions Based on a Polarizable Water Model
DOI: https://doi.org/10.1021/acs.jctc.2c01151",property,63,PEG oligomer (PEG2),p-OMFF,density,0.96,{},https://doi.org/10.1021/acs.jctc.2c01151,Coarse-Grained Force Field for Polyethylene Oxide and Polyethylene Glycol Aqueous Solutions Based on a Polarizable Water Model,2cfdf572d457
"Polymer: PEG oligomer (PEG3)
Property: density = 1.033
Additional Info: {}
Force Field: p-OMFF
Source: Coarse-Grained Force Field for Polyethylene Oxide and Polyethylene Glycol Aqueous Solutions Based on a Polarizable Water Model
DOI: https://doi.org/10.1021/acs.jctc.2c01151",property,64,PEG oligomer (PEG3),p-OMFF,density,1.033,{},https://doi.org/10.1021/acs.jctc.2c01151,Coarse-Grained Force Field for Polyethylene Oxide and Polyethylene Glycol Aqueous Solutions Based on a Polarizable Water Model,647b68d7afea
"Polymer: Polyacrylamide
Property: density = 1.304
Additional Info: {}
Force Field: QM-CG-PAM
Source: Coarse-grained force-field for large scale molecular dynamics simulations of polyacrylamide and polyacrylamide-gels based on quantum mechanics
DOI: https://doi.org/10.1039/d0cp05767c",property,73,Polyacrylamide,QM-CG-PAM,density,1.304,{},https://doi.org/10.1039/d0cp05767c,Coarse-grained force-field for large scale molecular dynamics simulations of polyacrylamide and polyacrylamide-gels based on quantum mechanics,97460fcc5c51
"Polymer: Polyacrylamide
Property: density = 1.307
Additional Info: {}
Force Field: OPLS
Source: Coarse-grained force-field for large scale molecular dynamics simulations of polyacrylamide and polyacrylamide-gels based on quantum mechanics
DOI: https://doi.org/10.1039/d0cp05767c",property,74,Polyacrylamide,OPLS,density,1.307,{},https://doi.org/10.1039/d0cp05767c,Coarse-grained force-field for large scale molecular dynamics simulations of polyacrylamide and polyacrylamide-gels based on quantum mechanics,7ba7f8dd4822
"Polymer: Diketopyrrolopyrrole-based conjugated polymer
Property: density = 0.923
Additional Info: {""condition"": ""Backbone with m = 1 thiophene unit""}
Force Field: All-atom FF, GROMOS-54A7-based (developed)
Source: Development and Testing of an All-Atom Force Field for Diketopyrrolopyrrole Polymers with Conjugated Substituents
DOI: https://doi.org/10.1021/acs.jpcb.0c06787",property,75,Diketopyrrolopyrrole-based conjugated polymer,"All-atom FF, GROMOS-54A7-based (developed)",density,0.923,"{""condition"": ""Backbone with m = 1 thiophene unit""}",https://doi.org/10.1021/acs.jpcb.0c06787,Development and Testing of an All-Atom Force Field for Diketopyrrolopyrrole Polymers with Conjugated Substituents,7d119c69173f
"Polymer: Diketopyrrolopyrrole-based conjugated polymer
Property: glass_transition_temp = 357
Additional Info: {""condition"": ""Backbone with m = 1 thiophene unit""}
Force Field: All-atom FF, GROMOS-54A7-based (developed)
Source: Development and Testing of an All-Atom Force Field for Diketopyrrolopyrrole Polymers with Conjugated Substituents
DOI: https://doi.org/10.1021/acs.jpcb.0c06787",property,76,Diketopyrrolopyrrole-based conjugated polymer,"All-atom FF, GROMOS-54A7-based (developed)",glass_transition_temp,357,"{""condition"": ""Backbone with m = 1 thiophene unit""}",https://doi.org/10.1021/acs.jpcb.0c06787,Development and Testing of an All-Atom Force Field for Diketopyrrolopyrrole Polymers with Conjugated Substituents,aade4e452125
"Polymer: Diketopyrrolopyrrole-based conjugated polymer
Property: density = 0.973
Additional Info: {""condition"": ""Backbone with m = 2 thiophene units""}
Force Field: All-atom FF, GROMOS-54A7-based (developed)
Source: Development and Testing of an All-Atom Force Field for Diketopyrrolopyrrole Polymers with Conjugated Substituents
DOI: https://doi.org/10.1021/acs.jpcb.0c06787",property,77,Diketopyrrolopyrrole-based conjugated polymer,"All-atom FF, GROMOS-54A7-based (developed)",density,0.973,"{""condition"": ""Backbone with m = 2 thiophene units""}",https://doi.org/10.1021/acs.jpcb.0c06787,Development and Testing of an All-Atom Force Field for Diketopyrrolopyrrole Polymers with Conjugated Substituents,f11efc447ce0
"Polymer: Diketopyrrolopyrrole-based conjugated polymer
Property: glass_transition_temp = 346
Additional Info: {""condition"": ""Backbone with m = 2 thiophene units""}
Force Field: All-atom FF, GROMOS-54A7-based (developed)
Source: Development and Testing of an All-Atom Force Field for Diketopyrrolopyrrole Polymers with Conjugated Substituents
DOI: https://doi.org/10.1021/acs.jpcb.0c06787",property,78,Diketopyrrolopyrrole-based conjugated polymer,"All-atom FF, GROMOS-54A7-based (developed)",glass_transition_temp,346,"{""condition"": ""Backbone with m = 2 thiophene units""}",https://doi.org/10.1021/acs.jpcb.0c06787,Development and Testing of an All-Atom Force Field for Diketopyrrolopyrrole Polymers with Conjugated Substituents,e93cb8d0f89a
"Polymer: Diketopyrrolopyrrole-based conjugated polymer
Property: density = 1.005
Additional Info: {""condition"": ""Backbone with m = 3 thiophene units""}
Force Field: All-atom FF, GROMOS-54A7-based (developed)
Source: Development and Testing of an All-Atom Force Field for Diketopyrrolopyrrole Polymers with Conjugated Substituents
DOI: https://doi.org/10.1021/acs.jpcb.0c06787",property,79,Diketopyrrolopyrrole-based conjugated polymer,"All-atom FF, GROMOS-54A7-based (developed)",density,1.005,"{""condition"": ""Backbone with m = 3 thiophene units""}",https://doi.org/10.1021/acs.jpcb.0c06787,Development and Testing of an All-Atom Force Field for Diketopyrrolopyrrole Polymers with Conjugated Substituents,46916cdbba64
"Polymer: Diketopyrrolopyrrole-based conjugated polymer
Property: glass_transition_temp = 366
Additional Info: {""condition"": ""Backbone with m = 3 thiophene units""}
Force Field: All-atom FF, GROMOS-54A7-based (developed)
Source: Development and Testing of an All-Atom Force Field for Diketopyrrolopyrrole Polymers with Conjugated Substituents
DOI: https://doi.org/10.1021/acs.jpcb.0c06787",property,80,Diketopyrrolopyrrole-based conjugated polymer,"All-atom FF, GROMOS-54A7-based (developed)",glass_transition_temp,366,"{""condition"": ""Backbone with m = 3 thiophene units""}",https://doi.org/10.1021/acs.jpcb.0c06787,Development and Testing of an All-Atom Force Field for Diketopyrrolopyrrole Polymers with Conjugated Substituents,2dd3e61e5fbb
"Polymer: Ethylene glycol oligomers
Property: density = 1.06
Additional Info: {""condition"": ""Oligomers of ethylene glycol (short-chain PEG/PEO)""}
Force Field: QRNN - M,D,T
Source: Development of scalable and generalizable machine learned force field for polymers
DOI: https://doi.org/10.1038/s41598-023-43804-5",property,82,Ethylene glycol oligomers,"QRNN - M,D,T",density,1.06,"{""condition"": ""Oligomers of ethylene glycol (short-chain PEG/PEO)""}",https://doi.org/10.1038/s41598-023-43804-5,Development of scalable and generalizable machine learned force field for polymers,de4132cca245
"Polymer: Ethylene glycol oligomers
Property: density = 1.15
Additional Info: {""condition"": ""Oligomers of ethylene glycol (short-chain PEG/PEO)""}
Force Field: QRNN - AL-TL
Source: Development of scalable and generalizable machine learned force field for polymers
DOI: https://doi.org/10.1038/s41598-023-43804-5",property,83,Ethylene glycol oligomers,QRNN - AL-TL,density,1.15,"{""condition"": ""Oligomers of ethylene glycol (short-chain PEG/PEO)""}",https://doi.org/10.1038/s41598-023-43804-5,Development of scalable and generalizable machine learned force field for polymers,1b9826e9dda7
"Polymer: Ethylene glycol oligomers
Property: density = 1.11
Additional Info: {""condition"": ""Oligomers of ethylene glycol (short-chain PEG/PEO)""}
Force Field: QRNN - AL2.0-TL-xTB
Source: Development of scalable and generalizable machine learned force field for polymers
DOI: https://doi.org/10.1038/s41598-023-43804-5",property,84,Ethylene glycol oligomers,QRNN - AL2.0-TL-xTB,density,1.11,"{""condition"": ""Oligomers of ethylene glycol (short-chain PEG/PEO)""}",https://doi.org/10.1038/s41598-023-43804-5,Development of scalable and generalizable machine learned force field for polymers,7c9f60702f38
"Polymer: Poly(methyl methacrylate)
Property: density = 0.994
Additional Info: {""condition"": ""Single chain""}
Force Field: DREIDING
Source: Effects of an atomistic modeling approach on predicted mechanical properties of glassy polymers via molecular dynamics
DOI: https://doi.org/10.1088/1361-651x/ab615c",property,92,Poly(methyl methacrylate),DREIDING,density,0.994,"{""condition"": ""Single chain""}",https://doi.org/10.1088/1361-651x/ab615c,Effects of an atomistic modeling approach on predicted mechanical properties of glassy polymers via molecular dynamics,c95af260b401
"Polymer: Poly(methyl methacrylate)
Property: youngs_modulus = 3.25
Additional Info: {""condition"": ""Single chain""}
Force Field: DREIDING
Source: Effects of an atomistic modeling approach on predicted mechanical properties of glassy polymers via molecular dynamics
DOI: https://doi.org/10.1088/1361-651x/ab615c",property,93,Poly(methyl methacrylate),DREIDING,youngs_modulus,3.25,"{""condition"": ""Single chain""}",https://doi.org/10.1088/1361-651x/ab615c,Effects of an atomistic modeling approach on predicted mechanical properties of glassy polymers via molecular dynamics,1df3dda676c6
"Polymer: Poly(methyl methacrylate)
Property: density = 1.081
Additional Info: {""condition"": ""Single chain""}
Force Field: GAFF
Source: Effects of an atomistic modeling approach on predicted mechanical properties of glassy polymers via molecular dynamics
DOI: https://doi.org/10.1088/1361-651x/ab615c",property,94,Poly(methyl methacrylate),GAFF,density,1.081,"{""condition"": ""Single chain""}",https://doi.org/10.1088/1361-651x/ab615c,Effects of an atomistic modeling approach on predicted mechanical properties of glassy polymers via molecular dynamics,03c4951a492b
"Polymer: Poly(methyl methacrylate)
Property: youngs_modulus = 4.13
Additional Info: {""condition"": ""Single chain""}
Force Field: GAFF
Source: Effects of an atomistic modeling approach on predicted mechanical properties of glassy polymers via molecular dynamics
DOI: https://doi.org/10.1088/1361-651x/ab615c",property,95,Poly(methyl methacrylate),GAFF,youngs_modulus,4.13,"{""condition"": ""Single chain""}",https://doi.org/10.1088/1361-651x/ab615c,Effects of an atomistic modeling approach on predicted mechanical properties of glassy polymers via molecular dynamics,6c325b51a81b
"Polymer: Poly(methyl methacrylate)
Property: density = 1
Additional Info: {""condition"": ""Single chain""}
Force Field: DREIDING
Source: Effects of an atomistic modeling approach on predicted mechanical properties of glassy polymers via molecular dynamics
DOI: https://doi.org/10.1088/1361-651x/ab615c",property,96,Poly(methyl methacrylate),DREIDING,density,1,"{""condition"": ""Single chain""}",https://doi.org/10.1088/1361-651x/ab615c,Effects of an atomistic modeling approach on predicted mechanical properties of glassy polymers via molecular dynamics,e41e9e23fce1
"Polymer: Poly(methyl methacrylate)
Property: youngs_modulus = 3.51
Additional Info: {""condition"": ""Single chain""}
Force Field: DREIDING
Source: Effects of an atomistic modeling approach on predicted mechanical properties of glassy polymers via molecular dynamics
DOI: https://doi.org/10.1088/1361-651x/ab615c",property,97,Poly(methyl methacrylate),DREIDING,youngs_modulus,3.51,"{""condition"": ""Single chain""}",https://doi.org/10.1088/1361-651x/ab615c,Effects of an atomistic modeling approach on predicted mechanical properties of glassy polymers via molecular dynamics,5fa28811e11d
"Polymer: Poly(methyl methacrylate)
Property: density = 1.084
Additional Info: {""condition"": ""Single chain""}
Force Field: GAFF
Source: Effects of an atomistic modeling approach on predicted mechanical properties of glassy polymers via molecular dynamics
DOI: https://doi.org/10.1088/1361-651x/ab615c",property,98,Poly(methyl methacrylate),GAFF,density,1.084,"{""condition"": ""Single chain""}",https://doi.org/10.1088/1361-651x/ab615c,Effects of an atomistic modeling approach on predicted mechanical properties of glassy polymers via molecular dynamics,5dafffa701ed
"Polymer: Poly(methyl methacrylate)
Property: youngs_modulus = 4.29
Additional Info: {""condition"": ""Single chain""}
Force Field: GAFF
Source: Effects of an atomistic modeling approach on predicted mechanical properties of glassy polymers via molecular dynamics
DOI: https://doi.org/10.1088/1361-651x/ab615c",property,99,Poly(methyl methacrylate),GAFF,youngs_modulus,4.29,"{""condition"": ""Single chain""}",https://doi.org/10.1088/1361-651x/ab615c,Effects of an atomistic modeling approach on predicted mechanical properties of glassy polymers via molecular dynamics,abad47afff5d
"Polymer: Poly(methyl methacrylate)
Property: density = 1
Additional Info: {""condition"": ""Multi-chain""}
Force Field: DREIDING
Source: Effects of an atomistic modeling approach on predicted mechanical properties of glassy polymers via molecular dynamics
DOI: https://doi.org/10.1088/1361-651x/ab615c",property,100,Poly(methyl methacrylate),DREIDING,density,1,"{""condition"": ""Multi-chain""}",https://doi.org/10.1088/1361-651x/ab615c,Effects of an atomistic modeling approach on predicted mechanical properties of glassy polymers via molecular dynamics,3d2d8d59e5bf
"Polymer: Poly(methyl methacrylate)
Property: youngs_modulus = 3.59
Additional Info: {""condition"": ""Multi-chain""}
Force Field: DREIDING
Source: Effects of an atomistic modeling approach on predicted mechanical properties of glassy polymers via molecular dynamics
DOI: https://doi.org/10.1088/1361-651x/ab615c",property,101,Poly(methyl methacrylate),DREIDING,youngs_modulus,3.59,"{""condition"": ""Multi-chain""}",https://doi.org/10.1088/1361-651x/ab615c,Effects of an atomistic modeling approach on predicted mechanical properties of glassy polymers via molecular dynamics,56e09972fd76
"Polymer: Poly(methyl methacrylate)
Property: density = 1.08
Additional Info: {""condition"": ""Multi-chain""}
Force Field: GAFF
Source: Effects of an atomistic modeling approach on predicted mechanical properties of glassy polymers via molecular dynamics
DOI: https://doi.org/10.1088/1361-651x/ab615c",property,102,Poly(methyl methacrylate),GAFF,density,1.08,"{""condition"": ""Multi-chain""}",https://doi.org/10.1088/1361-651x/ab615c,Effects of an atomistic modeling approach on predicted mechanical properties of glassy polymers via molecular dynamics,4c9a839d6cf6
"Polymer: Poly(methyl methacrylate)
Property: youngs_modulus = 4.52
Additional Info: {""condition"": ""Multi-chain""}
Force Field: GAFF
Source: Effects of an atomistic modeling approach on predicted mechanical properties of glassy polymers via molecular dynamics
DOI: https://doi.org/10.1088/1361-651x/ab615c",property,103,Poly(methyl methacrylate),GAFF,youngs_modulus,4.52,"{""condition"": ""Multi-chain""}",https://doi.org/10.1088/1361-651x/ab615c,Effects of an atomistic modeling approach on predicted mechanical properties of glassy polymers via molecular dynamics,682c7b3709b0
"Polymer: Poly(methyl methacrylate)
Property: density = 1.001
Additional Info: {""condition"": ""Multi-chain""}
Force Field: DREIDING
Source: Effects of an atomistic modeling approach on predicted mechanical properties of glassy polymers via molecular dynamics
DOI: https://doi.org/10.1088/1361-651x/ab615c",property,104,Poly(methyl methacrylate),DREIDING,density,1.001,"{""condition"": ""Multi-chain""}",https://doi.org/10.1088/1361-651x/ab615c,Effects of an atomistic modeling approach on predicted mechanical properties of glassy polymers via molecular dynamics,fb6986ca6c04
"Polymer: Poly(methyl methacrylate)
Property: youngs_modulus = 3.31
Additional Info: {""condition"": ""Multi-chain""}
Force Field: DREIDING
Source: Effects of an atomistic modeling approach on predicted mechanical properties of glassy polymers via molecular dynamics
DOI: https://doi.org/10.1088/1361-651x/ab615c",property,105,Poly(methyl methacrylate),DREIDING,youngs_modulus,3.31,"{""condition"": ""Multi-chain""}",https://doi.org/10.1088/1361-651x/ab615c,Effects of an atomistic modeling approach on predicted mechanical properties of glassy polymers via molecular dynamics,3b4a7d3b4722
"Polymer: Poly(methyl methacrylate)
Property: density = 1.084
Additional Info: {""condition"": ""Multi-chain""}
Force Field: GAFF
Source: Effects of an atomistic modeling approach on predicted mechanical properties of glassy polymers via molecular dynamics
DOI: https://doi.org/10.1088/1361-651x/ab615c",property,106,Poly(methyl methacrylate),GAFF,density,1.084,"{""condition"": ""Multi-chain""}",https://doi.org/10.1088/1361-651x/ab615c,Effects of an atomistic modeling approach on predicted mechanical properties of glassy polymers via molecular dynamics,9a5b8bc07c73
"Polymer: Poly(methyl methacrylate)
Property: youngs_modulus = 4.2
Additional Info: {""condition"": ""Multi-chain""}
Force Field: GAFF
Source: Effects of an atomistic modeling approach on predicted mechanical properties of glassy polymers via molecular dynamics
DOI: https://doi.org/10.1088/1361-651x/ab615c",property,107,Poly(methyl methacrylate),GAFF,youngs_modulus,4.2,"{""condition"": ""Multi-chain""}",https://doi.org/10.1088/1361-651x/ab615c,Effects of an atomistic modeling approach on predicted mechanical properties of glassy polymers via molecular dynamics,600abac17cf5
"Polymer: Poly(methyl methacrylate)
Property: density = 1.027
Additional Info: {""condition"": ""Multi-chain""}
Force Field: DREIDING
Source: Effects of an atomistic modeling approach on predicted mechanical properties of glassy polymers via molecular dynamics
DOI: https://doi.org/10.1088/1361-651x/ab615c",property,108,Poly(methyl methacrylate),DREIDING,density,1.027,"{""condition"": ""Multi-chain""}",https://doi.org/10.1088/1361-651x/ab615c,Effects of an atomistic modeling approach on predicted mechanical properties of glassy polymers via molecular dynamics,c68d290fec5d
"Polymer: Poly(methyl methacrylate)
Property: youngs_modulus = 3.37
Additional Info: {""condition"": ""Multi-chain""}
Force Field: DREIDING
Source: Effects of an atomistic modeling approach on predicted mechanical properties of glassy polymers via molecular dynamics
DOI: https://doi.org/10.1088/1361-651x/ab615c",property,109,Poly(methyl methacrylate),DREIDING,youngs_modulus,3.37,"{""condition"": ""Multi-chain""}",https://doi.org/10.1088/1361-651x/ab615c,Effects of an atomistic modeling approach on predicted mechanical properties of glassy polymers via molecular dynamics,82c2a81058dc
"Polymer: Poly(propylene)
Property: density = 0.751
Additional Info: {""condition"": ""Single chain""}
Force Field: DREIDING
Source: Effects of an atomistic modeling approach on predicted mechanical properties of glassy polymers via molecular dynamics
DOI: https://doi.org/10.1088/1361-651x/ab615c",property,110,Poly(propylene),DREIDING,density,0.751,"{""condition"": ""Single chain""}",https://doi.org/10.1088/1361-651x/ab615c,Effects of an atomistic modeling approach on predicted mechanical properties of glassy polymers via molecular dynamics,98294fe4eb2b
"Polymer: Poly(propylene)
Property: youngs_modulus = 1.53
Additional Info: {""condition"": ""Single chain""}
Force Field: DREIDING
Source: Effects of an atomistic modeling approach on predicted mechanical properties of glassy polymers via molecular dynamics
DOI: https://doi.org/10.1088/1361-651x/ab615c",property,111,Poly(propylene),DREIDING,youngs_modulus,1.53,"{""condition"": ""Single chain""}",https://doi.org/10.1088/1361-651x/ab615c,Effects of an atomistic modeling approach on predicted mechanical properties of glassy polymers via molecular dynamics,a2a3cec766f8
"Polymer: Poly(propylene)
Property: density = 0.836
Additional Info: {""condition"": ""Single chain""}
Force Field: GAFF
Source: Effects of an atomistic modeling approach on predicted mechanical properties of glassy polymers via molecular dynamics
DOI: https://doi.org/10.1088/1361-651x/ab615c",property,112,Poly(propylene),GAFF,density,0.836,"{""condition"": ""Single chain""}",https://doi.org/10.1088/1361-651x/ab615c,Effects of an atomistic modeling approach on predicted mechanical properties of glassy polymers via molecular dynamics,7d5d80061c07
"Polymer: Poly(propylene)
Property: youngs_modulus = 2.31
Additional Info: {""condition"": ""Single chain""}
Force Field: GAFF
Source: Effects of an atomistic modeling approach on predicted mechanical properties of glassy polymers via molecular dynamics
DOI: https://doi.org/10.1088/1361-651x/ab615c",property,113,Poly(propylene),GAFF,youngs_modulus,2.31,"{""condition"": ""Single chain""}",https://doi.org/10.1088/1361-651x/ab615c,Effects of an atomistic modeling approach on predicted mechanical properties of glassy polymers via molecular dynamics,de99020d5517
"Polymer: Poly(propylene)
Property: density = 0.754
Additional Info: {""condition"": ""Single chain""}
Force Field: DREIDING
Source: Effects of an atomistic modeling approach on predicted mechanical properties of glassy polymers via molecular dynamics
DOI: https://doi.org/10.1088/1361-651x/ab615c",property,114,Poly(propylene),DREIDING,density,0.754,"{""condition"": ""Single chain""}",https://doi.org/10.1088/1361-651x/ab615c,Effects of an atomistic modeling approach on predicted mechanical properties of glassy polymers via molecular dynamics,3a91a91ceff5
"Polymer: Poly(propylene)
Property: youngs_modulus = 1.86
Additional Info: {""condition"": ""Single chain""}
Force Field: DREIDING
Source: Effects of an atomistic modeling approach on predicted mechanical properties of glassy polymers via molecular dynamics
DOI: https://doi.org/10.1088/1361-651x/ab615c",property,115,Poly(propylene),DREIDING,youngs_modulus,1.86,"{""condition"": ""Single chain""}",https://doi.org/10.1088/1361-651x/ab615c,Effects of an atomistic modeling approach on predicted mechanical properties of glassy polymers via molecular dynamics,f4b561b95d8e
"Polymer: Poly(propylene)
Property: density = 0.842
Additional Info: {""condition"": ""Single chain""}
Force Field: GAFF
Source: Effects of an atomistic modeling approach on predicted mechanical properties of glassy polymers via molecular dynamics
DOI: https://doi.org/10.1088/1361-651x/ab615c",property,116,Poly(propylene),GAFF,density,0.842,"{""condition"": ""Single chain""}",https://doi.org/10.1088/1361-651x/ab615c,Effects of an atomistic modeling approach on predicted mechanical properties of glassy polymers via molecular dynamics,af5a501951af
"Polymer: Poly(propylene)
Property: youngs_modulus = 2.38
Additional Info: {""condition"": ""Single chain""}
Force Field: GAFF
Source: Effects of an atomistic modeling approach on predicted mechanical properties of glassy polymers via molecular dynamics
DOI: https://doi.org/10.1088/1361-651x/ab615c",property,117,Poly(propylene),GAFF,youngs_modulus,2.38,"{""condition"": ""Single chain""}",https://doi.org/10.1088/1361-651x/ab615c,Effects of an atomistic modeling approach on predicted mechanical properties of glassy polymers via molecular dynamics,262d2342a451
"Polymer: Poly(propylene)
Property: density = 0.75
Additional Info: {""condition"": ""Multi-chain""}
Force Field: DREIDING
Source: Effects of an atomistic modeling approach on predicted mechanical properties of glassy polymers via molecular dynamics
DOI: https://doi.org/10.1088/1361-651x/ab615c",property,118,Poly(propylene),DREIDING,density,0.75,"{""condition"": ""Multi-chain""}",https://doi.org/10.1088/1361-651x/ab615c,Effects of an atomistic modeling approach on predicted mechanical properties of glassy polymers via molecular dynamics,69e9c1022d46
"Polymer: Poly(propylene)
Property: youngs_modulus = 1.71
Additional Info: {""condition"": ""Multi-chain""}
Force Field: DREIDING
Source: Effects of an atomistic modeling approach on predicted mechanical properties of glassy polymers via molecular dynamics
DOI: https://doi.org/10.1088/1361-651x/ab615c",property,119,Poly(propylene),DREIDING,youngs_modulus,1.71,"{""condition"": ""Multi-chain""}",https://doi.org/10.1088/1361-651x/ab615c,Effects of an atomistic modeling approach on predicted mechanical properties of glassy polymers via molecular dynamics,6e769de38d09
"Polymer: Poly(propylene)
Property: density = 0.834
Additional Info: {""condition"": ""Multi-chain""}
Force Field: GAFF
Source: Effects of an atomistic modeling approach on predicted mechanical properties of glassy polymers via molecular dynamics
DOI: https://doi.org/10.1088/1361-651x/ab615c",property,120,Poly(propylene),GAFF,density,0.834,"{""condition"": ""Multi-chain""}",https://doi.org/10.1088/1361-651x/ab615c,Effects of an atomistic modeling approach on predicted mechanical properties of glassy polymers via molecular dynamics,7fe5b4e780ff
"Polymer: Poly(propylene)
Property: youngs_modulus = 2.76
Additional Info: {""condition"": ""Multi-chain""}
Force Field: GAFF
Source: Effects of an atomistic modeling approach on predicted mechanical properties of glassy polymers via molecular dynamics
DOI: https://doi.org/10.1088/1361-651x/ab615c",property,121,Poly(propylene),GAFF,youngs_modulus,2.76,"{""condition"": ""Multi-chain""}",https://doi.org/10.1088/1361-651x/ab615c,Effects of an atomistic modeling approach on predicted mechanical properties of glassy polymers via molecular dynamics,e1883ad8e949
"Polymer: Poly(propylene)
Property: density = 0.755
Additional Info: {""condition"": ""Multi-chain""}
Force Field: DREIDING
Source: Effects of an atomistic modeling approach on predicted mechanical properties of glassy polymers via molecular dynamics
DOI: https://doi.org/10.1088/1361-651x/ab615c",property,122,Poly(propylene),DREIDING,density,0.755,"{""condition"": ""Multi-chain""}",https://doi.org/10.1088/1361-651x/ab615c,Effects of an atomistic modeling approach on predicted mechanical properties of glassy polymers via molecular dynamics,8422608867f4
"Polymer: Poly(propylene)
Property: youngs_modulus = 2.02
Additional Info: {""condition"": ""Multi-chain""}
Force Field: DREIDING
Source: Effects of an atomistic modeling approach on predicted mechanical properties of glassy polymers via molecular dynamics
DOI: https://doi.org/10.1088/1361-651x/ab615c",property,123,Poly(propylene),DREIDING,youngs_modulus,2.02,"{""condition"": ""Multi-chain""}",https://doi.org/10.1088/1361-651x/ab615c,Effects of an atomistic modeling approach on predicted mechanical properties of glassy polymers via molecular dynamics,57cb80d842e9
"Polymer: Poly(propylene)
Property: density = 0.844
Additional Info: {""condition"": ""Multi-chain""}
Force Field: GAFF
Source: Effects of an atomistic modeling approach on predicted mechanical properties of glassy polymers via molecular dynamics
DOI: https://doi.org/10.1088/1361-651x/ab615c",property,124,Poly(propylene),GAFF,density,0.844,"{""condition"": ""Multi-chain""}",https://doi.org/10.1088/1361-651x/ab615c,Effects of an atomistic modeling approach on predicted mechanical properties of glassy polymers via molecular dynamics,8321cf68503f
"Polymer: Poly(propylene)
Property: youngs_modulus = 2.84
Additional Info: {""condition"": ""Multi-chain""}
Force Field: GAFF
Source: Effects of an atomistic modeling approach on predicted mechanical properties of glassy polymers via molecular dynamics
DOI: https://doi.org/10.1088/1361-651x/ab615c",property,125,Poly(propylene),GAFF,youngs_modulus,2.84,"{""condition"": ""Multi-chain""}",https://doi.org/10.1088/1361-651x/ab615c,Effects of an atomistic modeling approach on predicted mechanical properties of glassy polymers via molecular dynamics,001be7e19e23
"Polymer: Polymer of Intrinsic Microporosity-1
Property: density = 0.894
Additional Info: {""condition"": ""Multi-chain""}
Force Field: GAFF/TraPPE
Source: Effects of an atomistic modeling approach on predicted mechanical properties of glassy polymers via molecular dynamics
DOI: https://doi.org/10.1088/1361-651x/ab615c",property,126,Polymer of Intrinsic Microporosity-1,GAFF/TraPPE,density,0.894,"{""condition"": ""Multi-chain""}",https://doi.org/10.1088/1361-651x/ab615c,Effects of an atomistic modeling approach on predicted mechanical properties of glassy polymers via molecular dynamics,5d7ff6e03025
"Polymer: Polymer of Intrinsic Microporosity-1
Property: youngs_modulus = 1.23
Additional Info: {""condition"": ""Multi-chain""}
Force Field: GAFF/TraPPE
Source: Effects of an atomistic modeling approach on predicted mechanical properties of glassy polymers via molecular dynamics
DOI: https://doi.org/10.1088/1361-651x/ab615c",property,127,Polymer of Intrinsic Microporosity-1,GAFF/TraPPE,youngs_modulus,1.23,"{""condition"": ""Multi-chain""}",https://doi.org/10.1088/1361-651x/ab615c,Effects of an atomistic modeling approach on predicted mechanical properties of glassy polymers via molecular dynamics,2718cab80450
"Polymer: Poly(pyromellitic dianhydride-oxydianiline)
Property: glass_transition_temp = 600-700
Additional Info: {}
Force Field: OPLS-AA
Source: Extraction of Mechanical Parameters via Molecular Dynamics Simulation_Application to Polyimides
DOI: https://doi.org/10.3390/polym16060813",property,128,Poly(pyromellitic dianhydride-oxydianiline),OPLS-AA,glass_transition_temp,600-700,{},https://doi.org/10.3390/polym16060813,Extraction of Mechanical Parameters via Molecular Dynamics Simulation_Application to Polyimides,6ed500f2bf12
"Polymer: Poly(pyromellitic dianhydride-oxydianiline)
Property: youngs_modulus = 2.5
Additional Info: {}
Force Field: OPLS-AA
Source: Extraction of Mechanical Parameters via Molecular Dynamics Simulation_Application to Polyimides
DOI: https://doi.org/10.3390/polym16060813",property,129,Poly(pyromellitic dianhydride-oxydianiline),OPLS-AA,youngs_modulus,2.5,{},https://doi.org/10.3390/polym16060813,Extraction of Mechanical Parameters via Molecular Dynamics Simulation_Application to Polyimides,fc9c7ff862d9
"Polymer: Poly(pyromellitic dianhydride-benzimidazole amine)
Property: glass_transition_temp = 500-600
Additional Info: {}
Force Field: OPLS-AA
Source: Extraction of Mechanical Parameters via Molecular Dynamics Simulation_Application to Polyimides
DOI: https://doi.org/10.3390/polym16060813",property,130,Poly(pyromellitic dianhydride-benzimidazole amine),OPLS-AA,glass_transition_temp,500-600,{},https://doi.org/10.3390/polym16060813,Extraction of Mechanical Parameters via Molecular Dynamics Simulation_Application to Polyimides,e6a4a7360ba0
"Polymer: Poly(pyromellitic dianhydride-benzimidazole amine)
Property: youngs_modulus = 2
Additional Info: {}
Force Field: OPLS-AA
Source: Extraction of Mechanical Parameters via Molecular Dynamics Simulation_Application to Polyimides
DOI: https://doi.org/10.3390/polym16060813",property,131,Poly(pyromellitic dianhydride-benzimidazole amine),OPLS-AA,youngs_modulus,2,{},https://doi.org/10.3390/polym16060813,Extraction of Mechanical Parameters via Molecular Dynamics Simulation_Application to Polyimides,d7d56542cb35
"Polymer: Polytetrafluoroethylene
Property: density = 2.136
Additional Info: {}
Force Field: Machine-learning force field (ML-FF) with Gaussian process regression and vdW correction
Source: First-Principles-Based Machine-Learning Molecular Dynamics for Crystalline Polymers with van der Waals Interactions
DOI: https://doi.org/10.1021/acs.jpclett.1c01140",property,133,Polytetrafluoroethylene,Machine-learning force field (ML-FF) with Gaussian process regression and vdW correction,density,2.136,{},https://doi.org/10.1021/acs.jpclett.1c01140,First-Principles-Based Machine-Learning Molecular Dynamics for Crystalline Polymers with van der Waals Interactions,7912cf089a59
"Polymer: Polytetrafluoroethylene
Property: youngs_modulus = 139.44
Additional Info: {}
Force Field: Machine-learning force field (ML-FF) with Gaussian process regression and vdW correction
Source: First-Principles-Based Machine-Learning Molecular Dynamics for Crystalline Polymers with van der Waals Interactions
DOI: https://doi.org/10.1021/acs.jpclett.1c01140",property,134,Polytetrafluoroethylene,Machine-learning force field (ML-FF) with Gaussian process regression and vdW correction,youngs_modulus,139.44,{},https://doi.org/10.1021/acs.jpclett.1c01140,First-Principles-Based Machine-Learning Molecular Dynamics for Crystalline Polymers with van der Waals Interactions,483df37a7959
"Polymer: Polytetrafluoroethylene
Property: density = 1.247
Additional Info: {}
Force Field: Machine-learning force field (ML-FF) with Gaussian process regression and vdW correction
Source: First-Principles-Based Machine-Learning Molecular Dynamics for Crystalline Polymers with van der Waals Interactions
DOI: https://doi.org/10.1021/acs.jpclett.1c01140",property,135,Polytetrafluoroethylene,Machine-learning force field (ML-FF) with Gaussian process regression and vdW correction,density,1.247,{},https://doi.org/10.1021/acs.jpclett.1c01140,First-Principles-Based Machine-Learning Molecular Dynamics for Crystalline Polymers with van der Waals Interactions,422df52440c1
"Polymer: Polytetrafluoroethylene
Property: youngs_modulus = 139.44
Additional Info: {""condition"": ""Helix, 157 units""}
Force Field: Machine-learning force field (ML-FF) with Gaussian process regression and vdW correction
Source: First-Principles-Based Machine-Learning Molecular Dynamics for Crystalline Polymers with van der Waals Interactions
DOI: https://doi.org/10.1021/acs.jpclett.1c01140",property,139,Polytetrafluoroethylene,Machine-learning force field (ML-FF) with Gaussian process regression and vdW correction,youngs_modulus,139.44,"{""condition"": ""Helix, 157 units""}",https://doi.org/10.1021/acs.jpclett.1c01140,First-Principles-Based Machine-Learning Molecular Dynamics for Crystalline Polymers with van der Waals Interactions,cb82195b66cb
"Polymer: Polytetrafluoroethylene
Property: youngs_modulus = 135.55
Additional Info: {""condition"": ""Helix, 136 units""}
Force Field: Machine-learning force field (ML-FF) with Gaussian process regression and vdW correction
Source: First-Principles-Based Machine-Learning Molecular Dynamics for Crystalline Polymers with van der Waals Interactions
DOI: https://doi.org/10.1021/acs.jpclett.1c01140",property,140,Polytetrafluoroethylene,Machine-learning force field (ML-FF) with Gaussian process regression and vdW correction,youngs_modulus,135.55,"{""condition"": ""Helix, 136 units""}",https://doi.org/10.1021/acs.jpclett.1c01140,First-Principles-Based Machine-Learning Molecular Dynamics for Crystalline Polymers with van der Waals Interactions,1e86c28b7e37
"Polymer: Two-branched poly(ε-caprolactone)
Property: density = 1.092
Additional Info: {}
Force Field: OPLS-AA
Source: Full-Atomistic Optimized Potentials for Liquid Simulations and Polymer Consistent Force Field Models for Biocompatible Shape-Memory Poly(Œµ-caprolactone)
DOI: https://doi.org/10.1021/acs.jpcb.2c01973",property,141,Two-branched poly(ε-caprolactone),OPLS-AA,density,1.092,{},https://doi.org/10.1021/acs.jpcb.2c01973,Full-Atomistic Optimized Potentials for Liquid Simulations and Polymer Consistent Force Field Models for Biocompatible Shape-Memory Poly(Œµ-caprolactone),bebc0c9f32d0
"Polymer: Two-branched poly(ε-caprolactone)
Property: glass_transition_temp = 275
Additional Info: {}
Force Field: OPLS-AA
Source: Full-Atomistic Optimized Potentials for Liquid Simulations and Polymer Consistent Force Field Models for Biocompatible Shape-Memory Poly(Œµ-caprolactone)
DOI: https://doi.org/10.1021/acs.jpcb.2c01973",property,142,Two-branched poly(ε-caprolactone),OPLS-AA,glass_transition_temp,275,{},https://doi.org/10.1021/acs.jpcb.2c01973,Full-Atomistic Optimized Potentials for Liquid Simulations and Polymer Consistent Force Field Models for Biocompatible Shape-Memory Poly(Œµ-caprolactone),ec6f711a4586
"Polymer: Two-branched poly(ε-caprolactone)
Property: radius_gyration = 1.128
Additional Info: { ""condition"" : ""Melt System""}
Force Field: OPLS-AA
Source: Full-Atomistic Optimized Potentials for Liquid Simulations and Polymer Consistent Force Field Models for Biocompatible Shape-Memory Poly(Œµ-caprolactone)
DOI: https://doi.org/10.1021/acs.jpcb.2c01973",property,143,Two-branched poly(ε-caprolactone),OPLS-AA,radius_gyration,1.128,"{ ""condition"" : ""Melt System""}",https://doi.org/10.1021/acs.jpcb.2c01973,Full-Atomistic Optimized Potentials for Liquid Simulations and Polymer Consistent Force Field Models for Biocompatible Shape-Memory Poly(Œµ-caprolactone),15794c96a03d
"Polymer: Two-branched poly(ε-caprolactone)
Property: youngs_modulus = 1.43
Additional Info: { ""condition"" : ""Dilute System""}
Force Field: OPLS-AA
Source: Full-Atomistic Optimized Potentials for Liquid Simulations and Polymer Consistent Force Field Models for Biocompatible Shape-Memory Poly(Œµ-caprolactone)
DOI: https://doi.org/10.1021/acs.jpcb.2c01973",property,144,Two-branched poly(ε-caprolactone),OPLS-AA,youngs_modulus,1.43,"{ ""condition"" : ""Dilute System""}",https://doi.org/10.1021/acs.jpcb.2c01973,Full-Atomistic Optimized Potentials for Liquid Simulations and Polymer Consistent Force Field Models for Biocompatible Shape-Memory Poly(Œµ-caprolactone),9e1a23410ff5
"Polymer: Two-branched poly(ε-caprolactone)
Property: density = 1.07
Additional Info: {}
Force Field: PCFF
Source: Full-Atomistic Optimized Potentials for Liquid Simulations and Polymer Consistent Force Field Models for Biocompatible Shape-Memory Poly(Œµ-caprolactone)
DOI: https://doi.org/10.1021/acs.jpcb.2c01973",property,145,Two-branched poly(ε-caprolactone),PCFF,density,1.07,{},https://doi.org/10.1021/acs.jpcb.2c01973,Full-Atomistic Optimized Potentials for Liquid Simulations and Polymer Consistent Force Field Models for Biocompatible Shape-Memory Poly(Œµ-caprolactone),ef8b545bfd0e
"Polymer: Two-branched poly(ε-caprolactone)
Property: glass_transition_temp = 278
Additional Info: {}
Force Field: PCFF
Source: Full-Atomistic Optimized Potentials for Liquid Simulations and Polymer Consistent Force Field Models for Biocompatible Shape-Memory Poly(Œµ-caprolactone)
DOI: https://doi.org/10.1021/acs.jpcb.2c01973",property,146,Two-branched poly(ε-caprolactone),PCFF,glass_transition_temp,278,{},https://doi.org/10.1021/acs.jpcb.2c01973,Full-Atomistic Optimized Potentials for Liquid Simulations and Polymer Consistent Force Field Models for Biocompatible Shape-Memory Poly(Œµ-caprolactone),3fdd3f75bfa1
"Polymer: Two-branched poly(ε-caprolactone)
Property: radius_gyration = 0.904
Additional Info: { ""condition"" : ""Melt System""}
Force Field: PCFF
Source: Full-Atomistic Optimized Potentials for Liquid Simulations and Polymer Consistent Force Field Models for Biocompatible Shape-Memory Poly(Œµ-caprolactone)
DOI: https://doi.org/10.1021/acs.jpcb.2c01973",property,147,Two-branched poly(ε-caprolactone),PCFF,radius_gyration,0.904,"{ ""condition"" : ""Melt System""}",https://doi.org/10.1021/acs.jpcb.2c01973,Full-Atomistic Optimized Potentials for Liquid Simulations and Polymer Consistent Force Field Models for Biocompatible Shape-Memory Poly(Œµ-caprolactone),f432dec75c6b
"Polymer: Two-branched poly(ε-caprolactone)
Property: youngs_modulus = 1.42
Additional Info: { ""condition"" : ""Dilute System""}
Force Field: PCFF
Source: Full-Atomistic Optimized Potentials for Liquid Simulations and Polymer Consistent Force Field Models for Biocompatible Shape-Memory Poly(Œµ-caprolactone)
DOI: https://doi.org/10.1021/acs.jpcb.2c01973",property,148,Two-branched poly(ε-caprolactone),PCFF,youngs_modulus,1.42,"{ ""condition"" : ""Dilute System""}",https://doi.org/10.1021/acs.jpcb.2c01973,Full-Atomistic Optimized Potentials for Liquid Simulations and Polymer Consistent Force Field Models for Biocompatible Shape-Memory Poly(Œµ-caprolactone),58d4cddeba51
"Polymer: Two-branched poly(ε-caprolactone)
Property: radius_gyration = 0.769
Additional Info: {}
Force Field: OPLS-AA
Source: Full-Atomistic Optimized Potentials for Liquid Simulations and Polymer Consistent Force Field Models for Biocompatible Shape-Memory Poly(Œµ-caprolactone)
DOI: https://doi.org/10.1021/acs.jpcb.2c01973",property,149,Two-branched poly(ε-caprolactone),OPLS-AA,radius_gyration,0.769,{},https://doi.org/10.1021/acs.jpcb.2c01973,Full-Atomistic Optimized Potentials for Liquid Simulations and Polymer Consistent Force Field Models for Biocompatible Shape-Memory Poly(Œµ-caprolactone),91d05ad115b2
"Polymer: Two-branched poly(ε-caprolactone)
Property: youngs_modulus = 1.43
Additional Info: {}
Force Field: OPLS-AA
Source: Full-Atomistic Optimized Potentials for Liquid Simulations and Polymer Consistent Force Field Models for Biocompatible Shape-Memory Poly(Œµ-caprolactone)
DOI: https://doi.org/10.1021/acs.jpcb.2c01973",property,150,Two-branched poly(ε-caprolactone),OPLS-AA,youngs_modulus,1.43,{},https://doi.org/10.1021/acs.jpcb.2c01973,Full-Atomistic Optimized Potentials for Liquid Simulations and Polymer Consistent Force Field Models for Biocompatible Shape-Memory Poly(Œµ-caprolactone),cfae89c07735
"Polymer: Two-branched poly(ε-caprolactone)
Property: radius_gyration = 0.785
Additional Info: {}
Force Field: PCFF
Source: Full-Atomistic Optimized Potentials for Liquid Simulations and Polymer Consistent Force Field Models for Biocompatible Shape-Memory Poly(Œµ-caprolactone)
DOI: https://doi.org/10.1021/acs.jpcb.2c01973",property,151,Two-branched poly(ε-caprolactone),PCFF,radius_gyration,0.785,{},https://doi.org/10.1021/acs.jpcb.2c01973,Full-Atomistic Optimized Potentials for Liquid Simulations and Polymer Consistent Force Field Models for Biocompatible Shape-Memory Poly(Œµ-caprolactone),cc2c11ace25b
"Polymer: Two-branched poly(ε-caprolactone)
Property: youngs_modulus = 1.42
Additional Info: {}
Force Field: PCFF
Source: Full-Atomistic Optimized Potentials for Liquid Simulations and Polymer Consistent Force Field Models for Biocompatible Shape-Memory Poly(Œµ-caprolactone)
DOI: https://doi.org/10.1021/acs.jpcb.2c01973",property,152,Two-branched poly(ε-caprolactone),PCFF,youngs_modulus,1.42,{},https://doi.org/10.1021/acs.jpcb.2c01973,Full-Atomistic Optimized Potentials for Liquid Simulations and Polymer Consistent Force Field Models for Biocompatible Shape-Memory Poly(Œµ-caprolactone),82dd998e61ed
"Polymer: Poly(ethylene glycol)
Property: density = 1.124
Additional Info: {}
Force Field: OPLS
Source: Glass Transition and Structure of Organic Polymers from All-Atom Molecular Simulations
DOI: https://doi.org/10.1021/acs.iecr.3c03038",property,153,Poly(ethylene glycol),OPLS,density,1.124,{},https://doi.org/10.1021/acs.iecr.3c03038,Glass Transition and Structure of Organic Polymers from All-Atom Molecular Simulations,bd4c66749023
"Polymer: Poly(ethylene glycol)
Property: glass_transition_temp = 269
Additional Info: {}
Force Field: OPLS
Source: Glass Transition and Structure of Organic Polymers from All-Atom Molecular Simulations
DOI: https://doi.org/10.1021/acs.iecr.3c03038",property,154,Poly(ethylene glycol),OPLS,glass_transition_temp,269,{},https://doi.org/10.1021/acs.iecr.3c03038,Glass Transition and Structure of Organic Polymers from All-Atom Molecular Simulations,3f741cd2c140
"Polymer: Polylactic Acid
Property: density = 1.193
Additional Info: {}
Force Field: OPLS
Source: Glass Transition and Structure of Organic Polymers from All-Atom Molecular Simulations
DOI: https://doi.org/10.1021/acs.iecr.3c03038",property,155,Polylactic Acid,OPLS,density,1.193,{},https://doi.org/10.1021/acs.iecr.3c03038,Glass Transition and Structure of Organic Polymers from All-Atom Molecular Simulations,6f4183ba3eb8
"Polymer: Polylactic Acid
Property: glass_transition_temp = 351
Additional Info: {}
Force Field: OPLS
Source: Glass Transition and Structure of Organic Polymers from All-Atom Molecular Simulations
DOI: https://doi.org/10.1021/acs.iecr.3c03038",property,156,Polylactic Acid,OPLS,glass_transition_temp,351,{},https://doi.org/10.1021/acs.iecr.3c03038,Glass Transition and Structure of Organic Polymers from All-Atom Molecular Simulations,6220269323cc
"Polymer: Polyvinylpyrrolidone
Property: density = 1.108
Additional Info: {}
Force Field: OPLS
Source: Glass Transition and Structure of Organic Polymers from All-Atom Molecular Simulations
DOI: https://doi.org/10.1021/acs.iecr.3c03038",property,157,Polyvinylpyrrolidone,OPLS,density,1.108,{},https://doi.org/10.1021/acs.iecr.3c03038,Glass Transition and Structure of Organic Polymers from All-Atom Molecular Simulations,fb2d2a74caaf
"Polymer: Polyvinylpyrrolidone
Property: glass_transition_temp = 493
Additional Info: {}
Force Field: OPLS
Source: Glass Transition and Structure of Organic Polymers from All-Atom Molecular Simulations
DOI: https://doi.org/10.1021/acs.iecr.3c03038",property,158,Polyvinylpyrrolidone,OPLS,glass_transition_temp,493,{},https://doi.org/10.1021/acs.iecr.3c03038,Glass Transition and Structure of Organic Polymers from All-Atom Molecular Simulations,8b19ceb445be
"Polymer: Poly(3-hexylthiophene)
Property: density = 1.196
Additional Info: {}
Force Field: FF3
Source: Modeling of Poly(3-hexylthiophene) and Its Oligomer‚Äôs Structure and Thermal Behavior with Different Force Fields: Insights into the Phase Transitions of Semiconducting Polymers
DOI: https://doi.org/10.1021/acs.macromol.2c00131",property,159,Poly(3-hexylthiophene),FF3,density,1.196,{},https://doi.org/10.1021/acs.macromol.2c00131,Modeling of Poly(3-hexylthiophene) and Its Oligomer‚Äôs Structure and Thermal Behavior with Different Force Fields: Insights into the Phase Transitions of Semiconducting Polymers,a89e07c791e0
"Polymer: Poly(3-hexylthiophene)
Property: density = 1.176
Additional Info: {}
Force Field: BHA
Source: Modeling of Poly(3-hexylthiophene) and Its Oligomer‚Äôs Structure and Thermal Behavior with Different Force Fields: Insights into the Phase Transitions of Semiconducting Polymers
DOI: https://doi.org/10.1021/acs.macromol.2c00131",property,160,Poly(3-hexylthiophene),BHA,density,1.176,{},https://doi.org/10.1021/acs.macromol.2c00131,Modeling of Poly(3-hexylthiophene) and Its Oligomer‚Äôs Structure and Thermal Behavior with Different Force Fields: Insights into the Phase Transitions of Semiconducting Polymers,5f8ade00d4be
"Polymer: Poly(3-hexylthiophene)
Property: density = 1.197
Additional Info: {}
Force Field: OPL
Source: Modeling of Poly(3-hexylthiophene) and Its Oligomer‚Äôs Structure and Thermal Behavior with Different Force Fields: Insights into the Phase Transitions of Semiconducting Polymers
DOI: https://doi.org/10.1021/acs.macromol.2c00131",property,161,Poly(3-hexylthiophene),OPL,density,1.197,{},https://doi.org/10.1021/acs.macromol.2c00131,Modeling of Poly(3-hexylthiophene) and Its Oligomer‚Äôs Structure and Thermal Behavior with Different Force Fields: Insights into the Phase Transitions of Semiconducting Polymers,4919aa2e6d8d
"Polymer: Polypropylene
Property: density = 1.172
Additional Info: {}
Force Field: ReaxFF-CHO
Source: Modeling the degradation of polypropylene and polystyrene under shock compression and mechanical cleaving using the ReaxFF force field
DOI: https://doi.org/10.1016/j.chemosphere.2024.142056",property,162,Polypropylene,ReaxFF-CHO,density,1.172,{},https://doi.org/10.1016/j.chemosphere.2024.142056,Modeling the degradation of polypropylene and polystyrene under shock compression and mechanical cleaving using the ReaxFF force field,6f7719da3b36
"Polymer: Polypropylene
Property: youngs_modulus = 1.49
Additional Info: {}
Force Field: ReaxFF-CHO
Source: Modeling the degradation of polypropylene and polystyrene under shock compression and mechanical cleaving using the ReaxFF force field
DOI: https://doi.org/10.1016/j.chemosphere.2024.142056",property,163,Polypropylene,ReaxFF-CHO,youngs_modulus,1.49,{},https://doi.org/10.1016/j.chemosphere.2024.142056,Modeling the degradation of polypropylene and polystyrene under shock compression and mechanical cleaving using the ReaxFF force field,313065279b10
"Polymer: Polystyrene
Property: density = 1.298
Additional Info: {}
Force Field: ReaxFF-CHO
Source: Modeling the degradation of polypropylene and polystyrene under shock compression and mechanical cleaving using the ReaxFF force field
DOI: https://doi.org/10.1016/j.chemosphere.2024.142056",property,164,Polystyrene,ReaxFF-CHO,density,1.298,{},https://doi.org/10.1016/j.chemosphere.2024.142056,Modeling the degradation of polypropylene and polystyrene under shock compression and mechanical cleaving using the ReaxFF force field,014fb8f9109f
"Polymer: Polystyrene
Property: youngs_modulus = 2.71
Additional Info: {}
Force Field: ReaxFF-CHO
Source: Modeling the degradation of polypropylene and polystyrene under shock compression and mechanical cleaving using the ReaxFF force field
DOI: https://doi.org/10.1016/j.chemosphere.2024.142056",property,165,Polystyrene,ReaxFF-CHO,youngs_modulus,2.71,{},https://doi.org/10.1016/j.chemosphere.2024.142056,Modeling the degradation of polypropylene and polystyrene under shock compression and mechanical cleaving using the ReaxFF force field,a0f264eb092f
"Polymer: EPON 862 epoxy resin cured with DETDA
Property: density = 1.204
Additional Info: {""condition"": ""Cured crosslinked network""}
Force Field: IFF-R
Source: Molecular Dynamics Modeling of Epoxy Resins Using the Reactive Interface Force Field
DOI: https://doi.org/10.1021/acs.macromol.1c01813",property,166,EPON 862 epoxy resin cured with DETDA,IFF-R,density,1.204,"{""condition"": ""Cured crosslinked network""}",https://doi.org/10.1021/acs.macromol.1c01813,Molecular Dynamics Modeling of Epoxy Resins Using the Reactive Interface Force Field,b0e938048002
"Polymer: EPON 862 epoxy resin cured with DETDA
Property: glass_transition_temp = 428
Additional Info: {""condition"": ""Cured crosslinked network""}
Force Field: IFF-R
Source: Molecular Dynamics Modeling of Epoxy Resins Using the Reactive Interface Force Field
DOI: https://doi.org/10.1021/acs.macromol.1c01813",property,167,EPON 862 epoxy resin cured with DETDA,IFF-R,glass_transition_temp,428,"{""condition"": ""Cured crosslinked network""}",https://doi.org/10.1021/acs.macromol.1c01813,Molecular Dynamics Modeling of Epoxy Resins Using the Reactive Interface Force Field,0770ecfab771
"Polymer: EPON 862 epoxy resin cured with DETDA
Property: youngs_modulus = 3.5
Additional Info: {""condition"": ""Cured crosslinked network""}
Force Field: IFF-R
Source: Molecular Dynamics Modeling of Epoxy Resins Using the Reactive Interface Force Field
DOI: https://doi.org/10.1021/acs.macromol.1c01813",property,168,EPON 862 epoxy resin cured with DETDA,IFF-R,youngs_modulus,3.5,"{""condition"": ""Cured crosslinked network""}",https://doi.org/10.1021/acs.macromol.1c01813,Molecular Dynamics Modeling of Epoxy Resins Using the Reactive Interface Force Field,b56e65863a69
"Polymer: EPON 828 epoxy resin cured with PEA
Property: density = 1.153
Additional Info: {""condition"": ""Cured crosslinked network""}
Force Field: IFF-R
Source: Molecular Dynamics Modeling of Epoxy Resins Using the Reactive Interface Force Field
DOI: https://doi.org/10.1021/acs.macromol.1c01813",property,169,EPON 828 epoxy resin cured with PEA,IFF-R,density,1.153,"{""condition"": ""Cured crosslinked network""}",https://doi.org/10.1021/acs.macromol.1c01813,Molecular Dynamics Modeling of Epoxy Resins Using the Reactive Interface Force Field,6403984e0e59
"Polymer: EPON 828 epoxy resin cured with PEA
Property: glass_transition_temp = 365.8
Additional Info: {""condition"": ""Cured crosslinked network""}
Force Field: IFF-R
Source: Molecular Dynamics Modeling of Epoxy Resins Using the Reactive Interface Force Field
DOI: https://doi.org/10.1021/acs.macromol.1c01813",property,170,EPON 828 epoxy resin cured with PEA,IFF-R,glass_transition_temp,365.8,"{""condition"": ""Cured crosslinked network""}",https://doi.org/10.1021/acs.macromol.1c01813,Molecular Dynamics Modeling of Epoxy Resins Using the Reactive Interface Force Field,c73137e53602
"Polymer: EPON 828 epoxy resin cured with DDS
Property: density = 1.226
Additional Info: {""condition"": ""Cured crosslinked network""}
Force Field: IFF-R
Source: Molecular Dynamics Modeling of Epoxy Resins Using the Reactive Interface Force Field
DOI: https://doi.org/10.1021/acs.macromol.1c01813",property,171,EPON 828 epoxy resin cured with DDS,IFF-R,density,1.226,"{""condition"": ""Cured crosslinked network""}",https://doi.org/10.1021/acs.macromol.1c01813,Molecular Dynamics Modeling of Epoxy Resins Using the Reactive Interface Force Field,965489d46636
"Polymer: EPON 828 epoxy resin cured with DDS
Property: glass_transition_temp = 457.9
Additional Info: {""condition"": ""Cured crosslinked network""}
Force Field: IFF-R
Source: Molecular Dynamics Modeling of Epoxy Resins Using the Reactive Interface Force Field
DOI: https://doi.org/10.1021/acs.macromol.1c01813",property,172,EPON 828 epoxy resin cured with DDS,IFF-R,glass_transition_temp,457.9,"{""condition"": ""Cured crosslinked network""}",https://doi.org/10.1021/acs.macromol.1c01813,Molecular Dynamics Modeling of Epoxy Resins Using the Reactive Interface Force Field,e14e1ea42cbf
"Polymer: Poly(4-hydroxybutyrate)
Property: diffusion_coefficient = 1.08e-12
Additional Info: {}
Force Field: mPCFF
Source: Molecular dynamics simulations for glass transition temperature predictions of polyhydroxyalkanoate biopolymers
DOI: https://doi.org/10.1039/d0cp03163a",property,173,Poly(4-hydroxybutyrate),mPCFF,diffusion_coefficient,1.08e-12,{},https://doi.org/10.1039/d0cp03163a,Molecular dynamics simulations for glass transition temperature predictions of polyhydroxyalkanoate biopolymers,cfd2ea9eb71e
"Polymer: Poly(4-hydroxybutyrate)
Property: glass_transition_temp = 261.57
Additional Info: {}
Force Field: PCFF
Source: Molecular dynamics simulations for glass transition temperature predictions of polyhydroxyalkanoate biopolymers
DOI: https://doi.org/10.1039/d0cp03163a",property,174,Poly(4-hydroxybutyrate),PCFF,glass_transition_temp,261.57,{},https://doi.org/10.1039/d0cp03163a,Molecular dynamics simulations for glass transition temperature predictions of polyhydroxyalkanoate biopolymers,a5d504ca2b4b
"Polymer: Poly(4-hydroxybutyrate)
Property: diffusion_coefficient = 1.08e-12
Additional Info: {}
Force Field: mPCFF
Source: Molecular dynamics simulations for glass transition temperature predictions of polyhydroxyalkanoate biopolymers
DOI: https://doi.org/10.1039/d0cp03163a",property,176,Poly(4-hydroxybutyrate),mPCFF,diffusion_coefficient,1.08e-12,{},https://doi.org/10.1039/d0cp03163a,Molecular dynamics simulations for glass transition temperature predictions of polyhydroxyalkanoate biopolymers,cfd2ea9eb71e
"Polymer: Poly(4-hydroxybutyrate)
Property: glass_transition_temp = 253.16
Additional Info: {}
Force Field: mPCFF
Source: Molecular dynamics simulations for glass transition temperature predictions of polyhydroxyalkanoate biopolymers
DOI: https://doi.org/10.1039/d0cp03163a",property,177,Poly(4-hydroxybutyrate),mPCFF,glass_transition_temp,253.16,{},https://doi.org/10.1039/d0cp03163a,Molecular dynamics simulations for glass transition temperature predictions of polyhydroxyalkanoate biopolymers,6d308ae5f2d7
"Polymer: Poly(4-hydroxybutyrate)
Property: viscosity = 0.015
Additional Info: {}
Force Field: mPCFF
Source: Molecular dynamics simulations for glass transition temperature predictions of polyhydroxyalkanoate biopolymers
DOI: https://doi.org/10.1039/d0cp03163a",property,178,Poly(4-hydroxybutyrate),mPCFF,viscosity,0.015,{},https://doi.org/10.1039/d0cp03163a,Molecular dynamics simulations for glass transition temperature predictions of polyhydroxyalkanoate biopolymers,9869099b6616
"Polymer: Poly(3-hydroxybutyrate)
Property: diffusion_coefficient = 7.1e-13
Additional Info: {}
Force Field: mPCFF
Source: Molecular dynamics simulations for glass transition temperature predictions of polyhydroxyalkanoate biopolymers
DOI: https://doi.org/10.1039/d0cp03163a",property,179,Poly(3-hydroxybutyrate),mPCFF,diffusion_coefficient,7.1e-13,{},https://doi.org/10.1039/d0cp03163a,Molecular dynamics simulations for glass transition temperature predictions of polyhydroxyalkanoate biopolymers,94df647170e8
"Polymer: Poly(3-hydroxybutyrate)
Property: glass_transition_temp = 287.91
Additional Info: {}
Force Field: mPCFF
Source: Molecular dynamics simulations for glass transition temperature predictions of polyhydroxyalkanoate biopolymers
DOI: https://doi.org/10.1039/d0cp03163a",property,180,Poly(3-hydroxybutyrate),mPCFF,glass_transition_temp,287.91,{},https://doi.org/10.1039/d0cp03163a,Molecular dynamics simulations for glass transition temperature predictions of polyhydroxyalkanoate biopolymers,77e08c3d6865
"Polymer: Poly(3-hydroxybutyrate)
Property: viscosity = 0.109
Additional Info: {}
Force Field: mPCFF
Source: Molecular dynamics simulations for glass transition temperature predictions of polyhydroxyalkanoate biopolymers
DOI: https://doi.org/10.1039/d0cp03163a",property,181,Poly(3-hydroxybutyrate),mPCFF,viscosity,0.109,{},https://doi.org/10.1039/d0cp03163a,Molecular dynamics simulations for glass transition temperature predictions of polyhydroxyalkanoate biopolymers,e5e56860e9df
"Polymer: Poly(3-hydroxy-5-phenylvalerate)
Property: diffusion_coefficient = 1.3e-13
Additional Info: {}
Force Field: mPCFF
Source: Molecular dynamics simulations for glass transition temperature predictions of polyhydroxyalkanoate biopolymers
DOI: https://doi.org/10.1039/d0cp03163a",property,182,Poly(3-hydroxy-5-phenylvalerate),mPCFF,diffusion_coefficient,1.3e-13,{},https://doi.org/10.1039/d0cp03163a,Molecular dynamics simulations for glass transition temperature predictions of polyhydroxyalkanoate biopolymers,a0b596041d08
"Polymer: Poly(3-hydroxy-5-phenylvalerate)
Property: glass_transition_temp = 291.36
Additional Info: {}
Force Field: mPCFF
Source: Molecular dynamics simulations for glass transition temperature predictions of polyhydroxyalkanoate biopolymers
DOI: https://doi.org/10.1039/d0cp03163a",property,183,Poly(3-hydroxy-5-phenylvalerate),mPCFF,glass_transition_temp,291.36,{},https://doi.org/10.1039/d0cp03163a,Molecular dynamics simulations for glass transition temperature predictions of polyhydroxyalkanoate biopolymers,3836358b746a
"Polymer: Poly(3-hydroxy-5-phenylvalerate)
Property: viscosity = 1.34
Additional Info: {}
Force Field: mPCFF
Source: Molecular dynamics simulations for glass transition temperature predictions of polyhydroxyalkanoate biopolymers
DOI: https://doi.org/10.1039/d0cp03163a",property,184,Poly(3-hydroxy-5-phenylvalerate),mPCFF,viscosity,1.34,{},https://doi.org/10.1039/d0cp03163a,Molecular dynamics simulations for glass transition temperature predictions of polyhydroxyalkanoate biopolymers,5139c72346a9
"Polymer: Poly(3-hydroxyvalerate)
Property: glass_transition_temp = 271.46
Additional Info: {}
Force Field: mPCFF
Source: Molecular dynamics simulations for glass transition temperature predictions of polyhydroxyalkanoate biopolymers
DOI: https://doi.org/10.1039/d0cp03163a",property,185,Poly(3-hydroxyvalerate),mPCFF,glass_transition_temp,271.46,{},https://doi.org/10.1039/d0cp03163a,Molecular dynamics simulations for glass transition temperature predictions of polyhydroxyalkanoate biopolymers,71b426067def
"Polymer: Poly(3-hydroxyhexanoate)
Property: glass_transition_temp = 267.8
Additional Info: {}
Force Field: mPCFF
Source: Molecular dynamics simulations for glass transition temperature predictions of polyhydroxyalkanoate biopolymers
DOI: https://doi.org/10.1039/d0cp03163a",property,186,Poly(3-hydroxyhexanoate),mPCFF,glass_transition_temp,267.8,{},https://doi.org/10.1039/d0cp03163a,Molecular dynamics simulations for glass transition temperature predictions of polyhydroxyalkanoate biopolymers,5cedea110b33
"Polymer: Poly(3-hydroxyheptanoate)
Property: glass_transition_temp = 262.19
Additional Info: {}
Force Field: mPCFF
Source: Molecular dynamics simulations for glass transition temperature predictions of polyhydroxyalkanoate biopolymers
DOI: https://doi.org/10.1039/d0cp03163a",property,187,Poly(3-hydroxyheptanoate),mPCFF,glass_transition_temp,262.19,{},https://doi.org/10.1039/d0cp03163a,Molecular dynamics simulations for glass transition temperature predictions of polyhydroxyalkanoate biopolymers,feb2ddee93cb
"Polymer: Poly(3-hydroxy-4-phenylbutyrate)
Property: glass_transition_temp = 325.94
Additional Info: {}
Force Field: mPCFF
Source: Molecular dynamics simulations for glass transition temperature predictions of polyhydroxyalkanoate biopolymers
DOI: https://doi.org/10.1039/d0cp03163a",property,188,Poly(3-hydroxy-4-phenylbutyrate),mPCFF,glass_transition_temp,325.94,{},https://doi.org/10.1039/d0cp03163a,Molecular dynamics simulations for glass transition temperature predictions of polyhydroxyalkanoate biopolymers,f05290ea4176
"Polymer: Poly(3-hydroxy-6-phenylhexanoate)
Property: glass_transition_temp = 280.36
Additional Info: {}
Force Field: mPCFF
Source: Molecular dynamics simulations for glass transition temperature predictions of polyhydroxyalkanoate biopolymers
DOI: https://doi.org/10.1039/d0cp03163a",property,189,Poly(3-hydroxy-6-phenylhexanoate),mPCFF,glass_transition_temp,280.36,{},https://doi.org/10.1039/d0cp03163a,Molecular dynamics simulations for glass transition temperature predictions of polyhydroxyalkanoate biopolymers,caa82ed093ac
"Polymer: Poly(3-hydroxy-7-phenylheptanoate)
Property: glass_transition_temp = 278.33
Additional Info: {}
Force Field: mPCFF
Source: Molecular dynamics simulations for glass transition temperature predictions of polyhydroxyalkanoate biopolymers
DOI: https://doi.org/10.1039/d0cp03163a",property,190,Poly(3-hydroxy-7-phenylheptanoate),mPCFF,glass_transition_temp,278.33,{},https://doi.org/10.1039/d0cp03163a,Molecular dynamics simulations for glass transition temperature predictions of polyhydroxyalkanoate biopolymers,020bf44e1c3d
"Polymer: Polyimide from 6FDA and DAM
Property: density = 1.35
Additional Info: {}
Force Field: Martini 3
Source: Polyimide Polymer Simulations through Coarse-Grained Modeling- Prediction of Structure, Physical Properties, and Gas Separation Properties
DOI: https://doi.org/10.1021/acs.jpcb.4c04595",property,194,Polyimide from 6FDA and DAM,Martini 3,density,1.35,{},https://doi.org/10.1021/acs.jpcb.4c04595,"Polyimide Polymer Simulations through Coarse-Grained Modeling- Prediction of Structure, Physical Properties, and Gas Separation Properties",ed8843f54536
"Polymer: Polyimide from 6FDA and DAM
Property: glass_transition_temp = 660
Additional Info: {}
Force Field: Martini 3
Source: Polyimide Polymer Simulations through Coarse-Grained Modeling- Prediction of Structure, Physical Properties, and Gas Separation Properties
DOI: https://doi.org/10.1021/acs.jpcb.4c04595",property,196,Polyimide from 6FDA and DAM,Martini 3,glass_transition_temp,660,{},https://doi.org/10.1021/acs.jpcb.4c04595,"Polyimide Polymer Simulations through Coarse-Grained Modeling- Prediction of Structure, Physical Properties, and Gas Separation Properties",347846de3c7f
"Polymer: Polyimide from 6FDA and DAM
Property: radius_gyration = 2.8
Additional Info: {}
Force Field: Martini 3
Source: Polyimide Polymer Simulations through Coarse-Grained Modeling- Prediction of Structure, Physical Properties, and Gas Separation Properties
DOI: https://doi.org/10.1021/acs.jpcb.4c04595",property,197,Polyimide from 6FDA and DAM,Martini 3,radius_gyration,2.8,{},https://doi.org/10.1021/acs.jpcb.4c04595,"Polyimide Polymer Simulations through Coarse-Grained Modeling- Prediction of Structure, Physical Properties, and Gas Separation Properties",709e7ad55472
"Polymer: Poly(ethylene oxide)
Property: density = 1.1
Additional Info: {}
Force Field: OPLS
Source: Revised Atomic Charges for OPLS Force Field Model of Poly(Ethylene Oxide)_Benchmarks and Applications in Polymer Electrolyte
DOI: https://doi.org/10.3390/polym13071131",property,201,Poly(ethylene oxide),OPLS,density,1.1,{},https://doi.org/10.3390/polym13071131,Revised Atomic Charges for OPLS Force Field Model of Poly(Ethylene Oxide)_Benchmarks and Applications in Polymer Electrolyte,e0db91ee4314
"Polymer: Poly(ethylene oxide) with LiTFSI
Property: diffusion_coefficient = 1.7e-13
Additional Info: {""condition"" : ""Poly(ethylene oxide) with LiTFSI""}
Force Field: OPLS
Source: Revised Atomic Charges for OPLS Force Field Model of Poly(Ethylene Oxide)_Benchmarks and Applications in Polymer Electrolyte
DOI: https://doi.org/10.3390/polym13071131",property,202,Poly(ethylene oxide) with LiTFSI,OPLS,diffusion_coefficient,1.7e-13,"{""condition"" : ""Poly(ethylene oxide) with LiTFSI""}",https://doi.org/10.3390/polym13071131,Revised Atomic Charges for OPLS Force Field Model of Poly(Ethylene Oxide)_Benchmarks and Applications in Polymer Electrolyte,12bbaac71fd1
"Polymer: Poly(ethylene oxide)
Property: density = 1.176
Additional Info: {}
Force Field: OPLSR (full charge) 
Source: Revised Atomic Charges for OPLS Force Field Model of Poly(Ethylene Oxide)_Benchmarks and Applications in Polymer Electrolyte
DOI: https://doi.org/10.3390/polym13071131",property,203,Poly(ethylene oxide),OPLSR (full charge) ,density,1.176,{},https://doi.org/10.3390/polym13071131,Revised Atomic Charges for OPLS Force Field Model of Poly(Ethylene Oxide)_Benchmarks and Applications in Polymer Electrolyte,ea7c41bb6238
"Polymer: Poly(ethylene oxide)
Property: diffusion_coefficient = 1.34e-13
Additional Info: {}
Force Field: OPLSR (full charge) 
Source: Revised Atomic Charges for OPLS Force Field Model of Poly(Ethylene Oxide)_Benchmarks and Applications in Polymer Electrolyte
DOI: https://doi.org/10.3390/polym13071131",property,204,Poly(ethylene oxide),OPLSR (full charge) ,diffusion_coefficient,1.34e-13,{},https://doi.org/10.3390/polym13071131,Revised Atomic Charges for OPLS Force Field Model of Poly(Ethylene Oxide)_Benchmarks and Applications in Polymer Electrolyte,98e1546821b0
"Polymer: Poly(ethylene oxide)
Property: density = 1.17
Additional Info: {}
Force Field: OPLSR
Source: Revised Atomic Charges for OPLS Force Field Model of Poly(Ethylene Oxide)_Benchmarks and Applications in Polymer Electrolyte
DOI: https://doi.org/10.3390/polym13071131",property,205,Poly(ethylene oxide),OPLSR,density,1.17,{},https://doi.org/10.3390/polym13071131,Revised Atomic Charges for OPLS Force Field Model of Poly(Ethylene Oxide)_Benchmarks and Applications in Polymer Electrolyte,bda4eb26334e
"Polymer: Poly(ethylene oxide) with LiTFSI
Property: diffusion_coefficient = 2.4e-12
Additional Info: {""condition"" : ""Poly(ethylene oxide) with LiTFSI""}
Force Field: charge rescaled OPLSR (fpoly=0.8, fion=0.55)
Source: Revised Atomic Charges for OPLS Force Field Model of Poly(Ethylene Oxide)_Benchmarks and Applications in Polymer Electrolyte
DOI: https://doi.org/10.3390/polym13071131",property,208,Poly(ethylene oxide) with LiTFSI,"charge rescaled OPLSR (fpoly=0.8, fion=0.55)",diffusion_coefficient,2.4e-12,"{""condition"" : ""Poly(ethylene oxide) with LiTFSI""}",https://doi.org/10.3390/polym13071131,Revised Atomic Charges for OPLS Force Field Model of Poly(Ethylene Oxide)_Benchmarks and Applications in Polymer Electrolyte,67bcd2ca59ca
"Polymer: Atactic Polystyrene
Property: density = 1.051
Additional Info: {}
Force Field: quantum chemistry based explicit atom force field
Source: Structure of Atactic Polystyrene:  A Molecular Dynamics Simulation Study
DOI: https://doi.org/10.1021/ma0003553",property,210,Atactic Polystyrene,quantum chemistry based explicit atom force field,density,1.051,{},https://doi.org/10.1021/ma0003553,Structure of Atactic Polystyrene:  A Molecular Dynamics Simulation Study,1011dfff15ca
"Polymer: Atactic Polystyrene
Property: density = 0.995
Additional Info: {}
Force Field: quantum chemistry based explicit atom force field
Source: Structure of Atactic Polystyrene:  A Molecular Dynamics Simulation Study
DOI: https://doi.org/10.1021/ma0003553",property,211,Atactic Polystyrene,quantum chemistry based explicit atom force field,density,0.995,{},https://doi.org/10.1021/ma0003553,Structure of Atactic Polystyrene:  A Molecular Dynamics Simulation Study,a3407ad5a3d4
"Polymer: Poly(m-phenylene isophthalamide)
Property: density = 1.249
Additional Info: {}
Force Field: Modified OPLSAA
Source: Study of dielectric properties of meta-aramid fibers by molecular dynamics methods using modified OPLSAA force field
DOI: https://doi.org/10.1016/j.polymer.2022.125331",property,212,Poly(m-phenylene isophthalamide),Modified OPLSAA,density,1.249,{},https://doi.org/10.1016/j.polymer.2022.125331,Study of dielectric properties of meta-aramid fibers by molecular dynamics methods using modified OPLSAA force field,9b2fb4ed1700
"Polymer: Poly(m-phenylene isophthalamide)
Property: glass_transition_temp = 564
Additional Info: {}
Force Field: Modified OPLSAA
Source: Study of dielectric properties of meta-aramid fibers by molecular dynamics methods using modified OPLSAA force field
DOI: https://doi.org/10.1016/j.polymer.2022.125331",property,213,Poly(m-phenylene isophthalamide),Modified OPLSAA,glass_transition_temp,564,{},https://doi.org/10.1016/j.polymer.2022.125331,Study of dielectric properties of meta-aramid fibers by molecular dynamics methods using modified OPLSAA force field,930d42082af9
"Polymer: Poly(m-phenylene isophthalamide)
Property: density = 1.297
Additional Info: {}
Force Field: COMPASS
Source: Study of dielectric properties of meta-aramid fibers by molecular dynamics methods using modified OPLSAA force field
DOI: https://doi.org/10.1016/j.polymer.2022.125331",property,214,Poly(m-phenylene isophthalamide),COMPASS,density,1.297,{},https://doi.org/10.1016/j.polymer.2022.125331,Study of dielectric properties of meta-aramid fibers by molecular dynamics methods using modified OPLSAA force field,6b9657af4338
"Polymer: Poly(m-phenylene isophthalamide)
Property: glass_transition_temp = 567
Additional Info: {}
Force Field: COMPASS
Source: Study of dielectric properties of meta-aramid fibers by molecular dynamics methods using modified OPLSAA force field
DOI: https://doi.org/10.1016/j.polymer.2022.125331",property,215,Poly(m-phenylene isophthalamide),COMPASS,glass_transition_temp,567,{},https://doi.org/10.1016/j.polymer.2022.125331,Study of dielectric properties of meta-aramid fibers by molecular dynamics methods using modified OPLSAA force field,76f2b49e1562
"Polymer: Poly(m-phenylene isophthalamide)
Property: density = 1.247
Additional Info: {}
Force Field: PCFF
Source: Study of dielectric properties of meta-aramid fibers by molecular dynamics methods using modified OPLSAA force field
DOI: https://doi.org/10.1016/j.polymer.2022.125331",property,216,Poly(m-phenylene isophthalamide),PCFF,density,1.247,{},https://doi.org/10.1016/j.polymer.2022.125331,Study of dielectric properties of meta-aramid fibers by molecular dynamics methods using modified OPLSAA force field,8ac598e8e4ec
"Polymer: Poly(m-phenylene isophthalamide)
Property: glass_transition_temp = 557
Additional Info: {}
Force Field: PCFF
Source: Study of dielectric properties of meta-aramid fibers by molecular dynamics methods using modified OPLSAA force field
DOI: https://doi.org/10.1016/j.polymer.2022.125331",property,217,Poly(m-phenylene isophthalamide),PCFF,glass_transition_temp,557,{},https://doi.org/10.1016/j.polymer.2022.125331,Study of dielectric properties of meta-aramid fibers by molecular dynamics methods using modified OPLSAA force field,1521d287c647
"Polymer: cis-1,4-Polybutadiene
Property: density = 0.89
Additional Info: {}
Force Field: United-atom (Smith and Paul)
Source: Validation of Force Fields of Rubber through Glass-Transition Temperature Calculation by Microsecond Atomic-Scale Molecular Dynamics Simulation
DOI: https://doi.org/10.1021/acs.jpcb.5b10789",property,219,"cis-1,4-Polybutadiene",United-atom (Smith and Paul),density,0.89,{},https://doi.org/10.1021/acs.jpcb.5b10789,Validation of Force Fields of Rubber through Glass-Transition Temperature Calculation by Microsecond Atomic-Scale Molecular Dynamics Simulation,47c953cd88b8
"Polymer: cis-1,4-Polybutadiene
Property: glass_transition_temp = 200
Additional Info: {}
Force Field: United-atom (Smith and Paul)
Source: Validation of Force Fields of Rubber through Glass-Transition Temperature Calculation by Microsecond Atomic-Scale Molecular Dynamics Simulation
DOI: https://doi.org/10.1021/acs.jpcb.5b10789",property,220,"cis-1,4-Polybutadiene",United-atom (Smith and Paul),glass_transition_temp,200,{},https://doi.org/10.1021/acs.jpcb.5b10789,Validation of Force Fields of Rubber through Glass-Transition Temperature Calculation by Microsecond Atomic-Scale Molecular Dynamics Simulation,cade2c2a24ff
"Polymer: cis-1,4-Polybutadiene
Property: density = 0.894
Additional Info: {}
Force Field: All-atom (OPLS-AA based)
Source: Validation of Force Fields of Rubber through Glass-Transition Temperature Calculation by Microsecond Atomic-Scale Molecular Dynamics Simulation
DOI: https://doi.org/10.1021/acs.jpcb.5b10789",property,221,"cis-1,4-Polybutadiene",All-atom (OPLS-AA based),density,0.894,{},https://doi.org/10.1021/acs.jpcb.5b10789,Validation of Force Fields of Rubber through Glass-Transition Temperature Calculation by Microsecond Atomic-Scale Molecular Dynamics Simulation,de2f2fd6f521
"Polymer: cis-1,4-Polybutadiene
Property: glass_transition_temp = 190
Additional Info: {}
Force Field: All-atom (OPLS-AA based)
Source: Validation of Force Fields of Rubber through Glass-Transition Temperature Calculation by Microsecond Atomic-Scale Molecular Dynamics Simulation
DOI: https://doi.org/10.1021/acs.jpcb.5b10789",property,222,"cis-1,4-Polybutadiene",All-atom (OPLS-AA based),glass_transition_temp,190,{},https://doi.org/10.1021/acs.jpcb.5b10789,Validation of Force Fields of Rubber through Glass-Transition Temperature Calculation by Microsecond Atomic-Scale Molecular Dynamics Simulation,ed4f5bfa0d44
"Polymer: cis-1,4-Polybutadiene
Property: radius_gyration = 1.54
Additional Info: {}
Force Field: All-atom (OPLS-AA based)
Source: Validation of Force Fields of Rubber through Glass-Transition Temperature Calculation by Microsecond Atomic-Scale Molecular Dynamics Simulation
DOI: https://doi.org/10.1021/acs.jpcb.5b10789",property,223,"cis-1,4-Polybutadiene",All-atom (OPLS-AA based),radius_gyration,1.54,{},https://doi.org/10.1021/acs.jpcb.5b10789,Validation of Force Fields of Rubber through Glass-Transition Temperature Calculation by Microsecond Atomic-Scale Molecular Dynamics Simulation,fe872eebf7f1
"Polymer: trans-1,4-Polybutadiene
Property: density = 0.879
Additional Info: {}
Force Field: United-atom (Smith and Paul)
Source: Validation of Force Fields of Rubber through Glass-Transition Temperature Calculation by Microsecond Atomic-Scale Molecular Dynamics Simulation
DOI: https://doi.org/10.1021/acs.jpcb.5b10789",property,224,"trans-1,4-Polybutadiene",United-atom (Smith and Paul),density,0.879,{},https://doi.org/10.1021/acs.jpcb.5b10789,Validation of Force Fields of Rubber through Glass-Transition Temperature Calculation by Microsecond Atomic-Scale Molecular Dynamics Simulation,e4d33ad30636
"Polymer: trans-1,4-Polybutadiene
Property: glass_transition_temp = 224
Additional Info: {}
Force Field: United-atom (Smith and Paul)
Source: Validation of Force Fields of Rubber through Glass-Transition Temperature Calculation by Microsecond Atomic-Scale Molecular Dynamics Simulation
DOI: https://doi.org/10.1021/acs.jpcb.5b10789",property,225,"trans-1,4-Polybutadiene",United-atom (Smith and Paul),glass_transition_temp,224,{},https://doi.org/10.1021/acs.jpcb.5b10789,Validation of Force Fields of Rubber through Glass-Transition Temperature Calculation by Microsecond Atomic-Scale Molecular Dynamics Simulation,9cfad8691aa9
"Polymer: trans-1,4-Polybutadiene
Property: density = 0.879
Additional Info: {}
Force Field: All-atom (OPLS-AA based)
Source: Validation of Force Fields of Rubber through Glass-Transition Temperature Calculation by Microsecond Atomic-Scale Molecular Dynamics Simulation
DOI: https://doi.org/10.1021/acs.jpcb.5b10789",property,226,"trans-1,4-Polybutadiene",All-atom (OPLS-AA based),density,0.879,{},https://doi.org/10.1021/acs.jpcb.5b10789,Validation of Force Fields of Rubber through Glass-Transition Temperature Calculation by Microsecond Atomic-Scale Molecular Dynamics Simulation,8d5537407c65
"Polymer: trans-1,4-Polybutadiene
Property: glass_transition_temp = 221
Additional Info: {}
Force Field: All-atom (OPLS-AA based)
Source: Validation of Force Fields of Rubber through Glass-Transition Temperature Calculation by Microsecond Atomic-Scale Molecular Dynamics Simulation
DOI: https://doi.org/10.1021/acs.jpcb.5b10789",property,227,"trans-1,4-Polybutadiene",All-atom (OPLS-AA based),glass_transition_temp,221,{},https://doi.org/10.1021/acs.jpcb.5b10789,Validation of Force Fields of Rubber through Glass-Transition Temperature Calculation by Microsecond Atomic-Scale Molecular Dynamics Simulation,9e4d184398e3
"Polymer: trans-1,4-Polybutadiene
Property: radius_gyration = 1.58
Additional Info: {}
Force Field: All-atom (OPLS-AA based)
Source: Validation of Force Fields of Rubber through Glass-Transition Temperature Calculation by Microsecond Atomic-Scale Molecular Dynamics Simulation
DOI: https://doi.org/10.1021/acs.jpcb.5b10789",property,228,"trans-1,4-Polybutadiene",All-atom (OPLS-AA based),radius_gyration,1.58,{},https://doi.org/10.1021/acs.jpcb.5b10789,Validation of Force Fields of Rubber through Glass-Transition Temperature Calculation by Microsecond Atomic-Scale Molecular Dynamics Simulation,ede84e250fce
"Polymer: cis-1,4-Polyisoprene
Property: density = 0.885
Additional Info: {}
Force Field: United-atom (Harmandaris et al.)
Source: Validation of Force Fields of Rubber through Glass-Transition Temperature Calculation by Microsecond Atomic-Scale Molecular Dynamics Simulation
DOI: https://doi.org/10.1021/acs.jpcb.5b10789",property,229,"cis-1,4-Polyisoprene",United-atom (Harmandaris et al.),density,0.885,{},https://doi.org/10.1021/acs.jpcb.5b10789,Validation of Force Fields of Rubber through Glass-Transition Temperature Calculation by Microsecond Atomic-Scale Molecular Dynamics Simulation,08d2ef9246dd
"Polymer: cis-1,4-Polyisoprene
Property: glass_transition_temp = 223
Additional Info: {}
Force Field: United-atom (Harmandaris et al.)
Source: Validation of Force Fields of Rubber through Glass-Transition Temperature Calculation by Microsecond Atomic-Scale Molecular Dynamics Simulation
DOI: https://doi.org/10.1021/acs.jpcb.5b10789",property,230,"cis-1,4-Polyisoprene",United-atom (Harmandaris et al.),glass_transition_temp,223,{},https://doi.org/10.1021/acs.jpcb.5b10789,Validation of Force Fields of Rubber through Glass-Transition Temperature Calculation by Microsecond Atomic-Scale Molecular Dynamics Simulation,61685b89658b
"Polymer: cis-1,4-Polyisoprene
Property: density = 0.908
Additional Info: {}
Force Field: All-atom (Modified Faller et al.)
Source: Validation of Force Fields of Rubber through Glass-Transition Temperature Calculation by Microsecond Atomic-Scale Molecular Dynamics Simulation
DOI: https://doi.org/10.1021/acs.jpcb.5b10789",property,231,"cis-1,4-Polyisoprene",All-atom (Modified Faller et al.),density,0.908,{},https://doi.org/10.1021/acs.jpcb.5b10789,Validation of Force Fields of Rubber through Glass-Transition Temperature Calculation by Microsecond Atomic-Scale Molecular Dynamics Simulation,1ad525b4608c
"Polymer: cis-1,4-Polyisoprene
Property: glass_transition_temp = 209
Additional Info: {}
Force Field: All-atom (Modified Faller et al.)
Source: Validation of Force Fields of Rubber through Glass-Transition Temperature Calculation by Microsecond Atomic-Scale Molecular Dynamics Simulation
DOI: https://doi.org/10.1021/acs.jpcb.5b10789",property,232,"cis-1,4-Polyisoprene",All-atom (Modified Faller et al.),glass_transition_temp,209,{},https://doi.org/10.1021/acs.jpcb.5b10789,Validation of Force Fields of Rubber through Glass-Transition Temperature Calculation by Microsecond Atomic-Scale Molecular Dynamics Simulation,f6a092a83c92
"Polymer: cis-1,4-Polyisoprene
Property: radius_gyration = 1.43
Additional Info: {}
Force Field: All-atom (Modified Faller et al.)
Source: Validation of Force Fields of Rubber through Glass-Transition Temperature Calculation by Microsecond Atomic-Scale Molecular Dynamics Simulation
DOI: https://doi.org/10.1021/acs.jpcb.5b10789",property,233,"cis-1,4-Polyisoprene",All-atom (Modified Faller et al.),radius_gyration,1.43,{},https://doi.org/10.1021/acs.jpcb.5b10789,Validation of Force Fields of Rubber through Glass-Transition Temperature Calculation by Microsecond Atomic-Scale Molecular Dynamics Simulation,f7aecc429eaf
"Polymer: trans-1,4-Polyisoprene
Property: density = 0.883
Additional Info: {}
Force Field: United-atom (Harmandaris et al.)
Source: Validation of Force Fields of Rubber through Glass-Transition Temperature Calculation by Microsecond Atomic-Scale Molecular Dynamics Simulation
DOI: https://doi.org/10.1021/acs.jpcb.5b10789",property,234,"trans-1,4-Polyisoprene",United-atom (Harmandaris et al.),density,0.883,{},https://doi.org/10.1021/acs.jpcb.5b10789,Validation of Force Fields of Rubber through Glass-Transition Temperature Calculation by Microsecond Atomic-Scale Molecular Dynamics Simulation,000128e95e05
"Polymer: trans-1,4-Polyisoprene
Property: glass_transition_temp = 228
Additional Info: {}
Force Field: United-atom (Harmandaris et al.)
Source: Validation of Force Fields of Rubber through Glass-Transition Temperature Calculation by Microsecond Atomic-Scale Molecular Dynamics Simulation
DOI: https://doi.org/10.1021/acs.jpcb.5b10789",property,235,"trans-1,4-Polyisoprene",United-atom (Harmandaris et al.),glass_transition_temp,228,{},https://doi.org/10.1021/acs.jpcb.5b10789,Validation of Force Fields of Rubber through Glass-Transition Temperature Calculation by Microsecond Atomic-Scale Molecular Dynamics Simulation,cf85c61d0405
"Polymer: trans-1,4-Polyisoprene
Property: density = 0.881
Additional Info: {}
Force Field: All-atom (Modified Faller et al.)
Source: Validation of Force Fields of Rubber through Glass-Transition Temperature Calculation by Microsecond Atomic-Scale Molecular Dynamics Simulation
DOI: https://doi.org/10.1021/acs.jpcb.5b10789",property,236,"trans-1,4-Polyisoprene",All-atom (Modified Faller et al.),density,0.881,{},https://doi.org/10.1021/acs.jpcb.5b10789,Validation of Force Fields of Rubber through Glass-Transition Temperature Calculation by Microsecond Atomic-Scale Molecular Dynamics Simulation,866c7e27e2f1
"Polymer: trans-1,4-Polyisoprene
Property: glass_transition_temp = 225
Additional Info: {}
Force Field: All-atom (Modified Faller et al.)
Source: Validation of Force Fields of Rubber through Glass-Transition Temperature Calculation by Microsecond Atomic-Scale Molecular Dynamics Simulation
DOI: https://doi.org/10.1021/acs.jpcb.5b10789",property,237,"trans-1,4-Polyisoprene",All-atom (Modified Faller et al.),glass_transition_temp,225,{},https://doi.org/10.1021/acs.jpcb.5b10789,Validation of Force Fields of Rubber through Glass-Transition Temperature Calculation by Microsecond Atomic-Scale Molecular Dynamics Simulation,43a6d07cc8c6
"Polymer: trans-1,4-Polyisoprene
Property: radius_gyration = 1.79
Additional Info: {}
Force Field: All-atom (Modified Faller et al.)
Source: Validation of Force Fields of Rubber through Glass-Transition Temperature Calculation by Microsecond Atomic-Scale Molecular Dynamics Simulation
DOI: https://doi.org/10.1021/acs.jpcb.5b10789",property,238,"trans-1,4-Polyisoprene",All-atom (Modified Faller et al.),radius_gyration,1.79,{},https://doi.org/10.1021/acs.jpcb.5b10789,Validation of Force Fields of Rubber through Glass-Transition Temperature Calculation by Microsecond Atomic-Scale Molecular Dynamics Simulation,c4d8408463ee
"Polymer: Poly(ethylene glycol) (PEG9)
Property: density = 1.126
Additional Info: {}
Force Field: CGq FF (MARTINI based)
Source: A coarse-grain force field based on quantum mechanics (CGq FF) for molecular dynamics simulation of poly(ethylene glycol)-block-poly (e-caprolactone) (PEG-b-PCL) micelles
DOI: https://doi.org/10.1039/d0cp04364h",property,240,Poly(ethylene glycol) (PEG9),CGq FF (MARTINI based),density,1.126,{},https://doi.org/10.1039/d0cp04364h,A coarse-grain force field based on quantum mechanics (CGq FF) for molecular dynamics simulation of poly(ethylene glycol)-block-poly (e-caprolactone) (PEG-b-PCL) micelles,413eef349c1c
"Polymer: Polycaprolactone (PCL10)
Property: density = 1.212
Additional Info: {}
Force Field: CGq FF (MARTINI based)
Source: A coarse-grain force field based on quantum mechanics (CGq FF) for molecular dynamics simulation of poly(ethylene glycol)-block-poly (e-caprolactone) (PEG-b-PCL) micelles
DOI: https://doi.org/10.1039/d0cp04364h",property,242,Polycaprolactone (PCL10),CGq FF (MARTINI based),density,1.212,{},https://doi.org/10.1039/d0cp04364h,A coarse-grain force field based on quantum mechanics (CGq FF) for molecular dynamics simulation of poly(ethylene glycol)-block-poly (e-caprolactone) (PEG-b-PCL) micelles,ae0d9f42accf
"Polymer: Methoxy-poly(ethylene glycol)-block-polycaprolactone (MePEG23-b-PCL9)
Property: radius_gyration = 3.535
Additional Info: {}
Force Field: CGq FF (MARTINI based)
Source: A coarse-grain force field based on quantum mechanics (CGq FF) for molecular dynamics simulation of poly(ethylene glycol)-block-poly (e-caprolactone) (PEG-b-PCL) micelles
DOI: https://doi.org/10.1039/d0cp04364h",property,243,Methoxy-poly(ethylene glycol)-block-polycaprolactone (MePEG23-b-PCL9),CGq FF (MARTINI based),radius_gyration,3.535,{},https://doi.org/10.1039/d0cp04364h,A coarse-grain force field based on quantum mechanics (CGq FF) for molecular dynamics simulation of poly(ethylene glycol)-block-poly (e-caprolactone) (PEG-b-PCL) micelles,276b6a167ef6
"Polymer: Poly(N-isopropylacrylamide)
Property: radius_gyration = 2.3
Additional Info: {}
Force Field: Martini 2.2
Source: A coil-to-globule transition capable coarse-grained model for poly(N-isopropylacrylamide)
DOI: https://doi.org/10.1039/d0cp03101a",property,244,Poly(N-isopropylacrylamide),Martini 2.2,radius_gyration,2.3,{},https://doi.org/10.1039/d0cp03101a,A coil-to-globule transition capable coarse-grained model for poly(N-isopropylacrylamide),159fe283586c
"Polymer: Poly(N-isopropylacrylamide)
Property: radius_gyration = 1.25
Additional Info: {}
Force Field: Martini 2.2
Source: A coil-to-globule transition capable coarse-grained model for poly(N-isopropylacrylamide)
DOI: https://doi.org/10.1039/d0cp03101a",property,246,Poly(N-isopropylacrylamide),Martini 2.2,radius_gyration,1.25,{},https://doi.org/10.1039/d0cp03101a,A coil-to-globule transition capable coarse-grained model for poly(N-isopropylacrylamide),d2636eeb474d
"Polymer: Chemically Realistic 1,4-Polybutadiene
Property: glass_transition_temp = 164
Additional Info: {}
Force Field: quantum chemistry based united atom force field
Source: A Molecular Dynamics Simulation Study of Segmental Relaxation Processes in Miscible Polymer Blends
DOI: https://doi.org/10.1021/ma0608828",property,252,"Chemically Realistic 1,4-Polybutadiene",quantum chemistry based united atom force field,glass_transition_temp,164,{},https://doi.org/10.1021/ma0608828,A Molecular Dynamics Simulation Study of Segmental Relaxation Processes in Miscible Polymer Blends,307669ae99df
"Polymer: Lower-Barrier 1,4-Polybutadiene
Property: glass_transition_temp = 108
Additional Info: {}
Force Field: quantum chemistry based united atom force field
Source: A Molecular Dynamics Simulation Study of Segmental Relaxation Processes in Miscible Polymer Blends
DOI: https://doi.org/10.1021/ma0608828",property,253,"Lower-Barrier 1,4-Polybutadiene",quantum chemistry based united atom force field,glass_transition_temp,108,{},https://doi.org/10.1021/ma0608828,A Molecular Dynamics Simulation Study of Segmental Relaxation Processes in Miscible Polymer Blends,a73e1efe25bd
"Polymer: Cellulose Ib crystal
Property: density = 1.635
Additional Info: {""condition"": ""Crystal (Ib)""}
Force Field: AMBER (TEAMFF)
Source: A New Parameterization of an All-Atom Force Field for Cellulose
DOI: https://doi.org/10.1007/s11837-021-04732-9",property,254,Cellulose Ib crystal,AMBER (TEAMFF),density,1.635,"{""condition"": ""Crystal (Ib)""}",https://doi.org/10.1007/s11837-021-04732-9,A New Parameterization of an All-Atom Force Field for Cellulose,3fd2fc07905a
"Polymer: Polyethylene
Property: density = 0.77
Additional Info: {}
Force Field: United-atom force field
Source: Atomistic hybrid particle-field molecular dynamics combined with slip-springs- Restoring entangled dynamics to simulations of polymer melts
DOI: https://doi.org/10.1002/jcc.26428",property,255,Polyethylene,United-atom force field,density,0.77,{},https://doi.org/10.1002/jcc.26428,Atomistic hybrid particle-field molecular dynamics combined with slip-springs- Restoring entangled dynamics to simulations of polymer melts,86c5b4833db9
"Polymer: Polyethylene
Property: density = 0.77
Additional Info: {}
Force Field: United-atom model
Source: Atomistic hybrid particle-field molecular dynamics combined with slip-springs- Restoring entangled dynamics to simulations of polymer melts
DOI: https://doi.org/10.1002/jcc.26428",property,739,Polyethylene,United-atom model,density,0.77,{},https://doi.org/10.1002/jcc.26428,Atomistic hybrid particle-field molecular dynamics combined with slip-springs- Restoring entangled dynamics to simulations of polymer melts,aba85227bb7a
"Polymer: Polyethylene (n=150)
Property: density = 0.77
Additional Info: {""condition"": ""Finite chain (n=150)""}
Force Field: United-atom model
Source: Atomistic hybrid particle-field molecular dynamics combined with slip-springs- Restoring entangled dynamics to simulations of polymer melts
DOI: https://doi.org/10.1002/jcc.26428",property,740,Polyethylene (n=150),United-atom model,density,0.77,"{""condition"": ""Finite chain (n=150)""}",https://doi.org/10.1002/jcc.26428,Atomistic hybrid particle-field molecular dynamics combined with slip-springs- Restoring entangled dynamics to simulations of polymer melts,11bdefde8e53
"Polymer: Polyethylene (n=350)
Property: density = 0.77
Additional Info: {""condition"": ""Finite chain (n=350)""}
Force Field: United-atom model
Source: Atomistic hybrid particle-field molecular dynamics combined with slip-springs- Restoring entangled dynamics to simulations of polymer melts
DOI: https://doi.org/10.1002/jcc.26428",property,741,Polyethylene (n=350),United-atom model,density,0.77,"{""condition"": ""Finite chain (n=350)""}",https://doi.org/10.1002/jcc.26428,Atomistic hybrid particle-field molecular dynamics combined with slip-springs- Restoring entangled dynamics to simulations of polymer melts,1729cfcdb9d5
"Polymer: Polyethylene (n=520)
Property: density = 0.77
Additional Info: {""condition"": ""Finite chain (n=520)""}
Force Field: United-atom model
Source: Atomistic hybrid particle-field molecular dynamics combined with slip-springs- Restoring entangled dynamics to simulations of polymer melts
DOI: https://doi.org/10.1002/jcc.26428",property,742,Polyethylene (n=520),United-atom model,density,0.77,"{""condition"": ""Finite chain (n=520)""}",https://doi.org/10.1002/jcc.26428,Atomistic hybrid particle-field molecular dynamics combined with slip-springs- Restoring entangled dynamics to simulations of polymer melts,a14b2bdf9f46
"Polymer: Polyethylene (n=1300)
Property: density = 0.77
Additional Info: {""condition"": ""Finite chain (n=1300)""}
Force Field: United-atom model
Source: Atomistic hybrid particle-field molecular dynamics combined with slip-springs- Restoring entangled dynamics to simulations of polymer melts
DOI: https://doi.org/10.1002/jcc.26428",property,743,Polyethylene (n=1300),United-atom model,density,0.77,"{""condition"": ""Finite chain (n=1300)""}",https://doi.org/10.1002/jcc.26428,Atomistic hybrid particle-field molecular dynamics combined with slip-springs- Restoring entangled dynamics to simulations of polymer melts,5e034eaa700d
"Polymer: Polyethylene (n=2600)
Property: density = 0.77
Additional Info: {""condition"": ""Finite chain (n=2600)""}
Force Field: United-atom model
Source: Atomistic hybrid particle-field molecular dynamics combined with slip-springs- Restoring entangled dynamics to simulations of polymer melts
DOI: https://doi.org/10.1002/jcc.26428",property,744,Polyethylene (n=2600),United-atom model,density,0.77,"{""condition"": ""Finite chain (n=2600)""}",https://doi.org/10.1002/jcc.26428,Atomistic hybrid particle-field molecular dynamics combined with slip-springs- Restoring entangled dynamics to simulations of polymer melts,afb9cdd99ea3
"Polymer: Linear Polyethylenimine (LPEI39u4)
Property: radius_gyration = 1.91
Additional Info: {""condition"": ""39-mer (linear)""}
Force Field: CHARMM
Source: Branched polyethyleneimineCHARMM force field and molecular_dynamics_simulations
DOI: https://doi.org/10.1002/jcc.27005",property,261,Linear Polyethylenimine (LPEI39u4),CHARMM,radius_gyration,1.91,"{""condition"": ""39-mer (linear)""}",https://doi.org/10.1002/jcc.27005,Branched polyethyleneimineCHARMM force field and molecular_dynamics_simulations,a90673ebb48e
"Polymer: Linear Polyethylenimine (LPEI39u2)
Property: radius_gyration = 2.24
Additional Info: {""condition"": ""39-mer (linear)""}
Force Field: CHARMM
Source: Branched polyethyleneimineCHARMM force field and molecular_dynamics_simulations
DOI: https://doi.org/10.1002/jcc.27005",property,262,Linear Polyethylenimine (LPEI39u2),CHARMM,radius_gyration,2.24,"{""condition"": ""39-mer (linear)""}",https://doi.org/10.1002/jcc.27005,Branched polyethyleneimineCHARMM force field and molecular_dynamics_simulations,54b9a6f0fb64
"Polymer: Linear Polyethylenimine (LPEI51p0)
Property: radius_gyration = 1.66
Additional Info: {""condition"": ""51-mer (linear)""}
Force Field: CHARMM
Source: Branched polyethyleneimineCHARMM force field and molecular_dynamics_simulations
DOI: https://doi.org/10.1002/jcc.27005",property,263,Linear Polyethylenimine (LPEI51p0),CHARMM,radius_gyration,1.66,"{""condition"": ""51-mer (linear)""}",https://doi.org/10.1002/jcc.27005,Branched polyethyleneimineCHARMM force field and molecular_dynamics_simulations,1cc1c22c14ac
"Polymer: Branched Polyethylenimine (BPEI17u2)
Property: diffusion_coefficient = 2.1e-10
Additional Info: {""condition"": ""17-mer (branched)""}
Force Field: CHARMM
Source: Branched polyethyleneimineCHARMM force field and molecular_dynamics_simulations
DOI: https://doi.org/10.1002/jcc.27005",property,265,Branched Polyethylenimine (BPEI17u2),CHARMM,diffusion_coefficient,2.1e-10,"{""condition"": ""17-mer (branched)""}",https://doi.org/10.1002/jcc.27005,Branched polyethyleneimineCHARMM force field and molecular_dynamics_simulations,dad5f8e6953d
"Polymer: Poly(vinylidene fluoride)
Property: youngs_modulus = 132
Additional Info: {""condition"" : ""Alpha Phase""}
Force Field: C/H/O/F/Al ReaxFF
Source: C_H_O_F_Al ReaxFF Force Field Development and Application to Study the Condensed-Phase Poly(vinylidene fluoride) and Reaction Mechanisms with Aluminum
DOI: https://doi.org/10.1021/acs.jpcc.2c02043",property,266,Poly(vinylidene fluoride),C/H/O/F/Al ReaxFF,youngs_modulus,132,"{""condition"" : ""Alpha Phase""}",https://doi.org/10.1021/acs.jpcc.2c02043,C_H_O_F_Al ReaxFF Force Field Development and Application to Study the Condensed-Phase Poly(vinylidene fluoride) and Reaction Mechanisms with Aluminum,5e9c9eb9e967
"Polymer: Amylose DP12
Property: radius_gyration = 1.3
Additional Info: {""condition"": ""DP12 aqueous solution""}
Force Field: OPLS3e
Source: Characterizing moisture uptake and plasticization effects of water on amorphous amylose starch models using molecular dynamics methods
DOI: https://doi.org/10.26434/chemrxiv.12582272.v1",property,267,Amylose DP12,OPLS3e,radius_gyration,1.3,"{""condition"": ""DP12 aqueous solution""}",https://doi.org/10.26434/chemrxiv.12582272.v1,Characterizing moisture uptake and plasticization effects of water on amorphous amylose starch models using molecular dynamics methods,47fd942245c2
"Polymer: Polyisoprene
Property: density = 0.835
Additional Info: {}
Force Field: Coarse-grained (CG) models developed via inverse Monte Carlo
Source: Coarse-graining of polyisoprene melts using inverse Monte Carlo and local density potentials
DOI: https://doi.org/10.1063/1.5143245",property,270,Polyisoprene,Coarse-grained (CG) models developed via inverse Monte Carlo,density,0.835,{},https://doi.org/10.1063/1.5143245,Coarse-graining of polyisoprene melts using inverse Monte Carlo and local density potentials,f5aa647b88d7
"Polymer: Polyisoprene
Property: radius_gyration = 1.35
Additional Info: {}
Force Field: Coarse-grained (CG) models developed via inverse Monte Carlo
Source: Coarse-graining of polyisoprene melts using inverse Monte Carlo and local density potentials
DOI: https://doi.org/10.1063/1.5143245",property,271,Polyisoprene,Coarse-grained (CG) models developed via inverse Monte Carlo,radius_gyration,1.35,{},https://doi.org/10.1063/1.5143245,Coarse-graining of polyisoprene melts using inverse Monte Carlo and local density potentials,75366bd61e23
"Polymer: Poly(9,9-dioctylfluorene-alt-benzothiadiazole)
Property: glass_transition_temp = 478
Additional Info: {}
Force Field: bespoke classical force field
Source: Conformational Heterogeneity and Interchain Percolation Revealed in an Amorphous Conjugated Polymer
DOI: https://doi.org/10.1021/acsnano.2c04794",property,290,"Poly(9,9-dioctylfluorene-alt-benzothiadiazole)",bespoke classical force field,glass_transition_temp,478,{},https://doi.org/10.1021/acsnano.2c04794,Conformational Heterogeneity and Interchain Percolation Revealed in an Amorphous Conjugated Polymer,dca25b0003c4
"Polymer: Polyethylene (PE)
Property: youngs_modulus = 328
Additional Info: {}
Force Field: Moment Tensor Potential (MTPphonon, level 26)
Source: Designing Accurate Moment Tensor Potentials for Phonon-Related Properties of Crystalline Polymers
DOI: https://doi.org/10.3390/molecules29163724",property,292,Polyethylene (PE),"Moment Tensor Potential (MTPphonon, level 26)",youngs_modulus,328,{},https://doi.org/10.3390/molecules29163724,Designing Accurate Moment Tensor Potentials for Phonon-Related Properties of Crystalline Polymers,a6a6309414ce
"Polymer: Polythiophene
Property: youngs_modulus = 383
Additional Info: {}
Force Field: Moment Tensor Potential (MTPphonon, level 26)
Source: Designing Accurate Moment Tensor Potentials for Phonon-Related Properties of Crystalline Polymers
DOI: https://doi.org/10.3390/molecules29163724",property,293,Polythiophene,"Moment Tensor Potential (MTPphonon, level 26)",youngs_modulus,383,{},https://doi.org/10.3390/molecules29163724,Designing Accurate Moment Tensor Potentials for Phonon-Related Properties of Crystalline Polymers,7be3d92ff26b
"Polymer: Poly(3-hexylthiophene)
Property: youngs_modulus = 151
Additional Info: {}
Force Field: Moment Tensor Potential (MTPphonon, level 26)
Source: Designing Accurate Moment Tensor Potentials for Phonon-Related Properties of Crystalline Polymers
DOI: https://doi.org/10.3390/molecules29163724",property,294,Poly(3-hexylthiophene),"Moment Tensor Potential (MTPphonon, level 26)",youngs_modulus,151,{},https://doi.org/10.3390/molecules29163724,Designing Accurate Moment Tensor Potentials for Phonon-Related Properties of Crystalline Polymers,765d9d587aaf
"Polymer: Polydimethylsiloxane
Property: density = 0.96
Additional Info: {}
Force Field: Martini 3
Source: Development of a transferable coarse-grained model of polydimethylsiloxane
DOI: https://doi.org/10.1039/d2sm00939k",property,296,Polydimethylsiloxane,Martini 3,density,0.96,{},https://doi.org/10.1039/d2sm00939k,Development of a transferable coarse-grained model of polydimethylsiloxane,122c1644e87d
"Polymer: Polydimethylsiloxane
Property: density = 0.96
Additional Info: {}
Force Field: Atomistic model (classical force field)
Source: Development of a transferable coarse-grained model of polydimethylsiloxane
DOI: https://doi.org/10.1039/d2sm00939k",property,297,Polydimethylsiloxane,Atomistic model (classical force field),density,0.96,{},https://doi.org/10.1039/d2sm00939k,Development of a transferable coarse-grained model of polydimethylsiloxane,8b0adf81a6cb
"Polymer: Poly(trimethylene terephthalate)
Property: density = 1.06
Additional Info: {}
Force Field: Dreiding
Source: Early structural development in melt-quenched polymer PTT from atomistic molecular dynamic simulations
DOI: https://doi.org/10.1088/0953-8984/21/50/505101",property,298,Poly(trimethylene terephthalate),Dreiding,density,1.06,{},https://doi.org/10.1088/0953-8984/21/50/505101,Early structural development in melt-quenched polymer PTT from atomistic molecular dynamic simulations,647252f06085
"Polymer: Poly(trimethylene terephthalate)
Property: glass_transition_temp = 360
Additional Info: {}
Force Field: Dreiding
Source: Early structural development in melt-quenched polymer PTT from atomistic molecular dynamic simulations
DOI: https://doi.org/10.1088/0953-8984/21/50/505101",property,299,Poly(trimethylene terephthalate),Dreiding,glass_transition_temp,360,{},https://doi.org/10.1088/0953-8984/21/50/505101,Early structural development in melt-quenched polymer PTT from atomistic molecular dynamic simulations,183f981704ce
"Polymer: Poly(trimethylene terephthalate)
Property: youngs_modulus = 2.72
Additional Info: {}
Force Field: Dreiding
Source: Early structural development in melt-quenched polymer PTT from atomistic molecular dynamic simulations
DOI: https://doi.org/10.1088/0953-8984/21/50/505101",property,300,Poly(trimethylene terephthalate),Dreiding,youngs_modulus,2.72,{},https://doi.org/10.1088/0953-8984/21/50/505101,Early structural development in melt-quenched polymer PTT from atomistic molecular dynamic simulations,3374c6af53ba
"Polymer: Poly(trimethylene terephthalate)
Property: density = 1.06
Additional Info: {}
Force Field: Dreiding
Source: Early structural development in melt-quenched polymer PTT from atomistic molecular dynamic simulations
DOI: https://doi.org/10.1088/0953-8984/21/50/505101",property,1094,Poly(trimethylene terephthalate),Dreiding,density,1.06,{},https://doi.org/10.1088/0953-8984/21/50/505101,Early structural development in melt-quenched polymer PTT from atomistic molecular dynamic simulations,647252f06085
"Polymer: Poly(trimethylene terephthalate)
Property: glass_transition_temp = 360
Additional Info: {}
Force Field: Dreiding
Source: Early structural development in melt-quenched polymer PTT from atomistic molecular dynamic simulations
DOI: https://doi.org/10.1088/0953-8984/21/50/505101",property,1095,Poly(trimethylene terephthalate),Dreiding,glass_transition_temp,360,{},https://doi.org/10.1088/0953-8984/21/50/505101,Early structural development in melt-quenched polymer PTT from atomistic molecular dynamic simulations,183f981704ce
"Polymer: Poly(trimethylene terephthalate)
Property: youngs_modulus = 2.72
Additional Info: {}
Force Field: Dreiding
Source: Early structural development in melt-quenched polymer PTT from atomistic molecular dynamic simulations
DOI: https://doi.org/10.1088/0953-8984/21/50/505101",property,1096,Poly(trimethylene terephthalate),Dreiding,youngs_modulus,2.72,{},https://doi.org/10.1088/0953-8984/21/50/505101,Early structural development in melt-quenched polymer PTT from atomistic molecular dynamic simulations,3374c6af53ba
"Polymer: Poly(trimethylene terephthalate)
Property: density = 1.441
Additional Info: {""condition"": ""Crystalline phase""}
Force Field: Dreiding
Source: Early structural development in melt-quenched polymer PTT from atomistic molecular dynamic simulations
DOI: https://doi.org/10.1088/0953-8984/21/50/505101",property,1097,Poly(trimethylene terephthalate),Dreiding,density,1.441,"{""condition"": ""Crystalline phase""}",https://doi.org/10.1088/0953-8984/21/50/505101,Early structural development in melt-quenched polymer PTT from atomistic molecular dynamic simulations,cfc27f16ee3d
"Polymer: Glycidyl Azide Polymer (GAP)
Property: glass_transition_temp = 240
Additional Info: {}
Force Field: COMPASS
Source: Experimental and Simulation Study on Glass Transition Temperatures of GAP with Ionic-Liquid-Based Energetic Plasticizers
DOI: https://doi.org/10.1002/prep.201900267",property,302,Glycidyl Azide Polymer (GAP),COMPASS,glass_transition_temp,240,{},https://doi.org/10.1002/prep.201900267,Experimental and Simulation Study on Glass Transition Temperatures of GAP with Ionic-Liquid-Based Energetic Plasticizers,03b43b0a8a0b
"Polymer: GAP with Ionic Liquid (Dicyanamide anion, IL-DCA)
Property: glass_transition_temp = 214
Additional Info: {""condition"": ""GAP/IL-DCA mixture""}
Force Field: COMPASS
Source: Experimental and Simulation Study on Glass Transition Temperatures of GAP with Ionic-Liquid-Based Energetic Plasticizers
DOI: https://doi.org/10.1002/prep.201900267",property,303,"GAP with Ionic Liquid (Dicyanamide anion, IL-DCA)",COMPASS,glass_transition_temp,214,"{""condition"": ""GAP/IL-DCA mixture""}",https://doi.org/10.1002/prep.201900267,Experimental and Simulation Study on Glass Transition Temperatures of GAP with Ionic-Liquid-Based Energetic Plasticizers,5a7fd8697f7d
"Polymer: GAP with Ionic Liquid (Nitrate anion, IL-NO3)
Property: glass_transition_temp = 227
Additional Info: {""condition"": ""GAP/IL-NO3 mixture""}
Force Field: COMPASS
Source: Experimental and Simulation Study on Glass Transition Temperatures of GAP with Ionic-Liquid-Based Energetic Plasticizers
DOI: https://doi.org/10.1002/prep.201900267",property,304,"GAP with Ionic Liquid (Nitrate anion, IL-NO3)",COMPASS,glass_transition_temp,227,"{""condition"": ""GAP/IL-NO3 mixture""}",https://doi.org/10.1002/prep.201900267,Experimental and Simulation Study on Glass Transition Temperatures of GAP with Ionic-Liquid-Based Energetic Plasticizers,73f68d8c132e
"Polymer: GAP with Ionic Liquid (Azide anion, IL-N3)
Property: glass_transition_temp = 230
Additional Info: {""condition"": ""GAP/IL-N3 mixture""}
Force Field: COMPASS
Source: Experimental and Simulation Study on Glass Transition Temperatures of GAP with Ionic-Liquid-Based Energetic Plasticizers
DOI: https://doi.org/10.1002/prep.201900267",property,305,"GAP with Ionic Liquid (Azide anion, IL-N3)",COMPASS,glass_transition_temp,230,"{""condition"": ""GAP/IL-N3 mixture""}",https://doi.org/10.1002/prep.201900267,Experimental and Simulation Study on Glass Transition Temperatures of GAP with Ionic-Liquid-Based Energetic Plasticizers,aa53d08a3097
"Polymer: Poly(vinyl butyral) (PVB)
Property: density = 1.062
Additional Info: {""condition"" : ""50 mol.% VA random PVB copolymer""}
Force Field: fused-sphere SAFT-γ-Mie
Source: Extending the fused-sphere SAFT-Mie force field parameterization approach to poly(vinyl butyral) copolymers
DOI: https://doi.org/10.1063/1.5126213",property,306,Poly(vinyl butyral) (PVB),fused-sphere SAFT-γ-Mie,density,1.062,"{""condition"" : ""50 mol.% VA random PVB copolymer""}",https://doi.org/10.1063/1.5126213,Extending the fused-sphere SAFT-Mie force field parameterization approach to poly(vinyl butyral) copolymers,8b573f9e4914
"Polymer: Poly(vinyl butyral) (PVB)
Property: glass_transition_temp = 374.5
Additional Info: {""condition"" : ""50 mol.% VA random PVB copolymer""}
Force Field: fused-sphere SAFT-γ-Mie
Source: Extending the fused-sphere SAFT-Mie force field parameterization approach to poly(vinyl butyral) copolymers
DOI: https://doi.org/10.1063/1.5126213",property,307,Poly(vinyl butyral) (PVB),fused-sphere SAFT-γ-Mie,glass_transition_temp,374.5,"{""condition"" : ""50 mol.% VA random PVB copolymer""}",https://doi.org/10.1063/1.5126213,Extending the fused-sphere SAFT-Mie force field parameterization approach to poly(vinyl butyral) copolymers,36c9dab1d8ea
"Polymer: Poly(vinyl butyral) (PVB) random copolymer 12 mol.% vinyl alcohol
Property: density = 1.019
Additional Info: {""condition"": ""12 mol.% vinyl alcohol""}
Force Field: fused-sphere SAFT-γ-Mie
Source: Extending the fused-sphere SAFT-Mie force field parameterization approach to poly(vinyl butyral) copolymers
DOI: https://doi.org/10.1063/1.5126213",property,308,Poly(vinyl butyral) (PVB) random copolymer 12 mol.% vinyl alcohol,fused-sphere SAFT-γ-Mie,density,1.019,"{""condition"": ""12 mol.% vinyl alcohol""}",https://doi.org/10.1063/1.5126213,Extending the fused-sphere SAFT-Mie force field parameterization approach to poly(vinyl butyral) copolymers,a517a42eb68f
"Polymer: Poly(vinyl butyral) (PVB) random copolymer 12 mol.% vinyl alcohol
Property: glass_transition_temp = 300.2
Additional Info: {""condition"": ""12 mol.% vinyl alcohol""}
Force Field: fused-sphere SAFT-γ-Mie
Source: Extending the fused-sphere SAFT-Mie force field parameterization approach to poly(vinyl butyral) copolymers
DOI: https://doi.org/10.1063/1.5126213",property,309,Poly(vinyl butyral) (PVB) random copolymer 12 mol.% vinyl alcohol,fused-sphere SAFT-γ-Mie,glass_transition_temp,300.2,"{""condition"": ""12 mol.% vinyl alcohol""}",https://doi.org/10.1063/1.5126213,Extending the fused-sphere SAFT-Mie force field parameterization approach to poly(vinyl butyral) copolymers,9955fe410563
"Polymer: Poly(vinyl butyral) (PVB) random copolymer 25 mol.% vinyl alcohol
Property: density = 1.043
Additional Info: {""condition"": ""25 mol.% vinyl alcohol""}
Force Field: fused-sphere SAFT-γ-Mie
Source: Extending the fused-sphere SAFT-Mie force field parameterization approach to poly(vinyl butyral) copolymers
DOI: https://doi.org/10.1063/1.5126213",property,310,Poly(vinyl butyral) (PVB) random copolymer 25 mol.% vinyl alcohol,fused-sphere SAFT-γ-Mie,density,1.043,"{""condition"": ""25 mol.% vinyl alcohol""}",https://doi.org/10.1063/1.5126213,Extending the fused-sphere SAFT-Mie force field parameterization approach to poly(vinyl butyral) copolymers,35130033fe30
"Polymer: Poly(vinyl butyral) (PVB) random copolymer 25 mol.% vinyl alcohol
Property: glass_transition_temp = 355
Additional Info: {""condition"": ""25 mol.% vinyl alcohol""}
Force Field: fused-sphere SAFT-γ-Mie
Source: Extending the fused-sphere SAFT-Mie force field parameterization approach to poly(vinyl butyral) copolymers
DOI: https://doi.org/10.1063/1.5126213",property,311,Poly(vinyl butyral) (PVB) random copolymer 25 mol.% vinyl alcohol,fused-sphere SAFT-γ-Mie,glass_transition_temp,355,"{""condition"": ""25 mol.% vinyl alcohol""}",https://doi.org/10.1063/1.5126213,Extending the fused-sphere SAFT-Mie force field parameterization approach to poly(vinyl butyral) copolymers,ccf1dae3bd60
"Polymer: Poly(vinyl butyral) (PVB) random copolymer 50 mol.% vinyl alcohol
Property: density = 1.062
Additional Info: {""condition"": ""50 mol.% vinyl alcohol""}
Force Field: fused-sphere SAFT-γ-Mie
Source: Extending the fused-sphere SAFT-Mie force field parameterization approach to poly(vinyl butyral) copolymers
DOI: https://doi.org/10.1063/1.5126213",property,312,Poly(vinyl butyral) (PVB) random copolymer 50 mol.% vinyl alcohol,fused-sphere SAFT-γ-Mie,density,1.062,"{""condition"": ""50 mol.% vinyl alcohol""}",https://doi.org/10.1063/1.5126213,Extending the fused-sphere SAFT-Mie force field parameterization approach to poly(vinyl butyral) copolymers,db4bc6793862
"Polymer: Poly(vinyl butyral) (PVB) random copolymer 50 mol.% vinyl alcohol
Property: glass_transition_temp = 374.5
Additional Info: {""condition"": ""50 mol.% vinyl alcohol""}
Force Field: fused-sphere SAFT-γ-Mie
Source: Extending the fused-sphere SAFT-Mie force field parameterization approach to poly(vinyl butyral) copolymers
DOI: https://doi.org/10.1063/1.5126213",property,313,Poly(vinyl butyral) (PVB) random copolymer 50 mol.% vinyl alcohol,fused-sphere SAFT-γ-Mie,glass_transition_temp,374.5,"{""condition"": ""50 mol.% vinyl alcohol""}",https://doi.org/10.1063/1.5126213,Extending the fused-sphere SAFT-Mie force field parameterization approach to poly(vinyl butyral) copolymers,293ff428634d
"Polymer: Poly(vinyl butyral) (PVB) random copolymer 75 mol.% vinyl alcohol
Property: density = 1.102
Additional Info: {""condition"": ""75 mol.% vinyl alcohol""}
Force Field: fused-sphere SAFT-γ-Mie
Source: Extending the fused-sphere SAFT-Mie force field parameterization approach to poly(vinyl butyral) copolymers
DOI: https://doi.org/10.1063/1.5126213",property,314,Poly(vinyl butyral) (PVB) random copolymer 75 mol.% vinyl alcohol,fused-sphere SAFT-γ-Mie,density,1.102,"{""condition"": ""75 mol.% vinyl alcohol""}",https://doi.org/10.1063/1.5126213,Extending the fused-sphere SAFT-Mie force field parameterization approach to poly(vinyl butyral) copolymers,dc9dd594eb2e
"Polymer: Poly(vinyl butyral) (PVB) random copolymer 75 mol.% vinyl alcohol
Property: glass_transition_temp = 366.7
Additional Info: {""condition"": ""75 mol.% vinyl alcohol""}
Force Field: fused-sphere SAFT-γ-Mie
Source: Extending the fused-sphere SAFT-Mie force field parameterization approach to poly(vinyl butyral) copolymers
DOI: https://doi.org/10.1063/1.5126213",property,315,Poly(vinyl butyral) (PVB) random copolymer 75 mol.% vinyl alcohol,fused-sphere SAFT-γ-Mie,glass_transition_temp,366.7,"{""condition"": ""75 mol.% vinyl alcohol""}",https://doi.org/10.1063/1.5126213,Extending the fused-sphere SAFT-Mie force field parameterization approach to poly(vinyl butyral) copolymers,e1b681870ee1
"Polymer: DPPTBT (DPP–thiophene conjugated polymer)
Property: density = 1.035
Additional Info: {}
Force Field: OPLS
Source: Force Fields for Macromolecular Assemblies Containing Diketopyrrolopyrrole and Thiophene
DOI: https://doi.org/10.1021/acs.jctc.0c00399",property,316,DPPTBT (DPP–thiophene conjugated polymer),OPLS,density,1.035,{},https://doi.org/10.1021/acs.jctc.0c00399,Force Fields for Macromolecular Assemblies Containing Diketopyrrolopyrrole and Thiophene,2fbf4681a8e8
"Polymer: DPPTBT (DPP–thiophene conjugated polymer)
Property: radius_gyration = 12.5 - 16
Additional Info: {}
Force Field: OPLS
Source: Force Fields for Macromolecular Assemblies Containing Diketopyrrolopyrrole and Thiophene
DOI: https://doi.org/10.1021/acs.jctc.0c00399",property,317,DPPTBT (DPP–thiophene conjugated polymer),OPLS,radius_gyration,12.5 - 16,{},https://doi.org/10.1021/acs.jctc.0c00399,Force Fields for Macromolecular Assemblies Containing Diketopyrrolopyrrole and Thiophene,d1c1e8d48f08
"Polymer: Polyethylene
Property: density = 0.91
Additional Info: {}
Force Field: GROMOS
Source: Free energy calculations of small molecules in dense amorphous polymers. Effect of the initial guess configuration in molecular dynamics studies
DOI: https://doi.org/10.1063/1.472614",property,318,Polyethylene,GROMOS,density,0.91,{},https://doi.org/10.1063/1.472614,Free energy calculations of small molecules in dense amorphous polymers. Effect of the initial guess configuration in molecular dynamics studies,9f2da275ba67
"Polymer: Polyethylene
Property: density = 0.848
Additional Info: {}
Force Field: Smit et al. potential
Source: Free energy calculations of small molecules in dense amorphous polymers. Effect of the initial guess configuration in molecular dynamics studies
DOI: https://doi.org/10.1063/1.472614",property,319,Polyethylene,Smit et al. potential,density,0.848,{},https://doi.org/10.1063/1.472614,Free energy calculations of small molecules in dense amorphous polymers. Effect of the initial guess configuration in molecular dynamics studies,890c8b48d3a9
"Polymer: Polyoxyoctamethylene
Property: glass_transition_temp = 238
Additional Info: {}
Force Field: OPLS3e
Source: High-Throughput Molecular Dynamics Simulations and Validation of Thermophysical Properties of Polymers
DOI: https://doi.org/10.26434/chemrxiv.12250229",property,320,Polyoxyoctamethylene,OPLS3e,glass_transition_temp,238,{},https://doi.org/10.26434/chemrxiv.12250229,High-Throughput Molecular Dynamics Simulations and Validation of Thermophysical Properties of Polymers,5b5ae07c3bff
"Polymer: Polyethylene glycol monolaurate
Property: density = 0.9789
Additional Info: {}
Force Field: OPLS-AA
Source: Insight into structural properties of polyethylene glycol monolaurate in water and alcohols from molecular dynamics studies
DOI: https://doi.org/10.1039/c9ra09688d",property,333,Polyethylene glycol monolaurate,OPLS-AA,density,0.9789,{},https://doi.org/10.1039/c9ra09688d,Insight into structural properties of polyethylene glycol monolaurate in water and alcohols from molecular dynamics studies,7add7d84340f
"Polymer: Polyethylene glycol monolaurate + water
Property: density = 0.9711
Additional Info: {""condition"": ""Mixture with water""}
Force Field: OPLS-AA
Source: Insight into structural properties of polyethylene glycol monolaurate in water and alcohols from molecular dynamics studies
DOI: https://doi.org/10.1039/c9ra09688d",property,334,Polyethylene glycol monolaurate + water,OPLS-AA,density,0.9711,"{""condition"": ""Mixture with water""}",https://doi.org/10.1039/c9ra09688d,Insight into structural properties of polyethylene glycol monolaurate in water and alcohols from molecular dynamics studies,fab00681eecb
"Polymer: Polyethylene glycol monolaurate + methanol
Property: density = 0.7907
Additional Info: {""condition"": ""Mixture with methanol""}
Force Field: OPLS-AA
Source: Insight into structural properties of polyethylene glycol monolaurate in water and alcohols from molecular dynamics studies
DOI: https://doi.org/10.1039/c9ra09688d",property,335,Polyethylene glycol monolaurate + methanol,OPLS-AA,density,0.7907,"{""condition"": ""Mixture with methanol""}",https://doi.org/10.1039/c9ra09688d,Insight into structural properties of polyethylene glycol monolaurate in water and alcohols from molecular dynamics studies,7dbd86c53a93
"Polymer: Polyethylene glycol monolaurate + ethanol
Property: density = 0.8016
Additional Info: {""condition"": ""Mixture with ethanol""}
Force Field: OPLS-AA
Source: Insight into structural properties of polyethylene glycol monolaurate in water and alcohols from molecular dynamics studies
DOI: https://doi.org/10.1039/c9ra09688d",property,336,Polyethylene glycol monolaurate + ethanol,OPLS-AA,density,0.8016,"{""condition"": ""Mixture with ethanol""}",https://doi.org/10.1039/c9ra09688d,Insight into structural properties of polyethylene glycol monolaurate in water and alcohols from molecular dynamics studies,0b82d7d262f6
"Polymer: Polyethylene glycol monolaurate + 2-propanol
Property: density = 0.8004
Additional Info: {""condition"": ""Mixture with 2-propanol""}
Force Field: OPLS-AA
Source: Insight into structural properties of polyethylene glycol monolaurate in water and alcohols from molecular dynamics studies
DOI: https://doi.org/10.1039/c9ra09688d",property,337,Polyethylene glycol monolaurate + 2-propanol,OPLS-AA,density,0.8004,"{""condition"": ""Mixture with 2-propanol""}",https://doi.org/10.1039/c9ra09688d,Insight into structural properties of polyethylene glycol monolaurate in water and alcohols from molecular dynamics studies,30fa16b0d8c2
"Polymer: Polyethylene glycol monolaurate + 2-butanol
Property: density = 0.8019
Additional Info: {""condition"": ""Mixture with 2-butanol""}
Force Field: OPLS-AA
Source: Insight into structural properties of polyethylene glycol monolaurate in water and alcohols from molecular dynamics studies
DOI: https://doi.org/10.1039/c9ra09688d",property,338,Polyethylene glycol monolaurate + 2-butanol,OPLS-AA,density,0.8019,"{""condition"": ""Mixture with 2-butanol""}",https://doi.org/10.1039/c9ra09688d,Insight into structural properties of polyethylene glycol monolaurate in water and alcohols from molecular dynamics studies,aef60bac7095
"Polymer: Polyethylene glycol monolaurate + tert-butanol
Property: density = 0.8264
Additional Info: {""condition"": ""Mixture with tert-butanol""}
Force Field: OPLS-AA
Source: Insight into structural properties of polyethylene glycol monolaurate in water and alcohols from molecular dynamics studies
DOI: https://doi.org/10.1039/c9ra09688d",property,339,Polyethylene glycol monolaurate + tert-butanol,OPLS-AA,density,0.8264,"{""condition"": ""Mixture with tert-butanol""}",https://doi.org/10.1039/c9ra09688d,Insight into structural properties of polyethylene glycol monolaurate in water and alcohols from molecular dynamics studies,539437f44ea0
"Polymer: Polyethylene glycol monolaurate + 1-pentanol
Property: density = 0.8126
Additional Info: {""condition"": ""Mixture with 1-pentanol""}
Force Field: OPLS-AA
Source: Insight into structural properties of polyethylene glycol monolaurate in water and alcohols from molecular dynamics studies
DOI: https://doi.org/10.1039/c9ra09688d",property,340,Polyethylene glycol monolaurate + 1-pentanol,OPLS-AA,density,0.8126,"{""condition"": ""Mixture with 1-pentanol""}",https://doi.org/10.1039/c9ra09688d,Insight into structural properties of polyethylene glycol monolaurate in water and alcohols from molecular dynamics studies,7387efa05660
"Polymer: Poly(3-hexylthiophene)
Property: radius_gyration = 0.85
Additional Info: {}
Force Field: PCFF
Source: Investigation of adsorption of polymers on metallic nanowires_ A molecular dynamics study
DOI: https://doi.org/10.1016/j.apsusc.2012.07.152",property,341,Poly(3-hexylthiophene),PCFF,radius_gyration,0.85,{},https://doi.org/10.1016/j.apsusc.2012.07.152,Investigation of adsorption of polymers on metallic nanowires_ A molecular dynamics study,bea9df3d35de
"Polymer: Poly[[[(2-ethylhexyl)oxy]methoxy-1,4-phenylene]-1,2-ethenediyl]
Property: radius_gyration = 0.75
Additional Info: {}
Force Field: PCFF
Source: Investigation of adsorption of polymers on metallic nanowires_ A molecular dynamics study
DOI: https://doi.org/10.1016/j.apsusc.2012.07.152",property,342,"Poly[[[(2-ethylhexyl)oxy]methoxy-1,4-phenylene]-1,2-ethenediyl]",PCFF,radius_gyration,0.75,{},https://doi.org/10.1016/j.apsusc.2012.07.152,Investigation of adsorption of polymers on metallic nanowires_ A molecular dynamics study,79fe2d7fd43f
"Polymer: Polyurethane
Property: youngs_modulus = 0.04978
Additional Info: {}
Force Field: DREIDING
Source: Mechanical properties of carbon nanotube reinforced polyurethane matrix using computational method- a molecular dynamics study
DOI: https://doi.org/10.1088/1402-4896/ac6cae",property,346,Polyurethane,DREIDING,youngs_modulus,0.04978,{},https://doi.org/10.1088/1402-4896/ac6cae,Mechanical properties of carbon nanotube reinforced polyurethane matrix using computational method- a molecular dynamics study,d647cdbe5396
"Polymer: Reinforced Polyurethane/Carbon Nanotube (7,7) Armchair
Property: youngs_modulus = 0.05235
Additional Info: {""condition"": ""(7,7) Armchair CNT""}
Force Field: DREIDING (PU) and Tersoff (CNT)
Source: Mechanical properties of carbon nanotube reinforced polyurethane matrix using computational method- a molecular dynamics study
DOI: https://doi.org/10.1088/1402-4896/ac6cae",property,347,"Reinforced Polyurethane/Carbon Nanotube (7,7) Armchair",DREIDING (PU) and Tersoff (CNT),youngs_modulus,0.05235,"{""condition"": ""(7,7) Armchair CNT""}",https://doi.org/10.1088/1402-4896/ac6cae,Mechanical properties of carbon nanotube reinforced polyurethane matrix using computational method- a molecular dynamics study,f6046c7a0e7d
"Polymer: Reinforced Polyurethane/Carbon Nanotube (11,0) Zigzag
Property: youngs_modulus = 0.05821
Additional Info: {""condition"": ""(11,0) Zigzag CNT""}
Force Field: DREIDING (PU) and Tersoff (CNT)
Source: Mechanical properties of carbon nanotube reinforced polyurethane matrix using computational method- a molecular dynamics study
DOI: https://doi.org/10.1088/1402-4896/ac6cae",property,348,"Reinforced Polyurethane/Carbon Nanotube (11,0) Zigzag",DREIDING (PU) and Tersoff (CNT),youngs_modulus,0.05821,"{""condition"": ""(11,0) Zigzag CNT""}",https://doi.org/10.1088/1402-4896/ac6cae,Mechanical properties of carbon nanotube reinforced polyurethane matrix using computational method- a molecular dynamics study,65670f0d3089
"Polymer: Reinforced Polyurethane/Carbon Nanotube (6,6) Armchair
Property: youngs_modulus = 0.05121
Additional Info: {""condition"": ""(6,6) Armchair CNT""}
Force Field: DREIDING (PU) and Tersoff (CNT)
Source: Mechanical properties of carbon nanotube reinforced polyurethane matrix using computational method- a molecular dynamics study
DOI: https://doi.org/10.1088/1402-4896/ac6cae",property,349,"Reinforced Polyurethane/Carbon Nanotube (6,6) Armchair",DREIDING (PU) and Tersoff (CNT),youngs_modulus,0.05121,"{""condition"": ""(6,6) Armchair CNT""}",https://doi.org/10.1088/1402-4896/ac6cae,Mechanical properties of carbon nanotube reinforced polyurethane matrix using computational method- a molecular dynamics study,7d165d0632da
"Polymer: Reinforced Polyurethane/Carbon Nanotube (8,8) Armchair
Property: youngs_modulus = 0.05299
Additional Info: {""condition"": ""(8,8) Armchair CNT""}
Force Field: DREIDING (PU) and Tersoff (CNT)
Source: Mechanical properties of carbon nanotube reinforced polyurethane matrix using computational method- a molecular dynamics study
DOI: https://doi.org/10.1088/1402-4896/ac6cae",property,350,"Reinforced Polyurethane/Carbon Nanotube (8,8) Armchair",DREIDING (PU) and Tersoff (CNT),youngs_modulus,0.05299,"{""condition"": ""(8,8) Armchair CNT""}",https://doi.org/10.1088/1402-4896/ac6cae,Mechanical properties of carbon nanotube reinforced polyurethane matrix using computational method- a molecular dynamics study,dd9bf44e3f51
"Polymer: Reinforced Polyurethane/Carbon Nanotube (10,0) Zigzag
Property: youngs_modulus = 0.05722
Additional Info: {""condition"": ""(10,0) Zigzag CNT""}
Force Field: DREIDING (PU) and Tersoff (CNT)
Source: Mechanical properties of carbon nanotube reinforced polyurethane matrix using computational method- a molecular dynamics study
DOI: https://doi.org/10.1088/1402-4896/ac6cae",property,351,"Reinforced Polyurethane/Carbon Nanotube (10,0) Zigzag",DREIDING (PU) and Tersoff (CNT),youngs_modulus,0.05722,"{""condition"": ""(10,0) Zigzag CNT""}",https://doi.org/10.1088/1402-4896/ac6cae,Mechanical properties of carbon nanotube reinforced polyurethane matrix using computational method- a molecular dynamics study,4ea5e29a80b4
"Polymer: Reinforced Polyurethane/Carbon Nanotube (12,0) Zigzag
Property: youngs_modulus = 0.06023
Additional Info: {""condition"": ""(12,0) Zigzag CNT""}
Force Field: DREIDING (PU) and Tersoff (CNT)
Source: Mechanical properties of carbon nanotube reinforced polyurethane matrix using computational method- a molecular dynamics study
DOI: https://doi.org/10.1088/1402-4896/ac6cae",property,352,"Reinforced Polyurethane/Carbon Nanotube (12,0) Zigzag",DREIDING (PU) and Tersoff (CNT),youngs_modulus,0.06023,"{""condition"": ""(12,0) Zigzag CNT""}",https://doi.org/10.1088/1402-4896/ac6cae,Mechanical properties of carbon nanotube reinforced polyurethane matrix using computational method- a molecular dynamics study,7833d6125276
"Polymer: Poly(lactic-co-glycolic acid)
Property: density = 1.256
Additional Info: {}
Force Field: MOLC (CG)
Source: Mesoscopic Modeling of Bio-Compatible PLGA Polymers with Coarse-Grained Molecular Dynamics Simulations
DOI: https://doi.org/10.1021/acs.jpcb.4c07518",property,353,Poly(lactic-co-glycolic acid),MOLC (CG),density,1.256,{},https://doi.org/10.1021/acs.jpcb.4c07518,Mesoscopic Modeling of Bio-Compatible PLGA Polymers with Coarse-Grained Molecular Dynamics Simulations,929a0c1f4cfc
"Polymer: Poly(lactic-co-glycolic acid)
Property: glass_transition_temp = 402.5
Additional Info: {}
Force Field: MOLC (CG)
Source: Mesoscopic Modeling of Bio-Compatible PLGA Polymers with Coarse-Grained Molecular Dynamics Simulations
DOI: https://doi.org/10.1021/acs.jpcb.4c07518",property,354,Poly(lactic-co-glycolic acid),MOLC (CG),glass_transition_temp,402.5,{},https://doi.org/10.1021/acs.jpcb.4c07518,Mesoscopic Modeling of Bio-Compatible PLGA Polymers with Coarse-Grained Molecular Dynamics Simulations,1d622303a00d
"Polymer: Poly(lactic-co-glycolic acid)
Property: density = 1.248
Additional Info: {}
Force Field: MOLC (CG)
Source: Mesoscopic Modeling of Bio-Compatible PLGA Polymers with Coarse-Grained Molecular Dynamics Simulations
DOI: https://doi.org/10.1021/acs.jpcb.4c07518",property,355,Poly(lactic-co-glycolic acid),MOLC (CG),density,1.248,{},https://doi.org/10.1021/acs.jpcb.4c07518,Mesoscopic Modeling of Bio-Compatible PLGA Polymers with Coarse-Grained Molecular Dynamics Simulations,a3ece58e4214
"Polymer: Poly(lactic-co-glycolic acid)
Property: glass_transition_temp = 367
Additional Info: {}
Force Field: MOLC (CG)
Source: Mesoscopic Modeling of Bio-Compatible PLGA Polymers with Coarse-Grained Molecular Dynamics Simulations
DOI: https://doi.org/10.1021/acs.jpcb.4c07518",property,356,Poly(lactic-co-glycolic acid),MOLC (CG),glass_transition_temp,367,{},https://doi.org/10.1021/acs.jpcb.4c07518,Mesoscopic Modeling of Bio-Compatible PLGA Polymers with Coarse-Grained Molecular Dynamics Simulations,87e7256907a4
"Polymer: Polyethylene (PE) C50-C300
Property: density = 0.75
Additional Info: {""condition"":""C50–C300 chain length range""}
Force Field: United atom model of Paul et al.
Source: Molecular Dynamics Simulation of Size-Dependent Structural and Thermal Properties of Polymer Nanofibers
DOI: https://doi.org/10.1021/ma0714666",property,357,Polyethylene (PE) C50-C300,United atom model of Paul et al.,density,0.75,"{""condition"":""C50–C300 chain length range""}",https://doi.org/10.1021/ma0714666,Molecular Dynamics Simulation of Size-Dependent Structural and Thermal Properties of Polymer Nanofibers,036ec298bc97
"Polymer: Polyethylene (PE) C50
Property: density = 0.75
Additional Info: {""condition"": ""C50 chain length""}
Force Field: United atom model of Paul et al.
Source: Molecular Dynamics Simulation of Size-Dependent Structural and Thermal Properties of Polymer Nanofibers
DOI: https://doi.org/10.1021/ma0714666",property,359,Polyethylene (PE) C50,United atom model of Paul et al.,density,0.75,"{""condition"": ""C50 chain length""}",https://doi.org/10.1021/ma0714666,Molecular Dynamics Simulation of Size-Dependent Structural and Thermal Properties of Polymer Nanofibers,105e7f4ea584
"Polymer: Polyethylene (PE) nanofiber with radius 2.81 nm
Property: density = 0.75
Additional Info: {""condition"": ""Nanofiber (radius 2.81 nm)""}
Force Field: United atom model of Paul et al.
Source: Molecular Dynamics Simulation of Size-Dependent Structural and Thermal Properties of Polymer Nanofibers
DOI: https://doi.org/10.1021/ma0714666",property,360,Polyethylene (PE) nanofiber with radius 2.81 nm,United atom model of Paul et al.,density,0.75,"{""condition"": ""Nanofiber (radius 2.81 nm)""}",https://doi.org/10.1021/ma0714666,Molecular Dynamics Simulation of Size-Dependent Structural and Thermal Properties of Polymer Nanofibers,2a48692a2494
"Polymer: Polyethylene (PE) nanofiber with radius 2.81 nm
Property: glass_transition_temp = 250
Additional Info: {""condition"": ""Nanofiber (radius 2.81 nm)""}
Force Field: United atom model of Paul et al.
Source: Molecular Dynamics Simulation of Size-Dependent Structural and Thermal Properties of Polymer Nanofibers
DOI: https://doi.org/10.1021/ma0714666",property,361,Polyethylene (PE) nanofiber with radius 2.81 nm,United atom model of Paul et al.,glass_transition_temp,250,"{""condition"": ""Nanofiber (radius 2.81 nm)""}",https://doi.org/10.1021/ma0714666,Molecular Dynamics Simulation of Size-Dependent Structural and Thermal Properties of Polymer Nanofibers,f7f012ecf67b
"Polymer: Polyethylene (PE) C50-C300
Property: density = 0.75
Additional Info: {}
Force Field: Paul et al. united atom model
Source: Molecular Dynamics Simulation of Size-Dependent Structural and Thermal Properties of Polymer Nanofibers
DOI: https://doi.org/10.1021/ma0714666",property,1464,Polyethylene (PE) C50-C300,Paul et al. united atom model,density,0.75,{},https://doi.org/10.1021/ma0714666,Molecular Dynamics Simulation of Size-Dependent Structural and Thermal Properties of Polymer Nanofibers,623cbf47b63d
"Polymer: Polyethylene (PE) C50-C300
Property: density = 0.75
Additional Info: {}
Force Field: Paul et al. united atom model
Source: Molecular Dynamics Simulation of Size-Dependent Structural and Thermal Properties of Polymer Nanofibers
DOI: https://doi.org/10.1021/ma0714666",property,1466,Polyethylene (PE) C50-C300,Paul et al. united atom model,density,0.75,{},https://doi.org/10.1021/ma0714666,Molecular Dynamics Simulation of Size-Dependent Structural and Thermal Properties of Polymer Nanofibers,623cbf47b63d
"Polymer: PMMA/PS polymer blend (50:50)
Property: glass_transition_temp = 375
Additional Info: {""condition"": ""50:50 blend""}
Force Field: COMPASS
Source: Molecular dynamics simulation studies of the miscibility and thermal properties of PMMA_PS polymer blend
DOI: https://doi.org/10.1016/j.cjph.2018.09.034",property,362,PMMA/PS polymer blend (50:50),COMPASS,glass_transition_temp,375,"{""condition"": ""50:50 blend""}",https://doi.org/10.1016/j.cjph.2018.09.034,Molecular dynamics simulation studies of the miscibility and thermal properties of PMMA_PS polymer blend,a89acf81fc51
"Polymer: PMMA/PS polymer blend (60:40)
Property: glass_transition_temp = 373
Additional Info: {""condition"": ""60:40 blend""}
Force Field: COMPASS
Source: Molecular dynamics simulation studies of the miscibility and thermal properties of PMMA_PS polymer blend
DOI: https://doi.org/10.1016/j.cjph.2018.09.034",property,363,PMMA/PS polymer blend (60:40),COMPASS,glass_transition_temp,373,"{""condition"": ""60:40 blend""}",https://doi.org/10.1016/j.cjph.2018.09.034,Molecular dynamics simulation studies of the miscibility and thermal properties of PMMA_PS polymer blend,486c293ac75f
"Polymer: PMMA/PS polymer blend (54:46)
Property: glass_transition_temp = 371
Additional Info: {""condition"": ""54:46 blend""}
Force Field: COMPASS
Source: Molecular dynamics simulation studies of the miscibility and thermal properties of PMMA_PS polymer blend
DOI: https://doi.org/10.1016/j.cjph.2018.09.034",property,364,PMMA/PS polymer blend (54:46),COMPASS,glass_transition_temp,371,"{""condition"": ""54:46 blend""}",https://doi.org/10.1016/j.cjph.2018.09.034,Molecular dynamics simulation studies of the miscibility and thermal properties of PMMA_PS polymer blend,e7f6b42e7994
"Polymer: PMMA/PS polymer blend (80:20)
Property: glass_transition_temp = 358
Additional Info: {""condition"": ""80:20 blend""}
Force Field: COMPASS
Source: Molecular dynamics simulation studies of the miscibility and thermal properties of PMMA_PS polymer blend
DOI: https://doi.org/10.1016/j.cjph.2018.09.034",property,365,PMMA/PS polymer blend (80:20),COMPASS,glass_transition_temp,358,"{""condition"": ""80:20 blend""}",https://doi.org/10.1016/j.cjph.2018.09.034,Molecular dynamics simulation studies of the miscibility and thermal properties of PMMA_PS polymer blend,238561d9a1d0
"Polymer: Isotactic Poly(methyl methacrylate) (PMMA)
Property: glass_transition_temp = 315
Additional Info: {}
Force Field: COMPASS
Source: Molecular dynamics simulation studies of the miscibility and thermal properties of PMMA_PS polymer blend
DOI: https://doi.org/10.1016/j.cjph.2018.09.034",property,366,Isotactic Poly(methyl methacrylate) (PMMA),COMPASS,glass_transition_temp,315,{},https://doi.org/10.1016/j.cjph.2018.09.034,Molecular dynamics simulation studies of the miscibility and thermal properties of PMMA_PS polymer blend,d66859ddea26
"Polymer: PI/SiO hybrid material (4.95% SiO2)
Property: density = 1.335
Additional Info: {""condition"": ""4.95% SiO2""}
Force Field: COMPASS
Source: Molecular dynamics simulation study on the structure and properties of polyimide_silica hybrid materials
DOI: https://doi.org/10.1002/app.47335",property,369,PI/SiO hybrid material (4.95% SiO2),COMPASS,density,1.335,"{""condition"": ""4.95% SiO2""}",https://doi.org/10.1002/app.47335,Molecular dynamics simulation study on the structure and properties of polyimide_silica hybrid materials,5970e586c5c1
"Polymer: PI/SiO hybrid material (4.95% SiO2)
Property: glass_transition_temp = 558
Additional Info: {""condition"": ""4.95% SiO2""}
Force Field: COMPASS
Source: Molecular dynamics simulation study on the structure and properties of polyimide_silica hybrid materials
DOI: https://doi.org/10.1002/app.47335",property,370,PI/SiO hybrid material (4.95% SiO2),COMPASS,glass_transition_temp,558,"{""condition"": ""4.95% SiO2""}",https://doi.org/10.1002/app.47335,Molecular dynamics simulation study on the structure and properties of polyimide_silica hybrid materials,ca9d001b15cc
"Polymer: PI/SiO hybrid material (7.19% SiO2)
Property: density = 1.34
Additional Info: {""condition"": ""7.19% SiO2""}
Force Field: COMPASS
Source: Molecular dynamics simulation study on the structure and properties of polyimide_silica hybrid materials
DOI: https://doi.org/10.1002/app.47335",property,371,PI/SiO hybrid material (7.19% SiO2),COMPASS,density,1.34,"{""condition"": ""7.19% SiO2""}",https://doi.org/10.1002/app.47335,Molecular dynamics simulation study on the structure and properties of polyimide_silica hybrid materials,a6216ac0ee9a
"Polymer: PI/SiO hybrid material (7.19% SiO2)
Property: glass_transition_temp = 595
Additional Info: {""condition"": ""7.19% SiO2""}
Force Field: COMPASS
Source: Molecular dynamics simulation study on the structure and properties of polyimide_silica hybrid materials
DOI: https://doi.org/10.1002/app.47335",property,372,PI/SiO hybrid material (7.19% SiO2),COMPASS,glass_transition_temp,595,"{""condition"": ""7.19% SiO2""}",https://doi.org/10.1002/app.47335,Molecular dynamics simulation study on the structure and properties of polyimide_silica hybrid materials,fe1ea5801eed
"Polymer: PI/SiO hybrid material (9.30% SiO2)
Property: density = 1.396
Additional Info: {""condition"": ""9.30% SiO2""}
Force Field: COMPASS
Source: Molecular dynamics simulation study on the structure and properties of polyimide_silica hybrid materials
DOI: https://doi.org/10.1002/app.47335",property,373,PI/SiO hybrid material (9.30% SiO2),COMPASS,density,1.396,"{""condition"": ""9.30% SiO2""}",https://doi.org/10.1002/app.47335,Molecular dynamics simulation study on the structure and properties of polyimide_silica hybrid materials,2ad2e48bcec3
"Polymer: PI/SiO hybrid material (9.30% SiO2)
Property: glass_transition_temp = 591
Additional Info: {""condition"": ""9.30% SiO2""}
Force Field: COMPASS
Source: Molecular dynamics simulation study on the structure and properties of polyimide_silica hybrid materials
DOI: https://doi.org/10.1002/app.47335",property,374,PI/SiO hybrid material (9.30% SiO2),COMPASS,glass_transition_temp,591,"{""condition"": ""9.30% SiO2""}",https://doi.org/10.1002/app.47335,Molecular dynamics simulation study on the structure and properties of polyimide_silica hybrid materials,8edc4ac42b23
"Polymer: PI/SiO hybrid material (11.29% SiO2)
Property: density = 1.391
Additional Info: {""condition"": ""11.29% SiO2""}
Force Field: COMPASS
Source: Molecular dynamics simulation study on the structure and properties of polyimide_silica hybrid materials
DOI: https://doi.org/10.1002/app.47335",property,375,PI/SiO hybrid material (11.29% SiO2),COMPASS,density,1.391,"{""condition"": ""11.29% SiO2""}",https://doi.org/10.1002/app.47335,Molecular dynamics simulation study on the structure and properties of polyimide_silica hybrid materials,131a80985f24
"Polymer: PI/SiO hybrid material (11.29% SiO2)
Property: glass_transition_temp = 646
Additional Info: {""condition"": ""11.29% SiO2""}
Force Field: COMPASS
Source: Molecular dynamics simulation study on the structure and properties of polyimide_silica hybrid materials
DOI: https://doi.org/10.1002/app.47335",property,376,PI/SiO hybrid material (11.29% SiO2),COMPASS,glass_transition_temp,646,"{""condition"": ""11.29% SiO2""}",https://doi.org/10.1002/app.47335,Molecular dynamics simulation study on the structure and properties of polyimide_silica hybrid materials,c85ef08e8bdb
"Polymer: PI/SiO hybrid material (13.16% SiO2)
Property: density = 1.378
Additional Info: {""condition"": ""13.16% SiO2""}
Force Field: COMPASS
Source: Molecular dynamics simulation study on the structure and properties of polyimide_silica hybrid materials
DOI: https://doi.org/10.1002/app.47335",property,377,PI/SiO hybrid material (13.16% SiO2),COMPASS,density,1.378,"{""condition"": ""13.16% SiO2""}",https://doi.org/10.1002/app.47335,Molecular dynamics simulation study on the structure and properties of polyimide_silica hybrid materials,f7a75e6b806c
"Polymer: PI/SiO hybrid material (13.16% SiO2)
Property: glass_transition_temp = 687
Additional Info: {""condition"": ""13.16% SiO2""}
Force Field: COMPASS
Source: Molecular dynamics simulation study on the structure and properties of polyimide_silica hybrid materials
DOI: https://doi.org/10.1002/app.47335",property,378,PI/SiO hybrid material (13.16% SiO2),COMPASS,glass_transition_temp,687,"{""condition"": ""13.16% SiO2""}",https://doi.org/10.1002/app.47335,Molecular dynamics simulation study on the structure and properties of polyimide_silica hybrid materials,3211b341c035
"Polymer: PI/SiO hybrid material (13.16% SiO2)
Property: youngs_modulus = 4.552
Additional Info: {""condition"": ""13.16% SiO2""}
Force Field: COMPASS
Source: Molecular dynamics simulation study on the structure and properties of polyimide_silica hybrid materials
DOI: https://doi.org/10.1002/app.47335",property,379,PI/SiO hybrid material (13.16% SiO2),COMPASS,youngs_modulus,4.552,"{""condition"": ""13.16% SiO2""}",https://doi.org/10.1002/app.47335,Molecular dynamics simulation study on the structure and properties of polyimide_silica hybrid materials,65d9cf71986c
"Polymer: Pure Polyimide (PI)
Property: density = 1.33
Additional Info: {""condition"": ""Pure polymer system""}
Force Field: COMPASS
Source: Molecular dynamics simulation study on the structure and properties of polyimide_silica hybrid materials
DOI: https://doi.org/10.1002/app.47335",property,380,Pure Polyimide (PI),COMPASS,density,1.33,"{""condition"": ""Pure polymer system""}",https://doi.org/10.1002/app.47335,Molecular dynamics simulation study on the structure and properties of polyimide_silica hybrid materials,742fe943f475
"Polymer: Pure Polyimide (PI)
Property: glass_transition_temp = 679
Additional Info: {""condition"": ""Pure polymer system""}
Force Field: COMPASS
Source: Molecular dynamics simulation study on the structure and properties of polyimide_silica hybrid materials
DOI: https://doi.org/10.1002/app.47335",property,381,Pure Polyimide (PI),COMPASS,glass_transition_temp,679,"{""condition"": ""Pure polymer system""}",https://doi.org/10.1002/app.47335,Molecular dynamics simulation study on the structure and properties of polyimide_silica hybrid materials,44f50b18fed8
"Polymer: DGEBA (diglycidyl ether of bisphenol A) cured with DETDA (diethylene toluene diamine)
Property: glass_transition_temp = 396-430
Additional Info: {}
Force Field: COMPASS
Source: Molecular modeling of elastic properties of thermosetting polymers using a_dynamic deformation approach
DOI: https://doi.org/10.1016/j.polymer.2013.04.034",property,400,DGEBA (diglycidyl ether of bisphenol A) cured with DETDA (diethylene toluene diamine),COMPASS,glass_transition_temp,396-430,{},https://doi.org/10.1016/j.polymer.2013.04.034,Molecular modeling of elastic properties of thermosetting polymers using a_dynamic deformation approach,f517e48fcb26
"Polymer: DGEBA (diglycidyl ether of bisphenol A) cured with DETDA (diethylene toluene diamine)(monomer-based)
Property: glass_transition_temp = 396-430
Additional Info: {""condition"": ""Monomer-based""}
Force Field: COMPASS
Source: Molecular modeling of elastic properties of thermosetting polymers using a_dynamic deformation approach
DOI: https://doi.org/10.1016/j.polymer.2013.04.034",property,402,DGEBA (diglycidyl ether of bisphenol A) cured with DETDA (diethylene toluene diamine)(monomer-based),COMPASS,glass_transition_temp,396-430,"{""condition"": ""Monomer-based""}",https://doi.org/10.1016/j.polymer.2013.04.034,Molecular modeling of elastic properties of thermosetting polymers using a_dynamic deformation approach,1d9f8acfddb5
"Polymer: DGEBA (diglycidyl ether of bisphenol A) cured with DETDA (diethylene toluene diamine)(dimer-based)
Property: glass_transition_temp = 396-430
Additional Info: {""condition"": ""Dimer-based""}
Force Field: COMPASS
Source: Molecular modeling of elastic properties of thermosetting polymers using a_dynamic deformation approach
DOI: https://doi.org/10.1016/j.polymer.2013.04.034",property,404,DGEBA (diglycidyl ether of bisphenol A) cured with DETDA (diethylene toluene diamine)(dimer-based),COMPASS,glass_transition_temp,396-430,"{""condition"": ""Dimer-based""}",https://doi.org/10.1016/j.polymer.2013.04.034,Molecular modeling of elastic properties of thermosetting polymers using a_dynamic deformation approach,3ff66725b05b
"Polymer: DGEBA (diglycidyl ether of bisphenol A) cured with DETDA (diethylene toluene diamine) (tetramer-based)
Property: glass_transition_temp = 396-430
Additional Info: {""condition"": ""Tetramer-based""}
Force Field: COMPASS
Source: Molecular modeling of elastic properties of thermosetting polymers using a_dynamic deformation approach
DOI: https://doi.org/10.1016/j.polymer.2013.04.034",property,405,DGEBA (diglycidyl ether of bisphenol A) cured with DETDA (diethylene toluene diamine) (tetramer-based),COMPASS,glass_transition_temp,396-430,"{""condition"": ""Tetramer-based""}",https://doi.org/10.1016/j.polymer.2013.04.034,Molecular modeling of elastic properties of thermosetting polymers using a_dynamic deformation approach,67cbd3cfb828
"Polymer: An Epoxy Resin (DGEBU/IPDA)
Property: density = 1.0503
Additional Info: {}
Force Field: CHARMM
Source: Molecular Simulations of Thermomechanical Properties of EpoxyAmine Resins
DOI: https://doi.org/10.1021/acsomega.2c03071",property,406,An Epoxy Resin (DGEBU/IPDA),CHARMM,density,1.0503,{},https://doi.org/10.1021/acsomega.2c03071,Molecular Simulations of Thermomechanical Properties of EpoxyAmine Resins,e9da361c9030
"Polymer: An Epoxy Resin (DGEBU/IPDA)
Property: youngs_modulus = 2.23
Additional Info: {}
Force Field: CHARMM
Source: Molecular Simulations of Thermomechanical Properties of EpoxyAmine Resins
DOI: https://doi.org/10.1021/acsomega.2c03071",property,408,An Epoxy Resin (DGEBU/IPDA),CHARMM,youngs_modulus,2.23,{},https://doi.org/10.1021/acsomega.2c03071,Molecular Simulations of Thermomechanical Properties of EpoxyAmine Resins,ee1c1fbdd1e0
"Polymer: An Epoxy Resin (DGEBA/DETA)
Property: density = 1.1113
Additional Info: {}
Force Field: CHARMM
Source: Molecular Simulations of Thermomechanical Properties of EpoxyAmine Resins
DOI: https://doi.org/10.1021/acsomega.2c03071",property,409,An Epoxy Resin (DGEBA/DETA),CHARMM,density,1.1113,{},https://doi.org/10.1021/acsomega.2c03071,Molecular Simulations of Thermomechanical Properties of EpoxyAmine Resins,8cdabf42c7dc
"Polymer: An Epoxy Resin (DGEBA/DETA)
Property: youngs_modulus = 2.57
Additional Info: {}
Force Field: CHARMM
Source: Molecular Simulations of Thermomechanical Properties of EpoxyAmine Resins
DOI: https://doi.org/10.1021/acsomega.2c03071",property,411,An Epoxy Resin (DGEBA/DETA),CHARMM,youngs_modulus,2.57,{},https://doi.org/10.1021/acsomega.2c03071,Molecular Simulations of Thermomechanical Properties of EpoxyAmine Resins,ef813e2a106f
"Polymer: An Epoxy Resin (DGEBA/EDA)
Property: density = 1.1253
Additional Info: {}
Force Field: CHARMM
Source: Molecular Simulations of Thermomechanical Properties of EpoxyAmine Resins
DOI: https://doi.org/10.1021/acsomega.2c03071",property,412,An Epoxy Resin (DGEBA/EDA),CHARMM,density,1.1253,{},https://doi.org/10.1021/acsomega.2c03071,Molecular Simulations of Thermomechanical Properties of EpoxyAmine Resins,a2fca83d16a4
"Polymer: An Epoxy Resin (DGEBA/EDA)
Property: youngs_modulus = 2.79
Additional Info: {}
Force Field: CHARMM
Source: Molecular Simulations of Thermomechanical Properties of EpoxyAmine Resins
DOI: https://doi.org/10.1021/acsomega.2c03071",property,414,An Epoxy Resin (DGEBA/EDA),CHARMM,youngs_modulus,2.79,{},https://doi.org/10.1021/acsomega.2c03071,Molecular Simulations of Thermomechanical Properties of EpoxyAmine Resins,e58140fc9b70
"Polymer: An Epoxy Resin (DGEBA/IPDA)
Property: density = 1.0845
Additional Info: {}
Force Field: CHARMM
Source: Molecular Simulations of Thermomechanical Properties of EpoxyAmine Resins
DOI: https://doi.org/10.1021/acsomega.2c03071",property,415,An Epoxy Resin (DGEBA/IPDA),CHARMM,density,1.0845,{},https://doi.org/10.1021/acsomega.2c03071,Molecular Simulations of Thermomechanical Properties of EpoxyAmine Resins,28b0d99bed00
"Polymer: An Epoxy Resin (DGEBA/IPDA)
Property: youngs_modulus = 2.56
Additional Info: {}
Force Field: CHARMM
Source: Molecular Simulations of Thermomechanical Properties of EpoxyAmine Resins
DOI: https://doi.org/10.1021/acsomega.2c03071",property,417,An Epoxy Resin (DGEBA/IPDA),CHARMM,youngs_modulus,2.56,{},https://doi.org/10.1021/acsomega.2c03071,Molecular Simulations of Thermomechanical Properties of EpoxyAmine Resins,1e1ffa070200
"Polymer: An Epoxy Resin (DGEBA/MMIPA)
Property: density = 1.0753
Additional Info: {}
Force Field: CHARMM
Source: Molecular Simulations of Thermomechanical Properties of EpoxyAmine Resins
DOI: https://doi.org/10.1021/acsomega.2c03071",property,418,An Epoxy Resin (DGEBA/MMIPA),CHARMM,density,1.0753,{},https://doi.org/10.1021/acsomega.2c03071,Molecular Simulations of Thermomechanical Properties of EpoxyAmine Resins,d5a3a06abe2e
"Polymer: An Epoxy Resin (DGEBA/MMIPA)
Property: youngs_modulus = 2.19
Additional Info: {}
Force Field: CHARMM
Source: Molecular Simulations of Thermomechanical Properties of EpoxyAmine Resins
DOI: https://doi.org/10.1021/acsomega.2c03071",property,419,An Epoxy Resin (DGEBA/MMIPA),CHARMM,youngs_modulus,2.19,{},https://doi.org/10.1021/acsomega.2c03071,Molecular Simulations of Thermomechanical Properties of EpoxyAmine Resins,efe7561792be
"Polymer: An Epoxy Resin (DGEBA/MXDA)
Property: density = 1.1243
Additional Info: {}
Force Field: CHARMM
Source: Molecular Simulations of Thermomechanical Properties of EpoxyAmine Resins
DOI: https://doi.org/10.1021/acsomega.2c03071",property,420,An Epoxy Resin (DGEBA/MXDA),CHARMM,density,1.1243,{},https://doi.org/10.1021/acsomega.2c03071,Molecular Simulations of Thermomechanical Properties of EpoxyAmine Resins,5645915d4018
"Polymer: An Epoxy Resin (DGEBA/MXDA)
Property: youngs_modulus = 3.41
Additional Info: {}
Force Field: CHARMM
Source: Molecular Simulations of Thermomechanical Properties of EpoxyAmine Resins
DOI: https://doi.org/10.1021/acsomega.2c03071",property,421,An Epoxy Resin (DGEBA/MXDA),CHARMM,youngs_modulus,3.41,{},https://doi.org/10.1021/acsomega.2c03071,Molecular Simulations of Thermomechanical Properties of EpoxyAmine Resins,0d43da10b58f
"Polymer: An Epoxy Resin (DGEBA/TEPA)
Property: density = 1.1022
Additional Info: {}
Force Field: CHARMM
Source: Molecular Simulations of Thermomechanical Properties of EpoxyAmine Resins
DOI: https://doi.org/10.1021/acsomega.2c03071",property,422,An Epoxy Resin (DGEBA/TEPA),CHARMM,density,1.1022,{},https://doi.org/10.1021/acsomega.2c03071,Molecular Simulations of Thermomechanical Properties of EpoxyAmine Resins,3e20d190790d
"Polymer: An Epoxy Resin (DGEBA/TEPA)
Property: youngs_modulus = 2.43
Additional Info: {}
Force Field: CHARMM
Source: Molecular Simulations of Thermomechanical Properties of EpoxyAmine Resins
DOI: https://doi.org/10.1021/acsomega.2c03071",property,424,An Epoxy Resin (DGEBA/TEPA),CHARMM,youngs_modulus,2.43,{},https://doi.org/10.1021/acsomega.2c03071,Molecular Simulations of Thermomechanical Properties of EpoxyAmine Resins,daa4b7c93c8b
"Polymer: An Epoxy Resin (DGEBA/TTDA)
Property: density = 1.1162
Additional Info: {}
Force Field: CHARMM
Source: Molecular Simulations of Thermomechanical Properties of EpoxyAmine Resins
DOI: https://doi.org/10.1021/acsomega.2c03071",property,425,An Epoxy Resin (DGEBA/TTDA),CHARMM,density,1.1162,{},https://doi.org/10.1021/acsomega.2c03071,Molecular Simulations of Thermomechanical Properties of EpoxyAmine Resins,7e3194cb4b62
"Polymer: An Epoxy Resin (DGEBA/TTDA)
Property: youngs_modulus = 2.15
Additional Info: {}
Force Field: CHARMM
Source: Molecular Simulations of Thermomechanical Properties of EpoxyAmine Resins
DOI: https://doi.org/10.1021/acsomega.2c03071",property,427,An Epoxy Resin (DGEBA/TTDA),CHARMM,youngs_modulus,2.15,{},https://doi.org/10.1021/acsomega.2c03071,Molecular Simulations of Thermomechanical Properties of EpoxyAmine Resins,6fae92aa36bf
"Polymer: An Epoxy Resin (DGEBF/IPDA)
Property: density = 1.1024
Additional Info: {}
Force Field: CHARMM
Source: Molecular Simulations of Thermomechanical Properties of EpoxyAmine Resins
DOI: https://doi.org/10.1021/acsomega.2c03071",property,428,An Epoxy Resin (DGEBF/IPDA),CHARMM,density,1.1024,{},https://doi.org/10.1021/acsomega.2c03071,Molecular Simulations of Thermomechanical Properties of EpoxyAmine Resins,52f84d6f85f3
"Polymer: An Epoxy Resin (DGEBF/IPDA)
Property: youngs_modulus = 1.92
Additional Info: {}
Force Field: CHARMM
Source: Molecular Simulations of Thermomechanical Properties of EpoxyAmine Resins
DOI: https://doi.org/10.1021/acsomega.2c03071",property,430,An Epoxy Resin (DGEBF/IPDA),CHARMM,youngs_modulus,1.92,{},https://doi.org/10.1021/acsomega.2c03071,Molecular Simulations of Thermomechanical Properties of EpoxyAmine Resins,ed8c713fa41b
"Polymer: An Epoxy Resin (DGEVA/DETA)
Property: density = 1.1792
Additional Info: {}
Force Field: CHARMM
Source: Molecular Simulations of Thermomechanical Properties of EpoxyAmine Resins
DOI: https://doi.org/10.1021/acsomega.2c03071",property,431,An Epoxy Resin (DGEVA/DETA),CHARMM,density,1.1792,{},https://doi.org/10.1021/acsomega.2c03071,Molecular Simulations of Thermomechanical Properties of EpoxyAmine Resins,3df14104cc26
"Polymer: An Epoxy Resin (DGEVA/DETA)
Property: youngs_modulus = 2.57
Additional Info: {}
Force Field: CHARMM
Source: Molecular Simulations of Thermomechanical Properties of EpoxyAmine Resins
DOI: https://doi.org/10.1021/acsomega.2c03071",property,433,An Epoxy Resin (DGEVA/DETA),CHARMM,youngs_modulus,2.57,{},https://doi.org/10.1021/acsomega.2c03071,Molecular Simulations of Thermomechanical Properties of EpoxyAmine Resins,5e71d745b369
"Polymer: An Epoxy Resin (DGEVA/IPDA)
Property: density = 1.1546
Additional Info: {}
Force Field: CHARMM
Source: Molecular Simulations of Thermomechanical Properties of EpoxyAmine Resins
DOI: https://doi.org/10.1021/acsomega.2c03071",property,434,An Epoxy Resin (DGEVA/IPDA),CHARMM,density,1.1546,{},https://doi.org/10.1021/acsomega.2c03071,Molecular Simulations of Thermomechanical Properties of EpoxyAmine Resins,3eb0a7a792a1
"Polymer: An Epoxy Resin (DGEVA/IPDA)
Property: youngs_modulus = 3.99
Additional Info: {}
Force Field: CHARMM
Source: Molecular Simulations of Thermomechanical Properties of EpoxyAmine Resins
DOI: https://doi.org/10.1021/acsomega.2c03071",property,436,An Epoxy Resin (DGEVA/IPDA),CHARMM,youngs_modulus,3.99,{},https://doi.org/10.1021/acsomega.2c03071,Molecular Simulations of Thermomechanical Properties of EpoxyAmine Resins,951b39bfb5ac
"Polymer: An Epoxy Resin (DGEVA/MDEA)
Property: density = 1.1444
Additional Info: {}
Force Field: CHARMM
Source: Molecular Simulations of Thermomechanical Properties of EpoxyAmine Resins
DOI: https://doi.org/10.1021/acsomega.2c03071",property,437,An Epoxy Resin (DGEVA/MDEA),CHARMM,density,1.1444,{},https://doi.org/10.1021/acsomega.2c03071,Molecular Simulations of Thermomechanical Properties of EpoxyAmine Resins,4327822af7a4
"Polymer: An Epoxy Resin (DGEVA/MDEA)
Property: youngs_modulus = 3.23
Additional Info: {}
Force Field: CHARMM
Source: Molecular Simulations of Thermomechanical Properties of EpoxyAmine Resins
DOI: https://doi.org/10.1021/acsomega.2c03071",property,439,An Epoxy Resin (DGEVA/MDEA),CHARMM,youngs_modulus,3.23,{},https://doi.org/10.1021/acsomega.2c03071,Molecular Simulations of Thermomechanical Properties of EpoxyAmine Resins,d69d9628350c
"Polymer: An Epoxy Resin (DGEVA/MXDA)
Property: density = 1.2193
Additional Info: {}
Force Field: CHARMM
Source: Molecular Simulations of Thermomechanical Properties of EpoxyAmine Resins
DOI: https://doi.org/10.1021/acsomega.2c03071",property,440,An Epoxy Resin (DGEVA/MXDA),CHARMM,density,1.2193,{},https://doi.org/10.1021/acsomega.2c03071,Molecular Simulations of Thermomechanical Properties of EpoxyAmine Resins,3e905d4494d8
"Polymer: An Epoxy Resin (DGEVA/MXDA)
Property: youngs_modulus = 3.41
Additional Info: {}
Force Field: CHARMM
Source: Molecular Simulations of Thermomechanical Properties of EpoxyAmine Resins
DOI: https://doi.org/10.1021/acsomega.2c03071",property,442,An Epoxy Resin (DGEVA/MXDA),CHARMM,youngs_modulus,3.41,{},https://doi.org/10.1021/acsomega.2c03071,Molecular Simulations of Thermomechanical Properties of EpoxyAmine Resins,56370d385672
"Polymer: An Epoxy Resin (PHTE/IPDA)
Property: density = 1.1085
Additional Info: {}
Force Field: CHARMM
Source: Molecular Simulations of Thermomechanical Properties of EpoxyAmine Resins
DOI: https://doi.org/10.1021/acsomega.2c03071",property,443,An Epoxy Resin (PHTE/IPDA),CHARMM,density,1.1085,{},https://doi.org/10.1021/acsomega.2c03071,Molecular Simulations of Thermomechanical Properties of EpoxyAmine Resins,81e45ee23ee0
"Polymer: An Epoxy Resin (PHTE/IPDA)
Property: youngs_modulus = 3.99
Additional Info: {}
Force Field: CHARMM
Source: Molecular Simulations of Thermomechanical Properties of EpoxyAmine Resins
DOI: https://doi.org/10.1021/acsomega.2c03071",property,445,An Epoxy Resin (PHTE/IPDA),CHARMM,youngs_modulus,3.99,{},https://doi.org/10.1021/acsomega.2c03071,Molecular Simulations of Thermomechanical Properties of EpoxyAmine Resins,4b47ad5c7bf8
"Polymer: An Epoxy Resin (PHTE/MDEA)
Property: density = 1.1046
Additional Info: {}
Force Field: CHARMM
Source: Molecular Simulations of Thermomechanical Properties of EpoxyAmine Resins
DOI: https://doi.org/10.1021/acsomega.2c03071",property,446,An Epoxy Resin (PHTE/MDEA),CHARMM,density,1.1046,{},https://doi.org/10.1021/acsomega.2c03071,Molecular Simulations of Thermomechanical Properties of EpoxyAmine Resins,74b0ecbc2d70
"Polymer: An Epoxy Resin (PHTE/MDEA)
Property: youngs_modulus = 3.71
Additional Info: {}
Force Field: CHARMM
Source: Molecular Simulations of Thermomechanical Properties of EpoxyAmine Resins
DOI: https://doi.org/10.1021/acsomega.2c03071",property,448,An Epoxy Resin (PHTE/MDEA),CHARMM,youngs_modulus,3.71,{},https://doi.org/10.1021/acsomega.2c03071,Molecular Simulations of Thermomechanical Properties of EpoxyAmine Resins,096f4ed465bf
"Polymer: An Epoxy Resin (PHTE/MXDA)
Property: density = 1.2025
Additional Info: {}
Force Field: CHARMM
Source: Molecular Simulations of Thermomechanical Properties of EpoxyAmine Resins
DOI: https://doi.org/10.1021/acsomega.2c03071",property,449,An Epoxy Resin (PHTE/MXDA),CHARMM,density,1.2025,{},https://doi.org/10.1021/acsomega.2c03071,Molecular Simulations of Thermomechanical Properties of EpoxyAmine Resins,d76774398297
"Polymer: An Epoxy Resin (PHTE/MXDA)
Property: youngs_modulus = 4.88
Additional Info: {}
Force Field: CHARMM
Source: Molecular Simulations of Thermomechanical Properties of EpoxyAmine Resins
DOI: https://doi.org/10.1021/acsomega.2c03071",property,451,An Epoxy Resin (PHTE/MXDA),CHARMM,youngs_modulus,4.88,{},https://doi.org/10.1021/acsomega.2c03071,Molecular Simulations of Thermomechanical Properties of EpoxyAmine Resins,d53b0c74318e
"Polymer: Polyethylene (PE) C50 (25 ethylene units)
Property: density = 0.7426
Additional Info: {""condition"": ""C50 chain in hexane solution""}
Force Field: United-atom (UA) polyethylene force field
Source: Multiscale simulation of polymer melt viscoelasticity_ Expanded-ensemble Monte Carlo coupled with atomistic nonequilibrium molecular dynamics
DOI: https://doi.org/10.1103/physrevb.79.144302",property,452,Polyethylene (PE) C50 (25 ethylene units),United-atom (UA) polyethylene force field,density,0.7426,"{""condition"": ""C50 chain in hexane solution""}",https://doi.org/10.1103/physrevb.79.144302,Multiscale simulation of polymer melt viscoelasticity_ Expanded-ensemble Monte Carlo coupled with atomistic nonequilibrium molecular dynamics,2f179340553d
"Polymer: Polyethylene (PE) C78 (39 ethylene units)
Property: density = 0.7638
Additional Info: {""condition"": ""C78 chain in hexane solution""}
Force Field: United-atom (UA) polyethylene force field
Source: Multiscale simulation of polymer melt viscoelasticity_ Expanded-ensemble Monte Carlo coupled with atomistic nonequilibrium molecular dynamics
DOI: https://doi.org/10.1103/physrevb.79.144302",property,453,Polyethylene (PE) C78 (39 ethylene units),United-atom (UA) polyethylene force field,density,0.7638,"{""condition"": ""C78 chain in hexane solution""}",https://doi.org/10.1103/physrevb.79.144302,Multiscale simulation of polymer melt viscoelasticity_ Expanded-ensemble Monte Carlo coupled with atomistic nonequilibrium molecular dynamics,37d67cf8a0dc
"Polymer: Polyethylene (PE) C128 (64 ethylene units)
Property: density = 0.7754
Additional Info: {""condition"": ""C128 chain in hexane solution""}
Force Field: United-atom (UA) polyethylene force field
Source: Multiscale simulation of polymer melt viscoelasticity_ Expanded-ensemble Monte Carlo coupled with atomistic nonequilibrium molecular dynamics
DOI: https://doi.org/10.1103/physrevb.79.144302",property,454,Polyethylene (PE) C128 (64 ethylene units),United-atom (UA) polyethylene force field,density,0.7754,"{""condition"": ""C128 chain in hexane solution""}",https://doi.org/10.1103/physrevb.79.144302,Multiscale simulation of polymer melt viscoelasticity_ Expanded-ensemble Monte Carlo coupled with atomistic nonequilibrium molecular dynamics,3d16037b800f
"Polymer: Isotactic Poly(methyl methacrylate)
Property: density = 1.0517
Additional Info: {}
Force Field: CG potentials via Ref 16
Source: Multiscale simulations of the structure and dynamics of stereoregular poly_methyl methacrylate_s
DOI: https://doi.org/10.1007/s00894-014-2377-3",property,455,Isotactic Poly(methyl methacrylate),CG potentials via Ref 16,density,1.0517,{},https://doi.org/10.1007/s00894-014-2377-3,Multiscale simulations of the structure and dynamics of stereoregular poly_methyl methacrylate_s,ae38439c202e
"Polymer: Isotactic Poly(methyl methacrylate)
Property: radius_gyration = 0.907
Additional Info: {}
Force Field: CG potentials via Ref 16
Source: Multiscale simulations of the structure and dynamics of stereoregular poly_methyl methacrylate_s
DOI: https://doi.org/10.1007/s00894-014-2377-3",property,456,Isotactic Poly(methyl methacrylate),CG potentials via Ref 16,radius_gyration,0.907,{},https://doi.org/10.1007/s00894-014-2377-3,Multiscale simulations of the structure and dynamics of stereoregular poly_methyl methacrylate_s,feb4fc36cb8f
"Polymer: Syndiotactic Poly(methyl methacrylate)
Property: density = 1.0451
Additional Info: {}
Force Field: CG potentials via Ref 16
Source: Multiscale simulations of the structure and dynamics of stereoregular poly_methyl methacrylate_s
DOI: https://doi.org/10.1007/s00894-014-2377-3",property,457,Syndiotactic Poly(methyl methacrylate),CG potentials via Ref 16,density,1.0451,{},https://doi.org/10.1007/s00894-014-2377-3,Multiscale simulations of the structure and dynamics of stereoregular poly_methyl methacrylate_s,c9dfa49151f7
"Polymer: Syndiotactic Poly(methyl methacrylate)
Property: radius_gyration = 0.858
Additional Info: {}
Force Field: CG potentials via Ref 16
Source: Multiscale simulations of the structure and dynamics of stereoregular poly_methyl methacrylate_s
DOI: https://doi.org/10.1007/s00894-014-2377-3",property,458,Syndiotactic Poly(methyl methacrylate),CG potentials via Ref 16,radius_gyration,0.858,{},https://doi.org/10.1007/s00894-014-2377-3,Multiscale simulations of the structure and dynamics of stereoregular poly_methyl methacrylate_s,a8430b2efe24
"Polymer: Polybutadiene (120 beads, Mw=3210 g/mol)
Property: density = 0.8197
Additional Info: {""condition"": ""120-mer, Mw=3210 g/mol""}
Force Field: SAFT-γ-Mie CGMD
Source: Oligomer/Polymer Blend Phase Diagram and Surface Concentration Profiles for Squalane/Polybutadiene: Experimental Measurements and Predictions from SAFT-Œ≥ Mie and Molecular Dynamics Simulations
DOI: https://doi.org/10.1021/acs.macromol.9b02155",property,459,"Polybutadiene (120 beads, Mw=3210 g/mol)",SAFT-γ-Mie CGMD,density,0.8197,"{""condition"": ""120-mer, Mw=3210 g/mol""}",https://doi.org/10.1021/acs.macromol.9b02155,Oligomer/Polymer Blend Phase Diagram and Surface Concentration Profiles for Squalane/Polybutadiene: Experimental Measurements and Predictions from SAFT-Œ≥ Mie and Molecular Dynamics Simulations,f4398ec2295e
"Polymer: Poly(ethylene glycol) 200
Property: density = 1.1035
Additional Info: {""condition"": ""Average Mn = 200 g/mol""}
Force Field: OPLS
Source: On the Behavior of the Ethylene Glycol Components of Polydisperse Polyethylene Glycol PEG200
DOI: https://doi.org/10.1021/acs.jpcb.2c06773",property,460,Poly(ethylene glycol) 200,OPLS,density,1.1035,"{""condition"": ""Average Mn = 200 g/mol""}",https://doi.org/10.1021/acs.jpcb.2c06773,On the Behavior of the Ethylene Glycol Components of Polydisperse Polyethylene Glycol PEG200,95786754aa1b
"Polymer: Poly(ethylene glycol) 200
Property: diffusion_coefficient = 1.28e-11
Additional Info: {""condition"": ""Average Mn = 200 g/mol""}
Force Field: OPLS
Source: On the Behavior of the Ethylene Glycol Components of Polydisperse Polyethylene Glycol PEG200
DOI: https://doi.org/10.1021/acs.jpcb.2c06773",property,461,Poly(ethylene glycol) 200,OPLS,diffusion_coefficient,1.28e-11,"{""condition"": ""Average Mn = 200 g/mol""}",https://doi.org/10.1021/acs.jpcb.2c06773,On the Behavior of the Ethylene Glycol Components of Polydisperse Polyethylene Glycol PEG200,043670c09401
"Polymer: Poly(ethylene glycol) 200
Property: viscosity = 0.0844
Additional Info: {""condition"": ""Average Mn = 200 g/mol""}
Force Field: OPLS
Source: On the Behavior of the Ethylene Glycol Components of Polydisperse Polyethylene Glycol PEG200
DOI: https://doi.org/10.1021/acs.jpcb.2c06773",property,462,Poly(ethylene glycol) 200,OPLS,viscosity,0.0844,"{""condition"": ""Average Mn = 200 g/mol""}",https://doi.org/10.1021/acs.jpcb.2c06773,On the Behavior of the Ethylene Glycol Components of Polydisperse Polyethylene Glycol PEG200,37ebc5efa47f
"Polymer: Poly(ethylene glycol) 200
Property: density = 1.0903
Additional Info: {""condition"": ""Average Mn = 200 g/mol""}
Force Field: Modified OPLS
Source: On the Behavior of the Ethylene Glycol Components of Polydisperse Polyethylene Glycol PEG200
DOI: https://doi.org/10.1021/acs.jpcb.2c06773",property,463,Poly(ethylene glycol) 200,Modified OPLS,density,1.0903,"{""condition"": ""Average Mn = 200 g/mol""}",https://doi.org/10.1021/acs.jpcb.2c06773,On the Behavior of the Ethylene Glycol Components of Polydisperse Polyethylene Glycol PEG200,9d8fc21a586f
"Polymer: Poly(ethylene glycol) 200
Property: diffusion_coefficient = 3.32e-11
Additional Info: {""condition"": ""Average Mn = 200 g/mol""}
Force Field: Modified OPLS
Source: On the Behavior of the Ethylene Glycol Components of Polydisperse Polyethylene Glycol PEG200
DOI: https://doi.org/10.1021/acs.jpcb.2c06773",property,464,Poly(ethylene glycol) 200,Modified OPLS,diffusion_coefficient,3.32e-11,"{""condition"": ""Average Mn = 200 g/mol""}",https://doi.org/10.1021/acs.jpcb.2c06773,On the Behavior of the Ethylene Glycol Components of Polydisperse Polyethylene Glycol PEG200,cf7ef98fc779
"Polymer: Poly(ethylene glycol) 200
Property: viscosity = 0.0322
Additional Info: {""condition"": ""Average Mn = 200 g/mol""}
Force Field: Modified OPLS
Source: On the Behavior of the Ethylene Glycol Components of Polydisperse Polyethylene Glycol PEG200
DOI: https://doi.org/10.1021/acs.jpcb.2c06773",property,465,Poly(ethylene glycol) 200,Modified OPLS,viscosity,0.0322,"{""condition"": ""Average Mn = 200 g/mol""}",https://doi.org/10.1021/acs.jpcb.2c06773,On the Behavior of the Ethylene Glycol Components of Polydisperse Polyethylene Glycol PEG200,f4b32ca8c6fe
"Polymer: PCDTBT Oligomer (P6, 6 repeat units)
Property: glass_transition_temp = 388
Additional Info: {""condition"": ""6-mer""}
Force Field: General Amber Force Field (GAFF) with new parametrization
Source: PCDTBT- Force Field Parameterization and Properties by Molecular Dynamics Simulation
DOI: https://doi.org/10.1021/acs.jpcb.4c08393",property,466,"PCDTBT Oligomer (P6, 6 repeat units)",General Amber Force Field (GAFF) with new parametrization,glass_transition_temp,388,"{""condition"": ""6-mer""}",https://doi.org/10.1021/acs.jpcb.4c08393,PCDTBT- Force Field Parameterization and Properties by Molecular Dynamics Simulation,d1bb839ec831
"Polymer: PCDTBT Oligomer (P8, 8 repeat units)
Property: glass_transition_temp = 403
Additional Info: {""condition"": ""8-mer""}
Force Field: General Amber Force Field (GAFF) with new parametrization
Source: PCDTBT- Force Field Parameterization and Properties by Molecular Dynamics Simulation
DOI: https://doi.org/10.1021/acs.jpcb.4c08393",property,467,"PCDTBT Oligomer (P8, 8 repeat units)",General Amber Force Field (GAFF) with new parametrization,glass_transition_temp,403,"{""condition"": ""8-mer""}",https://doi.org/10.1021/acs.jpcb.4c08393,PCDTBT- Force Field Parameterization and Properties by Molecular Dynamics Simulation,1a46356c2d91
"Polymer: Polystyrene (PS120)
Property: radius_gyration = 6.5
Additional Info: {""condition"": ""120-mer""}
Force Field: united atom and coarse-grained MD (MARTINI)
Source: Polymer-Threaded and Polymer-Wrapped Wormlike Micelle Solutions_ Molecular Dynamics Simulations
DOI: https://doi.org/10.1021/acs.macromol.9b00974",property,468,Polystyrene (PS120),united atom and coarse-grained MD (MARTINI),radius_gyration,6.5,"{""condition"": ""120-mer""}",https://doi.org/10.1021/acs.macromol.9b00974,Polymer-Threaded and Polymer-Wrapped Wormlike Micelle Solutions_ Molecular Dynamics Simulations,ce46da61240a
"Polymer: Polystyrene (PS120)
Property: radius_gyration = 3.7
Additional Info: {""condition"": ""120-mer""}
Force Field: united atom and coarse-grained MD (MARTINI)
Source: Polymer-Threaded and Polymer-Wrapped Wormlike Micelle Solutions_ Molecular Dynamics Simulations
DOI: https://doi.org/10.1021/acs.macromol.9b00974",property,469,Polystyrene (PS120),united atom and coarse-grained MD (MARTINI),radius_gyration,3.7,"{""condition"": ""120-mer""}",https://doi.org/10.1021/acs.macromol.9b00974,Polymer-Threaded and Polymer-Wrapped Wormlike Micelle Solutions_ Molecular Dynamics Simulations,18480ec00d7c
"Polymer: Polycaprolactone (PCL30)
Property: radius_gyration = 3.4
Additional Info: {""condition"": ""30-mer""}
Force Field: united atom MD
Source: Polymer-Threaded and Polymer-Wrapped Wormlike Micelle Solutions_ Molecular Dynamics Simulations
DOI: https://doi.org/10.1021/acs.macromol.9b00974",property,470,Polycaprolactone (PCL30),united atom MD,radius_gyration,3.4,"{""condition"": ""30-mer""}",https://doi.org/10.1021/acs.macromol.9b00974,Polymer-Threaded and Polymer-Wrapped Wormlike Micelle Solutions_ Molecular Dynamics Simulations,ef32b5207a31
"Polymer: Polycaprolactone (PCL30)
Property: radius_gyration = 2.6
Additional Info: {""condition"": ""30-mer""}
Force Field: united atom MD
Source: Polymer-Threaded and Polymer-Wrapped Wormlike Micelle Solutions_ Molecular Dynamics Simulations
DOI: https://doi.org/10.1021/acs.macromol.9b00974",property,471,Polycaprolactone (PCL30),united atom MD,radius_gyration,2.6,"{""condition"": ""30-mer""}",https://doi.org/10.1021/acs.macromol.9b00974,Polymer-Threaded and Polymer-Wrapped Wormlike Micelle Solutions_ Molecular Dynamics Simulations,399818c1d1c5
"Polymer: Poly(4-vinylpyridine) (P4VP120)
Property: radius_gyration = 5
Additional Info: {""condition"": ""120-mer""}
Force Field: united atom MD
Source: Polymer-Threaded and Polymer-Wrapped Wormlike Micelle Solutions_ Molecular Dynamics Simulations
DOI: https://doi.org/10.1021/acs.macromol.9b00974",property,472,Poly(4-vinylpyridine) (P4VP120),united atom MD,radius_gyration,5,"{""condition"": ""120-mer""}",https://doi.org/10.1021/acs.macromol.9b00974,Polymer-Threaded and Polymer-Wrapped Wormlike Micelle Solutions_ Molecular Dynamics Simulations,0c340e5882cf
"Polymer: Atactic Polystyrene
Property: glass_transition_temp = 375
Additional Info: {}
Force Field: COMPASS
Source: Properties of polystyrene and polymethyl methacrylate copolymers of polyhedral oligomeric silsesquioxanes_ A molecular dynamics study
DOI: https://doi.org/10.1002/polb.20691",property,485,Atactic Polystyrene,COMPASS,glass_transition_temp,375,{},https://doi.org/10.1002/polb.20691,Properties of polystyrene and polymethyl methacrylate copolymers of polyhedral oligomeric silsesquioxanes_ A molecular dynamics study,6d9a6a762a1e
"Polymer: Atactic Polystyrene
Property: youngs_modulus = 4.3
Additional Info: {}
Force Field: COMPASS
Source: Properties of polystyrene and polymethyl methacrylate copolymers of polyhedral oligomeric silsesquioxanes_ A molecular dynamics study
DOI: https://doi.org/10.1002/polb.20691",property,486,Atactic Polystyrene,COMPASS,youngs_modulus,4.3,{},https://doi.org/10.1002/polb.20691,Properties of polystyrene and polymethyl methacrylate copolymers of polyhedral oligomeric silsesquioxanes_ A molecular dynamics study,eed4cbbd1d13
"Polymer: Styrene Copolymer 2a (4 mol% cyclopentyl-T8-POSS)
Property: glass_transition_temp = 380
Additional Info: {""condition"": ""4 mol% cyclopentyl-T8-POSS""}
Force Field: COMPASS
Source: Properties of polystyrene and polymethyl methacrylate copolymers of polyhedral oligomeric silsesquioxanes_ A molecular dynamics study
DOI: https://doi.org/10.1002/polb.20691",property,487,Styrene Copolymer 2a (4 mol% cyclopentyl-T8-POSS),COMPASS,glass_transition_temp,380,"{""condition"": ""4 mol% cyclopentyl-T8-POSS""}",https://doi.org/10.1002/polb.20691,Properties of polystyrene and polymethyl methacrylate copolymers of polyhedral oligomeric silsesquioxanes_ A molecular dynamics study,43a420d4df03
"Polymer: Styrene Copolymer 2a (4 mol% cyclopentyl-T8-POSS)
Property: youngs_modulus = 4.12
Additional Info: {""condition"": ""4 mol% cyclopentyl-T8-POSS""}
Force Field: COMPASS
Source: Properties of polystyrene and polymethyl methacrylate copolymers of polyhedral oligomeric silsesquioxanes_ A molecular dynamics study
DOI: https://doi.org/10.1002/polb.20691",property,488,Styrene Copolymer 2a (4 mol% cyclopentyl-T8-POSS),COMPASS,youngs_modulus,4.12,"{""condition"": ""4 mol% cyclopentyl-T8-POSS""}",https://doi.org/10.1002/polb.20691,Properties of polystyrene and polymethyl methacrylate copolymers of polyhedral oligomeric silsesquioxanes_ A molecular dynamics study,b8de7ef4b206
"Polymer: Styrene Copolymer 2b (4 mol% cyclohexyl-T8-POSS)
Property: glass_transition_temp = 383
Additional Info: {""condition"": ""4 mol% cyclohexyl-T8-POSS""}
Force Field: COMPASS
Source: Properties of polystyrene and polymethyl methacrylate copolymers of polyhedral oligomeric silsesquioxanes_ A molecular dynamics study
DOI: https://doi.org/10.1002/polb.20691",property,489,Styrene Copolymer 2b (4 mol% cyclohexyl-T8-POSS),COMPASS,glass_transition_temp,383,"{""condition"": ""4 mol% cyclohexyl-T8-POSS""}",https://doi.org/10.1002/polb.20691,Properties of polystyrene and polymethyl methacrylate copolymers of polyhedral oligomeric silsesquioxanes_ A molecular dynamics study,1b0919e4f453
"Polymer: Styrene Copolymer 2b (4 mol% cyclohexyl-T8-POSS)
Property: youngs_modulus = 5.25
Additional Info: {""condition"": ""4 mol% cyclohexyl-T8-POSS""}
Force Field: COMPASS
Source: Properties of polystyrene and polymethyl methacrylate copolymers of polyhedral oligomeric silsesquioxanes_ A molecular dynamics study
DOI: https://doi.org/10.1002/polb.20691",property,490,Styrene Copolymer 2b (4 mol% cyclohexyl-T8-POSS),COMPASS,youngs_modulus,5.25,"{""condition"": ""4 mol% cyclohexyl-T8-POSS""}",https://doi.org/10.1002/polb.20691,Properties of polystyrene and polymethyl methacrylate copolymers of polyhedral oligomeric silsesquioxanes_ A molecular dynamics study,de09d07dd5c6
"Polymer: Styrene Copolymer 2c (5 mol% isobutyl-T8-POSS)
Property: glass_transition_temp = 375
Additional Info: {""condition"": ""5 mol% isobutyl-T8-POSS""}
Force Field: COMPASS
Source: Properties of polystyrene and polymethyl methacrylate copolymers of polyhedral oligomeric silsesquioxanes_ A molecular dynamics study
DOI: https://doi.org/10.1002/polb.20691",property,491,Styrene Copolymer 2c (5 mol% isobutyl-T8-POSS),COMPASS,glass_transition_temp,375,"{""condition"": ""5 mol% isobutyl-T8-POSS""}",https://doi.org/10.1002/polb.20691,Properties of polystyrene and polymethyl methacrylate copolymers of polyhedral oligomeric silsesquioxanes_ A molecular dynamics study,47eeb405a450
"Polymer: Styrene Copolymer 2c (5 mol% isobutyl-T8-POSS)
Property: youngs_modulus = 3.93
Additional Info: {""condition"": ""5 mol% isobutyl-T8-POSS""}
Force Field: COMPASS
Source: Properties of polystyrene and polymethyl methacrylate copolymers of polyhedral oligomeric silsesquioxanes_ A molecular dynamics study
DOI: https://doi.org/10.1002/polb.20691",property,492,Styrene Copolymer 2c (5 mol% isobutyl-T8-POSS),COMPASS,youngs_modulus,3.93,"{""condition"": ""5 mol% isobutyl-T8-POSS""}",https://doi.org/10.1002/polb.20691,Properties of polystyrene and polymethyl methacrylate copolymers of polyhedral oligomeric silsesquioxanes_ A molecular dynamics study,8ed020905882
"Polymer: Styrene Copolymer 2d (4 mol% phenyl-T8-POSS)
Property: glass_transition_temp = 420
Additional Info: {""condition"": ""4 mol% phenyl-T8-POSS""}
Force Field: COMPASS
Source: Properties of polystyrene and polymethyl methacrylate copolymers of polyhedral oligomeric silsesquioxanes_ A molecular dynamics study
DOI: https://doi.org/10.1002/polb.20691",property,493,Styrene Copolymer 2d (4 mol% phenyl-T8-POSS),COMPASS,glass_transition_temp,420,"{""condition"": ""4 mol% phenyl-T8-POSS""}",https://doi.org/10.1002/polb.20691,Properties of polystyrene and polymethyl methacrylate copolymers of polyhedral oligomeric silsesquioxanes_ A molecular dynamics study,62e4e95eb477
"Polymer: Styrene Copolymer 5 (4 mol% phenyl-T10-POSS)
Property: glass_transition_temp = 425
Additional Info: {""condition"": ""4 mol% phenyl-T10-POSS""}
Force Field: COMPASS
Source: Properties of polystyrene and polymethyl methacrylate copolymers of polyhedral oligomeric silsesquioxanes_ A molecular dynamics study
DOI: https://doi.org/10.1002/polb.20691",property,494,Styrene Copolymer 5 (4 mol% phenyl-T10-POSS),COMPASS,glass_transition_temp,425,"{""condition"": ""4 mol% phenyl-T10-POSS""}",https://doi.org/10.1002/polb.20691,Properties of polystyrene and polymethyl methacrylate copolymers of polyhedral oligomeric silsesquioxanes_ A molecular dynamics study,3ca8606497a9
"Polymer: Styrene Copolymer 5 (4 mol% phenyl-T10-POSS)
Property: youngs_modulus = 6.87
Additional Info: {""condition"": ""4 mol% phenyl-T10-POSS""}
Force Field: COMPASS
Source: Properties of polystyrene and polymethyl methacrylate copolymers of polyhedral oligomeric silsesquioxanes_ A molecular dynamics study
DOI: https://doi.org/10.1002/polb.20691",property,495,Styrene Copolymer 5 (4 mol% phenyl-T10-POSS),COMPASS,youngs_modulus,6.87,"{""condition"": ""4 mol% phenyl-T10-POSS""}",https://doi.org/10.1002/polb.20691,Properties of polystyrene and polymethyl methacrylate copolymers of polyhedral oligomeric silsesquioxanes_ A molecular dynamics study,eaadf2287849
"Polymer: Styrene Copolymer 6 (4 mol% phenyl-T12-POSS)
Property: glass_transition_temp = 425
Additional Info: {""condition"": ""4 mol% phenyl-T12-POSS""}
Force Field: COMPASS
Source: Properties of polystyrene and polymethyl methacrylate copolymers of polyhedral oligomeric silsesquioxanes_ A molecular dynamics study
DOI: https://doi.org/10.1002/polb.20691",property,496,Styrene Copolymer 6 (4 mol% phenyl-T12-POSS),COMPASS,glass_transition_temp,425,"{""condition"": ""4 mol% phenyl-T12-POSS""}",https://doi.org/10.1002/polb.20691,Properties of polystyrene and polymethyl methacrylate copolymers of polyhedral oligomeric silsesquioxanes_ A molecular dynamics study,8162e5d81df1
"Polymer: Styrene Copolymer 6 (4 mol% phenyl-T12-POSS)
Property: youngs_modulus = 7.07
Additional Info: {""condition"": ""4 mol% phenyl-T12-POSS""}
Force Field: COMPASS
Source: Properties of polystyrene and polymethyl methacrylate copolymers of polyhedral oligomeric silsesquioxanes_ A molecular dynamics study
DOI: https://doi.org/10.1002/polb.20691",property,497,Styrene Copolymer 6 (4 mol% phenyl-T12-POSS),COMPASS,youngs_modulus,7.07,"{""condition"": ""4 mol% phenyl-T12-POSS""}",https://doi.org/10.1002/polb.20691,Properties of polystyrene and polymethyl methacrylate copolymers of polyhedral oligomeric silsesquioxanes_ A molecular dynamics study,2b26605b3f70
"Polymer: Syndiotactic PMMA
Property: glass_transition_temp = 415
Additional Info: {}
Force Field: COMPASS
Source: Properties of polystyrene and polymethyl methacrylate copolymers of polyhedral oligomeric silsesquioxanes_ A molecular dynamics study
DOI: https://doi.org/10.1002/polb.20691",property,498,Syndiotactic PMMA,COMPASS,glass_transition_temp,415,{},https://doi.org/10.1002/polb.20691,Properties of polystyrene and polymethyl methacrylate copolymers of polyhedral oligomeric silsesquioxanes_ A molecular dynamics study,437693df942c
"Polymer: Syndiotactic PMMA
Property: youngs_modulus = 4.39
Additional Info: {}
Force Field: COMPASS
Source: Properties of polystyrene and polymethyl methacrylate copolymers of polyhedral oligomeric silsesquioxanes_ A molecular dynamics study
DOI: https://doi.org/10.1002/polb.20691",property,499,Syndiotactic PMMA,COMPASS,youngs_modulus,4.39,{},https://doi.org/10.1002/polb.20691,Properties of polystyrene and polymethyl methacrylate copolymers of polyhedral oligomeric silsesquioxanes_ A molecular dynamics study,52f0533a0d0b
"Polymer: Methyl methacrylate Copolymer 8a (1 mol% isobutyl-T8-POSS)
Property: glass_transition_temp = 415
Additional Info: {""condition"": ""1 mol% isobutyl-T8-POSS""}
Force Field: COMPASS
Source: Properties of polystyrene and polymethyl methacrylate copolymers of polyhedral oligomeric silsesquioxanes_ A molecular dynamics study
DOI: https://doi.org/10.1002/polb.20691",property,500,Methyl methacrylate Copolymer 8a (1 mol% isobutyl-T8-POSS),COMPASS,glass_transition_temp,415,"{""condition"": ""1 mol% isobutyl-T8-POSS""}",https://doi.org/10.1002/polb.20691,Properties of polystyrene and polymethyl methacrylate copolymers of polyhedral oligomeric silsesquioxanes_ A molecular dynamics study,fc43ef0d4d42
"Polymer: Methyl methacrylate Copolymer 8a (1 mol% isobutyl-T8-POSS)
Property: youngs_modulus = 4.59
Additional Info: {""condition"": ""1 mol% isobutyl-T8-POSS""}
Force Field: COMPASS
Source: Properties of polystyrene and polymethyl methacrylate copolymers of polyhedral oligomeric silsesquioxanes_ A molecular dynamics study
DOI: https://doi.org/10.1002/polb.20691",property,501,Methyl methacrylate Copolymer 8a (1 mol% isobutyl-T8-POSS),COMPASS,youngs_modulus,4.59,"{""condition"": ""1 mol% isobutyl-T8-POSS""}",https://doi.org/10.1002/polb.20691,Properties of polystyrene and polymethyl methacrylate copolymers of polyhedral oligomeric silsesquioxanes_ A molecular dynamics study,5f2ec29ba2d0
"Polymer: Methyl methacrylate Copolymer 8a (4 mol% isobutyl-T8-POSS)
Property: glass_transition_temp = 405
Additional Info: {""condition"": ""4 mol% isobutyl-T8-POSS""}
Force Field: COMPASS
Source: Properties of polystyrene and polymethyl methacrylate copolymers of polyhedral oligomeric silsesquioxanes_ A molecular dynamics study
DOI: https://doi.org/10.1002/polb.20691",property,502,Methyl methacrylate Copolymer 8a (4 mol% isobutyl-T8-POSS),COMPASS,glass_transition_temp,405,"{""condition"": ""4 mol% isobutyl-T8-POSS""}",https://doi.org/10.1002/polb.20691,Properties of polystyrene and polymethyl methacrylate copolymers of polyhedral oligomeric silsesquioxanes_ A molecular dynamics study,d7d4175fc1ac
"Polymer: Methyl methacrylate Copolymer 8a (4 mol% isobutyl-T8-POSS)
Property: youngs_modulus = 6.48
Additional Info: {""condition"": ""4 mol% isobutyl-T8-POSS""}
Force Field: COMPASS
Source: Properties of polystyrene and polymethyl methacrylate copolymers of polyhedral oligomeric silsesquioxanes_ A molecular dynamics study
DOI: https://doi.org/10.1002/polb.20691",property,503,Methyl methacrylate Copolymer 8a (4 mol% isobutyl-T8-POSS),COMPASS,youngs_modulus,6.48,"{""condition"": ""4 mol% isobutyl-T8-POSS""}",https://doi.org/10.1002/polb.20691,Properties of polystyrene and polymethyl methacrylate copolymers of polyhedral oligomeric silsesquioxanes_ A molecular dynamics study,1b287d188441
"Polymer: Methyl methacrylate Copolymer 8a (10 mol% isobutyl-T8-POSS)
Property: glass_transition_temp = 410
Additional Info: {""condition"": ""10 mol% isobutyl-T8-POSS""}
Force Field: COMPASS
Source: Properties of polystyrene and polymethyl methacrylate copolymers of polyhedral oligomeric silsesquioxanes_ A molecular dynamics study
DOI: https://doi.org/10.1002/polb.20691",property,504,Methyl methacrylate Copolymer 8a (10 mol% isobutyl-T8-POSS),COMPASS,glass_transition_temp,410,"{""condition"": ""10 mol% isobutyl-T8-POSS""}",https://doi.org/10.1002/polb.20691,Properties of polystyrene and polymethyl methacrylate copolymers of polyhedral oligomeric silsesquioxanes_ A molecular dynamics study,51513a5f88c0
"Polymer: Methyl methacrylate Copolymer 8a (10 mol% isobutyl-T8-POSS)
Property: youngs_modulus = 3.64
Additional Info: {""condition"": ""10 mol% isobutyl-T8-POSS""}
Force Field: COMPASS
Source: Properties of polystyrene and polymethyl methacrylate copolymers of polyhedral oligomeric silsesquioxanes_ A molecular dynamics study
DOI: https://doi.org/10.1002/polb.20691",property,505,Methyl methacrylate Copolymer 8a (10 mol% isobutyl-T8-POSS),COMPASS,youngs_modulus,3.64,"{""condition"": ""10 mol% isobutyl-T8-POSS""}",https://doi.org/10.1002/polb.20691,Properties of polystyrene and polymethyl methacrylate copolymers of polyhedral oligomeric silsesquioxanes_ A molecular dynamics study,7023bc70274b
"Polymer: Methyl methacrylate Copolymer 8b (4 mol% phenyl-T8-POSS)
Property: glass_transition_temp = 415
Additional Info: {""condition"": ""4 mol% phenyl-T8-POSS""}
Force Field: COMPASS
Source: Properties of polystyrene and polymethyl methacrylate copolymers of polyhedral oligomeric silsesquioxanes_ A molecular dynamics study
DOI: https://doi.org/10.1002/polb.20691",property,506,Methyl methacrylate Copolymer 8b (4 mol% phenyl-T8-POSS),COMPASS,glass_transition_temp,415,"{""condition"": ""4 mol% phenyl-T8-POSS""}",https://doi.org/10.1002/polb.20691,Properties of polystyrene and polymethyl methacrylate copolymers of polyhedral oligomeric silsesquioxanes_ A molecular dynamics study,c1547b3843be
"Polymer: Methyl methacrylate Copolymer 8b (4 mol% phenyl-T8-POSS)
Property: youngs_modulus = 3.88
Additional Info: {""condition"": ""4 mol% phenyl-T8-POSS""}
Force Field: COMPASS
Source: Properties of polystyrene and polymethyl methacrylate copolymers of polyhedral oligomeric silsesquioxanes_ A molecular dynamics study
DOI: https://doi.org/10.1002/polb.20691",property,507,Methyl methacrylate Copolymer 8b (4 mol% phenyl-T8-POSS),COMPASS,youngs_modulus,3.88,"{""condition"": ""4 mol% phenyl-T8-POSS""}",https://doi.org/10.1002/polb.20691,Properties of polystyrene and polymethyl methacrylate copolymers of polyhedral oligomeric silsesquioxanes_ A molecular dynamics study,c420eaf370ae
"Polymer: Polyacrylicester (ACM10) with 1 molecule silica
Property: density = 0.57
Additional Info: {""condition"": ""10-mer with 1 silica nanoparticle""}
Force Field: ReaxFF
Source: Reactive molecular dynamics simulation for analysis of thermal decomposition of oligomeric polyacrylicester model nanocomposite and its experimental verification
DOI: https://doi.org/10.1016/j.polymer.2017.12.043",property,509,Polyacrylicester (ACM10) with 1 molecule silica,ReaxFF,density,0.57,"{""condition"": ""10-mer with 1 silica nanoparticle""}",https://doi.org/10.1016/j.polymer.2017.12.043,Reactive molecular dynamics simulation for analysis of thermal decomposition of oligomeric polyacrylicester model nanocomposite and its experimental verification,b47abcb8c9a4
"Polymer: Polyurethane Hard Segment (MDI-BDO)
Property: density = 1.356
Additional Info: {""condition"": ""Crystalline and amorphous rigid segment (SMPU)""}
Force Field: ReaxFF
Source: ReaxFF reactive force field model enables accurate prediction of physiochemical and mechanical properties of crystalline and amorphous shape-memory polyurethane
DOI: https://doi.org/10.1002/app.54466",property,510,Polyurethane Hard Segment (MDI-BDO),ReaxFF,density,1.356,"{""condition"": ""Crystalline and amorphous rigid segment (SMPU)""}",https://doi.org/10.1002/app.54466,ReaxFF reactive force field model enables accurate prediction of physiochemical and mechanical properties of crystalline and amorphous shape-memory polyurethane,1fafe51b8b8b
"Polymer: Polyurethane Hard Segment (MDI-BDO)
Property: density = 1.254
Additional Info: {""condition"": ""Crystalline and amorphous rigid segment (SMPU)""}
Force Field: ReaxFF
Source: ReaxFF reactive force field model enables accurate prediction of physiochemical and mechanical properties of crystalline and amorphous shape-memory polyurethane
DOI: https://doi.org/10.1002/app.54466",property,511,Polyurethane Hard Segment (MDI-BDO),ReaxFF,density,1.254,"{""condition"": ""Crystalline and amorphous rigid segment (SMPU)""}",https://doi.org/10.1002/app.54466,ReaxFF reactive force field model enables accurate prediction of physiochemical and mechanical properties of crystalline and amorphous shape-memory polyurethane,0a5f9aa6ca91
"Polymer: Polyurethane Hard Segment (MDI-BDO)
Property: glass_transition_temp = 372
Additional Info: {""condition"": ""Crystalline and amorphous rigid segment (SMPU)""}
Force Field: ReaxFF
Source: ReaxFF reactive force field model enables accurate prediction of physiochemical and mechanical properties of crystalline and amorphous shape-memory polyurethane
DOI: https://doi.org/10.1002/app.54466",property,512,Polyurethane Hard Segment (MDI-BDO),ReaxFF,glass_transition_temp,372,"{""condition"": ""Crystalline and amorphous rigid segment (SMPU)""}",https://doi.org/10.1002/app.54466,ReaxFF reactive force field model enables accurate prediction of physiochemical and mechanical properties of crystalline and amorphous shape-memory polyurethane,fb42712ddc77
"Polymer: Eudragit E100 (EEC) + Flufenamic Acid (FLA)
Property: diffusion_coefficient = 1.2e-10
Additional Info: {""condition"": ""Binary mixture with Flufenamic Acid (FLA)""}
Force Field: GAFF
Source: Relative Contributions of Solubility and Mobility to the Stability of Amorphous Solid Dispersions of Poorly Soluble Drugs_ A Molecular Dynamics Simulation Study
DOI: https://doi.org/10.3390/pharmaceutics10030101",property,513,Eudragit E100 (EEC) + Flufenamic Acid (FLA),GAFF,diffusion_coefficient,1.2e-10,"{""condition"": ""Binary mixture with Flufenamic Acid (FLA)""}",https://doi.org/10.3390/pharmaceutics10030101,Relative Contributions of Solubility and Mobility to the Stability of Amorphous Solid Dispersions of Poorly Soluble Drugs_ A Molecular Dynamics Simulation Study,35c8d2693b44
"Polymer: Polyacrylic Acid (PAA) + Flufenamic Acid (FLA)
Property: diffusion_coefficient = 4.2e-11
Additional Info: {""condition"": ""Binary mixture with Flufenamic Acid (FLA)""}
Force Field: GAFF
Source: Relative Contributions of Solubility and Mobility to the Stability of Amorphous Solid Dispersions of Poorly Soluble Drugs_ A Molecular Dynamics Simulation Study
DOI: https://doi.org/10.3390/pharmaceutics10030101",property,514,Polyacrylic Acid (PAA) + Flufenamic Acid (FLA),GAFF,diffusion_coefficient,4.2e-11,"{""condition"": ""Binary mixture with Flufenamic Acid (FLA)""}",https://doi.org/10.3390/pharmaceutics10030101,Relative Contributions of Solubility and Mobility to the Stability of Amorphous Solid Dispersions of Poorly Soluble Drugs_ A Molecular Dynamics Simulation Study,57fd623c6918
"Polymer: Polystyrene Sulfonic Acid (PSA) + Flufenamic Acid (FLA)
Property: diffusion_coefficient = 5.4e-11
Additional Info: {""condition"": ""Binary mixture with Flufenamic Acid (FLA)""}
Force Field: GAFF
Source: Relative Contributions of Solubility and Mobility to the Stability of Amorphous Solid Dispersions of Poorly Soluble Drugs_ A Molecular Dynamics Simulation Study
DOI: https://doi.org/10.3390/pharmaceutics10030101",property,515,Polystyrene Sulfonic Acid (PSA) + Flufenamic Acid (FLA),GAFF,diffusion_coefficient,5.4e-11,"{""condition"": ""Binary mixture with Flufenamic Acid (FLA)""}",https://doi.org/10.3390/pharmaceutics10030101,Relative Contributions of Solubility and Mobility to the Stability of Amorphous Solid Dispersions of Poorly Soluble Drugs_ A Molecular Dynamics Simulation Study,7371414a075c
"Polymer: Polyvinylpyrrolidone (PVP) + Flufenamic Acid (FLA)
Property: diffusion_coefficient = 4.9e-11
Additional Info: {""condition"": ""Binary mixture with Flufenamic Acid (FLA)""}
Force Field: GAFF
Source: Relative Contributions of Solubility and Mobility to the Stability of Amorphous Solid Dispersions of Poorly Soluble Drugs_ A Molecular Dynamics Simulation Study
DOI: https://doi.org/10.3390/pharmaceutics10030101",property,516,Polyvinylpyrrolidone (PVP) + Flufenamic Acid (FLA),GAFF,diffusion_coefficient,4.9e-11,"{""condition"": ""Binary mixture with Flufenamic Acid (FLA)""}",https://doi.org/10.3390/pharmaceutics10030101,Relative Contributions of Solubility and Mobility to the Stability of Amorphous Solid Dispersions of Poorly Soluble Drugs_ A Molecular Dynamics Simulation Study,16526efe1d0a
"Polymer: Eudragit E100 (EEC) + Phenacetin (PAC)
Property: diffusion_coefficient = 3.73e-10
Additional Info: {""condition"": ""Binary mixture with Phenacetin (PAC)""}
Force Field: GAFF
Source: Relative Contributions of Solubility and Mobility to the Stability of Amorphous Solid Dispersions of Poorly Soluble Drugs_ A Molecular Dynamics Simulation Study
DOI: https://doi.org/10.3390/pharmaceutics10030101",property,517,Eudragit E100 (EEC) + Phenacetin (PAC),GAFF,diffusion_coefficient,3.73e-10,"{""condition"": ""Binary mixture with Phenacetin (PAC)""}",https://doi.org/10.3390/pharmaceutics10030101,Relative Contributions of Solubility and Mobility to the Stability of Amorphous Solid Dispersions of Poorly Soluble Drugs_ A Molecular Dynamics Simulation Study,a032dc4fbb28
"Polymer: Polyacrylic Acid (PAA) + Phenacetin (PAC)
Property: diffusion_coefficient = 1.51e-10
Additional Info: {""condition"": ""Binary mixture with Phenacetin (PAC)""}
Force Field: GAFF
Source: Relative Contributions of Solubility and Mobility to the Stability of Amorphous Solid Dispersions of Poorly Soluble Drugs_ A Molecular Dynamics Simulation Study
DOI: https://doi.org/10.3390/pharmaceutics10030101",property,518,Polyacrylic Acid (PAA) + Phenacetin (PAC),GAFF,diffusion_coefficient,1.51e-10,"{""condition"": ""Binary mixture with Phenacetin (PAC)""}",https://doi.org/10.3390/pharmaceutics10030101,Relative Contributions of Solubility and Mobility to the Stability of Amorphous Solid Dispersions of Poorly Soluble Drugs_ A Molecular Dynamics Simulation Study,90d236050320
"Polymer: Polystyrene Sulfonic Acid (PSA) + Phenacetin (PAC)
Property: diffusion_coefficient = 2.06e-10
Additional Info: {""condition"": ""Binary mixture with Phenacetin (PAC)""}
Force Field: GAFF
Source: Relative Contributions of Solubility and Mobility to the Stability of Amorphous Solid Dispersions of Poorly Soluble Drugs_ A Molecular Dynamics Simulation Study
DOI: https://doi.org/10.3390/pharmaceutics10030101",property,519,Polystyrene Sulfonic Acid (PSA) + Phenacetin (PAC),GAFF,diffusion_coefficient,2.06e-10,"{""condition"": ""Binary mixture with Phenacetin (PAC)""}",https://doi.org/10.3390/pharmaceutics10030101,Relative Contributions of Solubility and Mobility to the Stability of Amorphous Solid Dispersions of Poorly Soluble Drugs_ A Molecular Dynamics Simulation Study,61370c6e3a64
"Polymer: Polyvinylpyrrolidone (PVP) + Phenacetin (PAC)
Property: diffusion_coefficient = 1.25e-10
Additional Info: {""condition"": ""Binary mixture with Phenacetin (PAC)""}
Force Field: GAFF
Source: Relative Contributions of Solubility and Mobility to the Stability of Amorphous Solid Dispersions of Poorly Soluble Drugs_ A Molecular Dynamics Simulation Study
DOI: https://doi.org/10.3390/pharmaceutics10030101",property,520,Polyvinylpyrrolidone (PVP) + Phenacetin (PAC),GAFF,diffusion_coefficient,1.25e-10,"{""condition"": ""Binary mixture with Phenacetin (PAC)""}",https://doi.org/10.3390/pharmaceutics10030101,Relative Contributions of Solubility and Mobility to the Stability of Amorphous Solid Dispersions of Poorly Soluble Drugs_ A Molecular Dynamics Simulation Study,f16f3f227210
"Polymer: Poly(methyl methacrylate)
Property: diffusion_coefficient = 1.13e-09
Additional Info: {}
Force Field: Coarse-grained force field developed by Iterative Boltzmann Inversion
Source: Replica Exchange Molecular Dynamics Simulations of Coarse-Grained Polymethylmethacrylate Chains
DOI: https://doi.org/10.4028/www.scientific.net/amr.668.199",property,521,Poly(methyl methacrylate),Coarse-grained force field developed by Iterative Boltzmann Inversion,diffusion_coefficient,1.13e-09,{},https://doi.org/10.4028/www.scientific.net/amr.668.199,Replica Exchange Molecular Dynamics Simulations of Coarse-Grained Polymethylmethacrylate Chains,b7f70db16654
"Polymer: Poly(methyl methacrylate)
Property: radius_gyration = 0.735
Additional Info: {}
Force Field: Coarse-grained force field developed by Iterative Boltzmann Inversion
Source: Replica Exchange Molecular Dynamics Simulations of Coarse-Grained Polymethylmethacrylate Chains
DOI: https://doi.org/10.4028/www.scientific.net/amr.668.199",property,522,Poly(methyl methacrylate),Coarse-grained force field developed by Iterative Boltzmann Inversion,radius_gyration,0.735,{},https://doi.org/10.4028/www.scientific.net/amr.668.199,Replica Exchange Molecular Dynamics Simulations of Coarse-Grained Polymethylmethacrylate Chains,d13e87e67c95
"Polymer: Poly(vinylidene fluoride)
Property: density = 1.15
Additional Info: {""condition"": ""(010) interface""}
Force Field: DREIDING
Source: Research on structures_ mechanical properties_ and mechanical responses of TKX-50 and TKX-50 based PBX with molecular dynamics
DOI: https://doi.org/10.1007/s00894-016-2913-4",property,523,Poly(vinylidene fluoride),DREIDING,density,1.15,"{""condition"": ""(010) interface""}",https://doi.org/10.1007/s00894-016-2913-4,Research on structures_ mechanical properties_ and mechanical responses of TKX-50 and TKX-50 based PBX with molecular dynamics,dd99d5b39832
"Polymer: TKX-50/PVDF Composite (010 surface)
Property: youngs_modulus = 16.94
Additional Info: {""condition"": ""(010) interface""}
Force Field: DREIDING
Source: Research on structures_ mechanical properties_ and mechanical responses of TKX-50 and TKX-50 based PBX with molecular dynamics
DOI: https://doi.org/10.1007/s00894-016-2913-4",property,524,TKX-50/PVDF Composite (010 surface),DREIDING,youngs_modulus,16.94,"{""condition"": ""(010) interface""}",https://doi.org/10.1007/s00894-016-2913-4,Research on structures_ mechanical properties_ and mechanical responses of TKX-50 and TKX-50 based PBX with molecular dynamics,a7ff2ea229b6
"Polymer: TKX-50/PVDF Composite (011 surface)
Property: youngs_modulus = 13.24
Additional Info: {""condition"": ""(011) interface""}
Force Field: DREIDING
Source: Research on structures_ mechanical properties_ and mechanical responses of TKX-50 and TKX-50 based PBX with molecular dynamics
DOI: https://doi.org/10.1007/s00894-016-2913-4",property,526,TKX-50/PVDF Composite (011 surface),DREIDING,youngs_modulus,13.24,"{""condition"": ""(011) interface""}",https://doi.org/10.1007/s00894-016-2913-4,Research on structures_ mechanical properties_ and mechanical responses of TKX-50 and TKX-50 based PBX with molecular dynamics,e35248fadefc
"Polymer: TKX-50/PVDF Composite (100 surface)
Property: youngs_modulus = 14.48
Additional Info: {""condition"": ""(100) interface""}
Force Field: DREIDING
Source: Research on structures_ mechanical properties_ and mechanical responses of TKX-50 and TKX-50 based PBX with molecular dynamics
DOI: https://doi.org/10.1007/s00894-016-2913-4",property,528,TKX-50/PVDF Composite (100 surface),DREIDING,youngs_modulus,14.48,"{""condition"": ""(100) interface""}",https://doi.org/10.1007/s00894-016-2913-4,Research on structures_ mechanical properties_ and mechanical responses of TKX-50 and TKX-50 based PBX with molecular dynamics,cbdfb5ef6dd9
"Polymer: Poly(chlorotrifluoroethylene)
Property: density = 1.2
Additional Info: {""condition"": ""(011) interface""}
Force Field: DREIDING
Source: Research on structures_ mechanical properties_ and mechanical responses of TKX-50 and TKX-50 based PBX with molecular dynamics
DOI: https://doi.org/10.1007/s00894-016-2913-4",property,530,Poly(chlorotrifluoroethylene),DREIDING,density,1.2,"{""condition"": ""(011) interface""}",https://doi.org/10.1007/s00894-016-2913-4,Research on structures_ mechanical properties_ and mechanical responses of TKX-50 and TKX-50 based PBX with molecular dynamics,085001eaf303
"Polymer: Neat Poly(vinyl chloride)
Property: glass_transition_temp = 365.42
Additional Info: {""condition"": ""Simulated Tg (Density Method""}
Force Field: COMPASS
Source: Research on the Glass Transition Temperature and Mechanical Properties of Poly(vinyl chloride)/Dioctyl Phthalate (PVC/DOP) Blends by Molecular Dynamics Simulations
DOI: https://doi.org/10.1007/s10118-019-2249-5",property,532,Neat Poly(vinyl chloride),COMPASS,glass_transition_temp,365.42,"{""condition"": ""Simulated Tg (Density Method""}",https://doi.org/10.1007/s10118-019-2249-5,Research on the Glass Transition Temperature and Mechanical Properties of Poly(vinyl chloride)/Dioctyl Phthalate (PVC/DOP) Blends by Molecular Dynamics Simulations,8d85c6dce4e4
"Polymer: Neat Poly(vinyl chloride)
Property: youngs_modulus = 2.8651
Additional Info: {""condition"": ""298k""}
Force Field: COMPASS
Source: Research on the Glass Transition Temperature and Mechanical Properties of Poly(vinyl chloride)/Dioctyl Phthalate (PVC/DOP) Blends by Molecular Dynamics Simulations
DOI: https://doi.org/10.1007/s10118-019-2249-5",property,533,Neat Poly(vinyl chloride),COMPASS,youngs_modulus,2.8651,"{""condition"": ""298k""}",https://doi.org/10.1007/s10118-019-2249-5,Research on the Glass Transition Temperature and Mechanical Properties of Poly(vinyl chloride)/Dioctyl Phthalate (PVC/DOP) Blends by Molecular Dynamics Simulations,846bbb7056fa
"Polymer: 90.8 wt% Poly(vinyl chloride) / 9.2 wt% Dioctyl phthalate
Property: glass_transition_temp = 334.61
Additional Info: {""condition"": ""Simulated Tg (Density Method)""}
Force Field: COMPASS
Source: Research on the Glass Transition Temperature and Mechanical Properties of Poly(vinyl chloride)/Dioctyl Phthalate (PVC/DOP) Blends by Molecular Dynamics Simulations
DOI: https://doi.org/10.1007/s10118-019-2249-5",property,534,90.8 wt% Poly(vinyl chloride) / 9.2 wt% Dioctyl phthalate,COMPASS,glass_transition_temp,334.61,"{""condition"": ""Simulated Tg (Density Method)""}",https://doi.org/10.1007/s10118-019-2249-5,Research on the Glass Transition Temperature and Mechanical Properties of Poly(vinyl chloride)/Dioctyl Phthalate (PVC/DOP) Blends by Molecular Dynamics Simulations,a593e01c15ad
"Polymer: 90.8 wt% Poly(vinyl chloride) / 9.2 wt% Dioctyl phthalate
Property: youngs_modulus = 2.6482
Additional Info: {""condition"": ""298k""}
Force Field: COMPASS
Source: Research on the Glass Transition Temperature and Mechanical Properties of Poly(vinyl chloride)/Dioctyl Phthalate (PVC/DOP) Blends by Molecular Dynamics Simulations
DOI: https://doi.org/10.1007/s10118-019-2249-5",property,535,90.8 wt% Poly(vinyl chloride) / 9.2 wt% Dioctyl phthalate,COMPASS,youngs_modulus,2.6482,"{""condition"": ""298k""}",https://doi.org/10.1007/s10118-019-2249-5,Research on the Glass Transition Temperature and Mechanical Properties of Poly(vinyl chloride)/Dioctyl Phthalate (PVC/DOP) Blends by Molecular Dynamics Simulations,73783d276dba
"Polymer: 71.9 wt% Poly(vinyl chloride) / 28.1 wt% Dioctyl phthalate
Property: glass_transition_temp = 305.91
Additional Info: {""condition"": ""Simulated Tg (Density Method)""}
Force Field: COMPASS
Source: Research on the Glass Transition Temperature and Mechanical Properties of Poly(vinyl chloride)/Dioctyl Phthalate (PVC/DOP) Blends by Molecular Dynamics Simulations
DOI: https://doi.org/10.1007/s10118-019-2249-5",property,536,71.9 wt% Poly(vinyl chloride) / 28.1 wt% Dioctyl phthalate,COMPASS,glass_transition_temp,305.91,"{""condition"": ""Simulated Tg (Density Method)""}",https://doi.org/10.1007/s10118-019-2249-5,Research on the Glass Transition Temperature and Mechanical Properties of Poly(vinyl chloride)/Dioctyl Phthalate (PVC/DOP) Blends by Molecular Dynamics Simulations,27c8839704b4
"Polymer: 71.9 wt% Poly(vinyl chloride) / 28.1 wt% Dioctyl phthalate
Property: youngs_modulus = 2.2835
Additional Info: {""condition"": ""298k""}
Force Field: COMPASS
Source: Research on the Glass Transition Temperature and Mechanical Properties of Poly(vinyl chloride)/Dioctyl Phthalate (PVC/DOP) Blends by Molecular Dynamics Simulations
DOI: https://doi.org/10.1007/s10118-019-2249-5",property,537,71.9 wt% Poly(vinyl chloride) / 28.1 wt% Dioctyl phthalate,COMPASS,youngs_modulus,2.2835,"{""condition"": ""298k""}",https://doi.org/10.1007/s10118-019-2249-5,Research on the Glass Transition Temperature and Mechanical Properties of Poly(vinyl chloride)/Dioctyl Phthalate (PVC/DOP) Blends by Molecular Dynamics Simulations,3015b68a1cc8
"Polymer: 50.2 wt% Poly(vinyl chloride) / 49.8 wt% Dioctyl phthalate
Property: glass_transition_temp = 234.06
Additional Info: {""condition"": ""Simulated Tg (Density Method)""}
Force Field: COMPASS
Source: Research on the Glass Transition Temperature and Mechanical Properties of Poly(vinyl chloride)/Dioctyl Phthalate (PVC/DOP) Blends by Molecular Dynamics Simulations
DOI: https://doi.org/10.1007/s10118-019-2249-5",property,538,50.2 wt% Poly(vinyl chloride) / 49.8 wt% Dioctyl phthalate,COMPASS,glass_transition_temp,234.06,"{""condition"": ""Simulated Tg (Density Method)""}",https://doi.org/10.1007/s10118-019-2249-5,Research on the Glass Transition Temperature and Mechanical Properties of Poly(vinyl chloride)/Dioctyl Phthalate (PVC/DOP) Blends by Molecular Dynamics Simulations,1aac97edff70
"Polymer: 50.2 wt% Poly(vinyl chloride) / 49.8 wt% Dioctyl phthalate
Property: youngs_modulus = 1.407
Additional Info: {""condition"": ""298k""}
Force Field: COMPASS
Source: Research on the Glass Transition Temperature and Mechanical Properties of Poly(vinyl chloride)/Dioctyl Phthalate (PVC/DOP) Blends by Molecular Dynamics Simulations
DOI: https://doi.org/10.1007/s10118-019-2249-5",property,539,50.2 wt% Poly(vinyl chloride) / 49.8 wt% Dioctyl phthalate,COMPASS,youngs_modulus,1.407,"{""condition"": ""298k""}",https://doi.org/10.1007/s10118-019-2249-5,Research on the Glass Transition Temperature and Mechanical Properties of Poly(vinyl chloride)/Dioctyl Phthalate (PVC/DOP) Blends by Molecular Dynamics Simulations,a2d2b402e0bc
"Polymer: Poly(vinyl chloride) (PVC)
Property: youngs_modulus = 2.8651
Additional Info: {""condition"": ""298K""}
Force Field: COMPASS
Source: Research on the Glass Transition Temperature and Mechanical Properties of Poly(vinyl chloride)/Dioctyl Phthalate (PVC/DOP) Blends by Molecular Dynamics Simulations
DOI: https://doi.org/10.1007/s10118-019-2249-5",property,542,Poly(vinyl chloride) (PVC),COMPASS,youngs_modulus,2.8651,"{""condition"": ""298K""}",https://doi.org/10.1007/s10118-019-2249-5,Research on the Glass Transition Temperature and Mechanical Properties of Poly(vinyl chloride)/Dioctyl Phthalate (PVC/DOP) Blends by Molecular Dynamics Simulations,9218edb188fe
"Polymer: Poly(vinyl chloride) (PVC)
Property: youngs_modulus = 2.3266
Additional Info: {""condition"": ""318K""}
Force Field: COMPASS
Source: Research on the Glass Transition Temperature and Mechanical Properties of Poly(vinyl chloride)/Dioctyl Phthalate (PVC/DOP) Blends by Molecular Dynamics Simulations
DOI: https://doi.org/10.1007/s10118-019-2249-5",property,543,Poly(vinyl chloride) (PVC),COMPASS,youngs_modulus,2.3266,"{""condition"": ""318K""}",https://doi.org/10.1007/s10118-019-2249-5,Research on the Glass Transition Temperature and Mechanical Properties of Poly(vinyl chloride)/Dioctyl Phthalate (PVC/DOP) Blends by Molecular Dynamics Simulations,f470088496d6
"Polymer: Poly(vinyl chloride) (PVC)
Property: youngs_modulus = 1.7165
Additional Info: {""condition"": ""338K""}
Force Field: COMPASS
Source: Research on the Glass Transition Temperature and Mechanical Properties of Poly(vinyl chloride)/Dioctyl Phthalate (PVC/DOP) Blends by Molecular Dynamics Simulations
DOI: https://doi.org/10.1007/s10118-019-2249-5",property,544,Poly(vinyl chloride) (PVC),COMPASS,youngs_modulus,1.7165,"{""condition"": ""338K""}",https://doi.org/10.1007/s10118-019-2249-5,Research on the Glass Transition Temperature and Mechanical Properties of Poly(vinyl chloride)/Dioctyl Phthalate (PVC/DOP) Blends by Molecular Dynamics Simulations,5d824f60d1ea
"Polymer: Poly(vinyl chloride) (PVC)
Property: youngs_modulus = 1.3262
Additional Info: {""condition"": ""358K""}
Force Field: COMPASS
Source: Research on the Glass Transition Temperature and Mechanical Properties of Poly(vinyl chloride)/Dioctyl Phthalate (PVC/DOP) Blends by Molecular Dynamics Simulations
DOI: https://doi.org/10.1007/s10118-019-2249-5",property,545,Poly(vinyl chloride) (PVC),COMPASS,youngs_modulus,1.3262,"{""condition"": ""358K""}",https://doi.org/10.1007/s10118-019-2249-5,Research on the Glass Transition Temperature and Mechanical Properties of Poly(vinyl chloride)/Dioctyl Phthalate (PVC/DOP) Blends by Molecular Dynamics Simulations,a188f4fb03d0
"Polymer: Polycaprolactone (PCL) 3BD
Property: density = 1.07
Additional Info: {}
Force Field: OPLS
Source: Resolving the dynamic properties of entangled linear polymers in non-equilibrium coarse grain simulation with a priori scaling factors
DOI: https://doi.org/10.1039/d3nr06185j",property,546,Polycaprolactone (PCL) 3BD,OPLS,density,1.07,{},https://doi.org/10.1039/d3nr06185j,Resolving the dynamic properties of entangled linear polymers in non-equilibrium coarse grain simulation with a priori scaling factors,7976a0c853b8
"Polymer: Atactic Polystyrene
Property: glass_transition_temp = 375
Additional Info: {}
Force Field: United-atom model
Source: Simulation of polymer glasses_ From segmental dynamics to bulk mechanics
DOI: https://doi.org/10.1016/j.jnoncrysol.2006.02.156",property,547,Atactic Polystyrene,United-atom model,glass_transition_temp,375,{},https://doi.org/10.1016/j.jnoncrysol.2006.02.156,Simulation of polymer glasses_ From segmental dynamics to bulk mechanics,c1f2522657ee
"Polymer: Bisphenol A Polycarbonate
Property: glass_transition_temp = 433
Additional Info: {}
Force Field: United-atom model
Source: Simulation of polymer glasses_ From segmental dynamics to bulk mechanics
DOI: https://doi.org/10.1016/j.jnoncrysol.2006.02.156",property,548,Bisphenol A Polycarbonate,United-atom model,glass_transition_temp,433,{},https://doi.org/10.1016/j.jnoncrysol.2006.02.156,Simulation of polymer glasses_ From segmental dynamics to bulk mechanics,5370166d3dd3
"Polymer: Poly(1,6-hexanediol-co-citric acid) PE
Property: density = 0.868
Additional Info: {}
Force Field: CHON-2017_weak ReaxFF
Source: Simulations of the Biodegradation of Citrate-Based Polymers for Artificial Scaffolds Using Accelerated Reactive Molecular Dynamics
DOI: https://doi.org/10.1021/acs.jpcb.0c03008",property,549,"Poly(1,6-hexanediol-co-citric acid) PE",CHON-2017_weak ReaxFF,density,0.868,{},https://doi.org/10.1021/acs.jpcb.0c03008,Simulations of the Biodegradation of Citrate-Based Polymers for Artificial Scaffolds Using Accelerated Reactive Molecular Dynamics,6fbaf3b319b8
"Polymer: Poly(1,6-hexanediol-co-citric acid) PE
Property: youngs_modulus = 15
Additional Info: {}
Force Field: CHON-2017_weak ReaxFF
Source: Simulations of the Biodegradation of Citrate-Based Polymers for Artificial Scaffolds Using Accelerated Reactive Molecular Dynamics
DOI: https://doi.org/10.1021/acs.jpcb.0c03008",property,550,"Poly(1,6-hexanediol-co-citric acid) PE",CHON-2017_weak ReaxFF,youngs_modulus,15,{},https://doi.org/10.1021/acs.jpcb.0c03008,Simulations of the Biodegradation of Citrate-Based Polymers for Artificial Scaffolds Using Accelerated Reactive Molecular Dynamics,acbf7deed346
"Polymer: Poly(1,6-hexanediol-co-citric acid) PE
Property: density = 0.868
Additional Info: {}
Force Field: CHON-2017_weak ReaxFF
Source: Simulations of the Biodegradation of Citrate-Based Polymers for Artificial Scaffolds Using Accelerated Reactive Molecular Dynamics
DOI: https://doi.org/10.1021/acs.jpcb.0c03008",property,551,"Poly(1,6-hexanediol-co-citric acid) PE",CHON-2017_weak ReaxFF,density,0.868,{},https://doi.org/10.1021/acs.jpcb.0c03008,Simulations of the Biodegradation of Citrate-Based Polymers for Artificial Scaffolds Using Accelerated Reactive Molecular Dynamics,6fbaf3b319b8
"Polymer: Poly(1,6-hexanediol-co-citric acid) PE
Property: youngs_modulus = 18.7
Additional Info: {}
Force Field: CHON-2017_weak ReaxFF
Source: Simulations of the Biodegradation of Citrate-Based Polymers for Artificial Scaffolds Using Accelerated Reactive Molecular Dynamics
DOI: https://doi.org/10.1021/acs.jpcb.0c03008",property,552,"Poly(1,6-hexanediol-co-citric acid) PE",CHON-2017_weak ReaxFF,youngs_modulus,18.7,{},https://doi.org/10.1021/acs.jpcb.0c03008,Simulations of the Biodegradation of Citrate-Based Polymers for Artificial Scaffolds Using Accelerated Reactive Molecular Dynamics,476405f136a6
"Polymer: Poly(1,6-hexanediol-co-citric acid) PEE
Property: density = 0.885
Additional Info: {}
Force Field: CHON-2017_weak ReaxFF
Source: Simulations of the Biodegradation of Citrate-Based Polymers for Artificial Scaffolds Using Accelerated Reactive Molecular Dynamics
DOI: https://doi.org/10.1021/acs.jpcb.0c03008",property,553,"Poly(1,6-hexanediol-co-citric acid) PEE",CHON-2017_weak ReaxFF,density,0.885,{},https://doi.org/10.1021/acs.jpcb.0c03008,Simulations of the Biodegradation of Citrate-Based Polymers for Artificial Scaffolds Using Accelerated Reactive Molecular Dynamics,8bd4c24d018e
"Polymer: Poly(1,6-hexanediol-co-citric acid) PEE
Property: youngs_modulus = 40
Additional Info: {}
Force Field: CHON-2017_weak ReaxFF
Source: Simulations of the Biodegradation of Citrate-Based Polymers for Artificial Scaffolds Using Accelerated Reactive Molecular Dynamics
DOI: https://doi.org/10.1021/acs.jpcb.0c03008",property,554,"Poly(1,6-hexanediol-co-citric acid) PEE",CHON-2017_weak ReaxFF,youngs_modulus,40,{},https://doi.org/10.1021/acs.jpcb.0c03008,Simulations of the Biodegradation of Citrate-Based Polymers for Artificial Scaffolds Using Accelerated Reactive Molecular Dynamics,2d241a091f66
"Polymer: Poly(1,6-hexanediol-co-citric acid) PEE
Property: density = 0.885
Additional Info: {}
Force Field: CHON-2017_weak ReaxFF
Source: Simulations of the Biodegradation of Citrate-Based Polymers for Artificial Scaffolds Using Accelerated Reactive Molecular Dynamics
DOI: https://doi.org/10.1021/acs.jpcb.0c03008",property,555,"Poly(1,6-hexanediol-co-citric acid) PEE",CHON-2017_weak ReaxFF,density,0.885,{},https://doi.org/10.1021/acs.jpcb.0c03008,Simulations of the Biodegradation of Citrate-Based Polymers for Artificial Scaffolds Using Accelerated Reactive Molecular Dynamics,8bd4c24d018e
"Polymer: Poly(1,6-hexanediol-co-citric acid) PEE
Property: youngs_modulus = 41.8
Additional Info: {}
Force Field: CHON-2017_weak ReaxFF
Source: Simulations of the Biodegradation of Citrate-Based Polymers for Artificial Scaffolds Using Accelerated Reactive Molecular Dynamics
DOI: https://doi.org/10.1021/acs.jpcb.0c03008",property,556,"Poly(1,6-hexanediol-co-citric acid) PEE",CHON-2017_weak ReaxFF,youngs_modulus,41.8,{},https://doi.org/10.1021/acs.jpcb.0c03008,Simulations of the Biodegradation of Citrate-Based Polymers for Artificial Scaffolds Using Accelerated Reactive Molecular Dynamics,6e6a9f4379d8
"Polymer: Poly(1,6-hexanediol-co-citric acid) PE
Property: density = 0.868
Additional Info: {}
Force Field: CHON-2017_weak ReaxFF
Source: Simulations of the Biodegradation of Citrate-Based Polymers for Artificial Scaffolds Using Accelerated Reactive Molecular Dynamics
DOI: https://doi.org/10.1021/acs.jpcb.0c03008",property,557,"Poly(1,6-hexanediol-co-citric acid) PE",CHON-2017_weak ReaxFF,density,0.868,{},https://doi.org/10.1021/acs.jpcb.0c03008,Simulations of the Biodegradation of Citrate-Based Polymers for Artificial Scaffolds Using Accelerated Reactive Molecular Dynamics,6fbaf3b319b8
"Polymer: Poly(1,6-hexanediol-co-citric acid) PEE
Property: density = 0.885
Additional Info: {}
Force Field: CHON-2017_weak ReaxFF
Source: Simulations of the Biodegradation of Citrate-Based Polymers for Artificial Scaffolds Using Accelerated Reactive Molecular Dynamics
DOI: https://doi.org/10.1021/acs.jpcb.0c03008",property,558,"Poly(1,6-hexanediol-co-citric acid) PEE",CHON-2017_weak ReaxFF,density,0.885,{},https://doi.org/10.1021/acs.jpcb.0c03008,Simulations of the Biodegradation of Citrate-Based Polymers for Artificial Scaffolds Using Accelerated Reactive Molecular Dynamics,8bd4c24d018e
"Polymer: Poly(ethylene glycol) 2000
Property: density = 1.209
Additional Info: {""condition"": ""Solvated and bulk phase simulations ""}
Force Field: GROMOS 54A7
Source: Solutions and Condensed Phases of PEG2000 from All-Atom Molecular Dynamics
DOI: https://doi.org/10.1021/acs.jpcb.1c06397",property,559,Poly(ethylene glycol) 2000,GROMOS 54A7,density,1.209,"{""condition"": ""Solvated and bulk phase simulations ""}",https://doi.org/10.1021/acs.jpcb.1c06397,Solutions and Condensed Phases of PEG2000 from All-Atom Molecular Dynamics,d54a18a2880f
"Polymer: Poly(ethylene glycol) 2000
Property: glass_transition_temp = 240
Additional Info: {""condition"": ""Solvated and bulk phase simulations ""}
Force Field: GROMOS 54A7
Source: Solutions and Condensed Phases of PEG2000 from All-Atom Molecular Dynamics
DOI: https://doi.org/10.1021/acs.jpcb.1c06397",property,560,Poly(ethylene glycol) 2000,GROMOS 54A7,glass_transition_temp,240,"{""condition"": ""Solvated and bulk phase simulations ""}",https://doi.org/10.1021/acs.jpcb.1c06397,Solutions and Condensed Phases of PEG2000 from All-Atom Molecular Dynamics,3760a02700ff
"Polymer: Poly(ethylene glycol) 2000
Property: radius_gyration = 0.8-1.8
Additional Info: {""condition"": ""Solvated and bulk phase simulations ""}
Force Field: GROMOS 54A7
Source: Solutions and Condensed Phases of PEG2000 from All-Atom Molecular Dynamics
DOI: https://doi.org/10.1021/acs.jpcb.1c06397",property,561,Poly(ethylene glycol) 2000,GROMOS 54A7,radius_gyration,0.8-1.8,"{""condition"": ""Solvated and bulk phase simulations ""}",https://doi.org/10.1021/acs.jpcb.1c06397,Solutions and Condensed Phases of PEG2000 from All-Atom Molecular Dynamics,49a994e0625f
"Polymer: Polyvinyl Alcohol (PVA) 15-mer
Property: density = 0.984
Additional Info: {""condition"": ""648 H_O""}
Force Field: All-atom PVA (ethanol-derived, PEO bonded) + SPC water + AA ethanol
Source: Solvation of poly_vinyl alcohol_ in water_ ethanol and an equimolar water-ethanol mixture_ structure and dynamics studied by molecular dynamics simulation
DOI: https://doi.org/10.1016/s0032-3861/96/00773-2",property,562,Polyvinyl Alcohol (PVA) 15-mer,"All-atom PVA (ethanol-derived, PEO bonded) + SPC water + AA ethanol",density,0.984,"{""condition"": ""648 H_O""}",https://doi.org/10.1016/s0032-3861/96/00773-2,Solvation of poly_vinyl alcohol_ in water_ ethanol and an equimolar water-ethanol mixture_ structure and dynamics studied by molecular dynamics simulation,22bef79a4ad7
"Polymer: Polyvinyl Alcohol (PVA) 15-mer
Property: diffusion_coefficient = 2.6e-10
Additional Info: {""condition"": ""432H20, 300K, 1atm""}
Force Field: All-atom PVA (ethanol-derived, PEO bonded) + SPC water + AA ethanol
Source: Solvation of poly_vinyl alcohol_ in water_ ethanol and an equimolar water-ethanol mixture_ structure and dynamics studied by molecular dynamics simulation
DOI: https://doi.org/10.1016/s0032-3861/96/00773-2",property,563,Polyvinyl Alcohol (PVA) 15-mer,"All-atom PVA (ethanol-derived, PEO bonded) + SPC water + AA ethanol",diffusion_coefficient,2.6e-10,"{""condition"": ""432H20, 300K, 1atm""}",https://doi.org/10.1016/s0032-3861/96/00773-2,Solvation of poly_vinyl alcohol_ in water_ ethanol and an equimolar water-ethanol mixture_ structure and dynamics studied by molecular dynamics simulation,4249ae663670
"Polymer: Polyvinyl Alcohol (PVA) 15-mer
Property: radius_gyration = 0.8
Additional Info: {""condition"": ""648 H_O (water)""}
Force Field: All-atom PVA (ethanol-derived, PEO bonded) + SPC water + AA ethanol
Source: Solvation of poly_vinyl alcohol_ in water_ ethanol and an equimolar water-ethanol mixture_ structure and dynamics studied by molecular dynamics simulation
DOI: https://doi.org/10.1016/s0032-3861/96/00773-2",property,564,Polyvinyl Alcohol (PVA) 15-mer,"All-atom PVA (ethanol-derived, PEO bonded) + SPC water + AA ethanol",radius_gyration,0.8,"{""condition"": ""648 H_O (water)""}",https://doi.org/10.1016/s0032-3861/96/00773-2,Solvation of poly_vinyl alcohol_ in water_ ethanol and an equimolar water-ethanol mixture_ structure and dynamics studied by molecular dynamics simulation,8ecb205ff03f
"Polymer: Polyvinyl Alcohol (PVA) 15-mer
Property: density = 0.857
Additional Info: {""condition"": ""162 H_O / 162 EtOH (1:1 mixture)""}
Force Field: All-atom PVA (ethanol-derived, PEO bonded) + SPC water + AA ethanol
Source: Solvation of poly_vinyl alcohol_ in water_ ethanol and an equimolar water-ethanol mixture_ structure and dynamics studied by molecular dynamics simulation
DOI: https://doi.org/10.1016/s0032-3861/96/00773-2",property,565,Polyvinyl Alcohol (PVA) 15-mer,"All-atom PVA (ethanol-derived, PEO bonded) + SPC water + AA ethanol",density,0.857,"{""condition"": ""162 H_O / 162 EtOH (1:1 mixture)""}",https://doi.org/10.1016/s0032-3861/96/00773-2,Solvation of poly_vinyl alcohol_ in water_ ethanol and an equimolar water-ethanol mixture_ structure and dynamics studied by molecular dynamics simulation,31af54f58e70
"Polymer: Polyvinyl Alcohol (PVA) 15-mer
Property: diffusion_coefficient = 7.5e-11
Additional Info: {""condition"": ""162 H_O / 162 EtOH (1:1), 300K, 1atm""}
Force Field: All-atom PVA (ethanol-derived, PEO bonded) + SPC water + AA ethanol
Source: Solvation of poly_vinyl alcohol_ in water_ ethanol and an equimolar water-ethanol mixture_ structure and dynamics studied by molecular dynamics simulation
DOI: https://doi.org/10.1016/s0032-3861/96/00773-2",property,566,Polyvinyl Alcohol (PVA) 15-mer,"All-atom PVA (ethanol-derived, PEO bonded) + SPC water + AA ethanol",diffusion_coefficient,7.5e-11,"{""condition"": ""162 H_O / 162 EtOH (1:1), 300K, 1atm""}",https://doi.org/10.1016/s0032-3861/96/00773-2,Solvation of poly_vinyl alcohol_ in water_ ethanol and an equimolar water-ethanol mixture_ structure and dynamics studied by molecular dynamics simulation,f2a1f23fff79
"Polymer: Polyvinyl Alcohol (PVA) 15-mer
Property: radius_gyration = 0.92
Additional Info: {""condition"": ""162 H_O / 162 EtOH (1:1 mixture)""}
Force Field: All-atom PVA (ethanol-derived, PEO bonded) + SPC water + AA ethanol
Source: Solvation of poly_vinyl alcohol_ in water_ ethanol and an equimolar water-ethanol mixture_ structure and dynamics studied by molecular dynamics simulation
DOI: https://doi.org/10.1016/s0032-3861/96/00773-2",property,567,Polyvinyl Alcohol (PVA) 15-mer,"All-atom PVA (ethanol-derived, PEO bonded) + SPC water + AA ethanol",radius_gyration,0.92,"{""condition"": ""162 H_O / 162 EtOH (1:1 mixture)""}",https://doi.org/10.1016/s0032-3861/96/00773-2,Solvation of poly_vinyl alcohol_ in water_ ethanol and an equimolar water-ethanol mixture_ structure and dynamics studied by molecular dynamics simulation,576bea8004d4
"Polymer: Polyvinyl Alcohol (PVA) 15-mer
Property: density = 0.809
Additional Info: {""condition"": ""216 EtOH""}
Force Field: All-atom PVA (ethanol-derived, PEO bonded) + SPC water + AA ethanol
Source: Solvation of poly_vinyl alcohol_ in water_ ethanol and an equimolar water-ethanol mixture_ structure and dynamics studied by molecular dynamics simulation
DOI: https://doi.org/10.1016/s0032-3861/96/00773-2",property,568,Polyvinyl Alcohol (PVA) 15-mer,"All-atom PVA (ethanol-derived, PEO bonded) + SPC water + AA ethanol",density,0.809,"{""condition"": ""216 EtOH""}",https://doi.org/10.1016/s0032-3861/96/00773-2,Solvation of poly_vinyl alcohol_ in water_ ethanol and an equimolar water-ethanol mixture_ structure and dynamics studied by molecular dynamics simulation,a19681018cb9
"Polymer: Polyvinyl Alcohol (PVA) 15-mer
Property: diffusion_coefficient = 8.1e-11
Additional Info: {""condition"": ""216 EtOH, 300K, 1atm""}
Force Field: All-atom PVA (ethanol-derived, PEO bonded) + SPC water + AA ethanol
Source: Solvation of poly_vinyl alcohol_ in water_ ethanol and an equimolar water-ethanol mixture_ structure and dynamics studied by molecular dynamics simulation
DOI: https://doi.org/10.1016/s0032-3861/96/00773-2",property,569,Polyvinyl Alcohol (PVA) 15-mer,"All-atom PVA (ethanol-derived, PEO bonded) + SPC water + AA ethanol",diffusion_coefficient,8.1e-11,"{""condition"": ""216 EtOH, 300K, 1atm""}",https://doi.org/10.1016/s0032-3861/96/00773-2,Solvation of poly_vinyl alcohol_ in water_ ethanol and an equimolar water-ethanol mixture_ structure and dynamics studied by molecular dynamics simulation,2f5e66fd628b
"Polymer: Polyvinyl Alcohol (PVA) 15-mer
Property: radius_gyration = 0.85
Additional Info: {""condition"": ""216 EtOH (ethanol)""}
Force Field: All-atom PVA (ethanol-derived, PEO bonded) + SPC water + AA ethanol
Source: Solvation of poly_vinyl alcohol_ in water_ ethanol and an equimolar water-ethanol mixture_ structure and dynamics studied by molecular dynamics simulation
DOI: https://doi.org/10.1016/s0032-3861/96/00773-2",property,570,Polyvinyl Alcohol (PVA) 15-mer,"All-atom PVA (ethanol-derived, PEO bonded) + SPC water + AA ethanol",radius_gyration,0.85,"{""condition"": ""216 EtOH (ethanol)""}",https://doi.org/10.1016/s0032-3861/96/00773-2,Solvation of poly_vinyl alcohol_ in water_ ethanol and an equimolar water-ethanol mixture_ structure and dynamics studied by molecular dynamics simulation,55f5060146db
"Polymer: Poly(ethylene oxide) (PEO)
Property: youngs_modulus = 82
Additional Info: {""condition"": ""Single chain""}
Force Field: Density Functional (DF) simulations
Source: Stretching and breaking of PEO nanofibres. A classical force field and ab initio simulation study
DOI: https://doi.org/10.1039/d0sm00089b",property,573,Poly(ethylene oxide) (PEO),Density Functional (DF) simulations,youngs_modulus,82,"{""condition"": ""Single chain""}",https://doi.org/10.1039/d0sm00089b,Stretching and breaking of PEO nanofibres. A classical force field and ab initio simulation study,a1a57bdbb734
"Polymer: Poly(ethylene oxide) (PEO)
Property: youngs_modulus = 2
Additional Info: {""condition"": ""Two chains""}
Force Field: Density Functional (DF) simulations
Source: Stretching and breaking of PEO nanofibres. A classical force field and ab initio simulation study
DOI: https://doi.org/10.1039/d0sm00089b",property,574,Poly(ethylene oxide) (PEO),Density Functional (DF) simulations,youngs_modulus,2,"{""condition"": ""Two chains""}",https://doi.org/10.1039/d0sm00089b,Stretching and breaking of PEO nanofibres. A classical force field and ab initio simulation study,7236ca190298
"Polymer: Poly(ethylene oxide) (PEO)
Property: youngs_modulus = 183
Additional Info: {""condition"": ""Two chains""}
Force Field: Density Functional (DF) simulations
Source: Stretching and breaking of PEO nanofibres. A classical force field and ab initio simulation study
DOI: https://doi.org/10.1039/d0sm00089b",property,575,Poly(ethylene oxide) (PEO),Density Functional (DF) simulations,youngs_modulus,183,"{""condition"": ""Two chains""}",https://doi.org/10.1039/d0sm00089b,Stretching and breaking of PEO nanofibres. A classical force field and ab initio simulation study,50b8bdbf3e04
"Polymer: Poly(ethylene oxide) (PEO)
Property: youngs_modulus = 75
Additional Info: {""condition"": ""Crystalline sample""}
Force Field: Density Functional (DF) simulations
Source: Stretching and breaking of PEO nanofibres. A classical force field and ab initio simulation study
DOI: https://doi.org/10.1039/d0sm00089b",property,576,Poly(ethylene oxide) (PEO),Density Functional (DF) simulations,youngs_modulus,75,"{""condition"": ""Crystalline sample""}",https://doi.org/10.1039/d0sm00089b,Stretching and breaking of PEO nanofibres. A classical force field and ab initio simulation study,03dfe006daa8
"Polymer: Poly(ethylene oxide) (PEO)
Property: youngs_modulus = 190
Additional Info: {""condition"": ""Crystalline sample""}
Force Field: Density Functional (DF) simulations
Source: Stretching and breaking of PEO nanofibres. A classical force field and ab initio simulation study
DOI: https://doi.org/10.1039/d0sm00089b",property,577,Poly(ethylene oxide) (PEO),Density Functional (DF) simulations,youngs_modulus,190,"{""condition"": ""Crystalline sample""}",https://doi.org/10.1039/d0sm00089b,Stretching and breaking of PEO nanofibres. A classical force field and ab initio simulation study,caa2a3924925
"Polymer: Poly(ethylene oxide) (PEO)
Property: youngs_modulus = 144
Additional Info: {""condition"": ""Single chain bundle""}
Force Field: Classical MD (LAMMPS) with reactive force field
Source: Stretching and breaking of PEO nanofibres. A classical force field and ab initio simulation study
DOI: https://doi.org/10.1039/d0sm00089b",property,578,Poly(ethylene oxide) (PEO),Classical MD (LAMMPS) with reactive force field,youngs_modulus,144,"{""condition"": ""Single chain bundle""}",https://doi.org/10.1039/d0sm00089b,Stretching and breaking of PEO nanofibres. A classical force field and ab initio simulation study,8d1492b19f72
"Polymer: Poly(ethylene oxide) (PEO)
Property: youngs_modulus = 130
Additional Info: {""condition"": ""Bundle at 300_K""}
Force Field: Classical MD (LAMMPS) with reactive force field
Source: Stretching and breaking of PEO nanofibres. A classical force field and ab initio simulation study
DOI: https://doi.org/10.1039/d0sm00089b",property,579,Poly(ethylene oxide) (PEO),Classical MD (LAMMPS) with reactive force field,youngs_modulus,130,"{""condition"": ""Bundle at 300_K""}",https://doi.org/10.1039/d0sm00089b,Stretching and breaking of PEO nanofibres. A classical force field and ab initio simulation study,44f451b827cf
"Polymer: Poly(ethylene oxide) (PEO)
Property: youngs_modulus = 125
Additional Info: {""condition"": ""Bundle at 400_K""}
Force Field: Classical MD (LAMMPS) with reactive force field
Source: Stretching and breaking of PEO nanofibres. A classical force field and ab initio simulation study
DOI: https://doi.org/10.1039/d0sm00089b",property,580,Poly(ethylene oxide) (PEO),Classical MD (LAMMPS) with reactive force field,youngs_modulus,125,"{""condition"": ""Bundle at 400_K""}",https://doi.org/10.1039/d0sm00089b,Stretching and breaking of PEO nanofibres. A classical force field and ab initio simulation study,cd2bb620436b
"Polymer: Polydimethylsiloxane (PDMS) N=60
Property: radius_gyration = 3.82*
Additional Info: {""condition"": ""60-mer""}
Force Field: Coarse-grained molecular dynamics with Lennard-Jones beads
Source: Structure and dynamics of confined flexible and unentangled polymer melts in highly adsorbing cylindrical pores
DOI: https://doi.org/10.1063/1.4893055",property,581,Polydimethylsiloxane (PDMS) N=60,Coarse-grained molecular dynamics with Lennard-Jones beads,radius_gyration,3.82*,"{""condition"": ""60-mer""}",https://doi.org/10.1063/1.4893055,Structure and dynamics of confined flexible and unentangled polymer melts in highly adsorbing cylindrical pores,46f093f78602
"Polymer: Poly(methyl methacrylate) (PMMA) isotactic
Property: diffusion_coefficient = 4e-12
Additional Info: {""condition"" : ""580K""}
Force Field: Kirschner PMMA Force Field
Source: Structure and dynamics of stereo-regular poly_methyl-methacrylate_ melts through atomistic molecular dynamics simulations
DOI: https://doi.org/10.1039/c7sm02008b",property,582,Poly(methyl methacrylate) (PMMA) isotactic,Kirschner PMMA Force Field,diffusion_coefficient,4e-12,"{""condition"" : ""580K""}",https://doi.org/10.1039/c7sm02008b,Structure and dynamics of stereo-regular poly_methyl-methacrylate_ melts through atomistic molecular dynamics simulations,6e4ad5fd3cb2
"Polymer: Poly(methyl methacrylate) (PMMA) isotactic
Property: glass_transition_temp = 413
Additional Info: {}
Force Field: Kirschner PMMA Force Field
Source: Structure and dynamics of stereo-regular poly_methyl-methacrylate_ melts through atomistic molecular dynamics simulations
DOI: https://doi.org/10.1039/c7sm02008b",property,583,Poly(methyl methacrylate) (PMMA) isotactic,Kirschner PMMA Force Field,glass_transition_temp,413,{},https://doi.org/10.1039/c7sm02008b,Structure and dynamics of stereo-regular poly_methyl-methacrylate_ melts through atomistic molecular dynamics simulations,d01f93145344
"Polymer: Poly(methyl methacrylate) (PMMA) isotactic
Property: radius_gyration = 1.06
Additional Info: {}
Force Field: Kirschner PMMA Force Field
Source: Structure and dynamics of stereo-regular poly_methyl-methacrylate_ melts through atomistic molecular dynamics simulations
DOI: https://doi.org/10.1039/c7sm02008b",property,584,Poly(methyl methacrylate) (PMMA) isotactic,Kirschner PMMA Force Field,radius_gyration,1.06,{},https://doi.org/10.1039/c7sm02008b,Structure and dynamics of stereo-regular poly_methyl-methacrylate_ melts through atomistic molecular dynamics simulations,a2b558dfcf6b
"Polymer: Poly(methyl methacrylate) (PMMA) atactic
Property: diffusion_coefficient = 5e-13
Additional Info: {""condition"" : ""550K""}
Force Field: Kirschner PMMA Force Field
Source: Structure and dynamics of stereo-regular poly_methyl-methacrylate_ melts through atomistic molecular dynamics simulations
DOI: https://doi.org/10.1039/c7sm02008b",property,585,Poly(methyl methacrylate) (PMMA) atactic,Kirschner PMMA Force Field,diffusion_coefficient,5e-13,"{""condition"" : ""550K""}",https://doi.org/10.1039/c7sm02008b,Structure and dynamics of stereo-regular poly_methyl-methacrylate_ melts through atomistic molecular dynamics simulations,e2d422a8e923
"Polymer: Poly(methyl methacrylate) (PMMA) atactic
Property: glass_transition_temp = 438
Additional Info: {}
Force Field: Kirschner PMMA Force Field
Source: Structure and dynamics of stereo-regular poly_methyl-methacrylate_ melts through atomistic molecular dynamics simulations
DOI: https://doi.org/10.1039/c7sm02008b",property,586,Poly(methyl methacrylate) (PMMA) atactic,Kirschner PMMA Force Field,glass_transition_temp,438,{},https://doi.org/10.1039/c7sm02008b,Structure and dynamics of stereo-regular poly_methyl-methacrylate_ melts through atomistic molecular dynamics simulations,aacf82a20e67
"Polymer: Poly(methyl methacrylate) (PMMA) atactic
Property: radius_gyration = 1.04
Additional Info: {}
Force Field: Kirschner PMMA Force Field
Source: Structure and dynamics of stereo-regular poly_methyl-methacrylate_ melts through atomistic molecular dynamics simulations
DOI: https://doi.org/10.1039/c7sm02008b",property,587,Poly(methyl methacrylate) (PMMA) atactic,Kirschner PMMA Force Field,radius_gyration,1.04,{},https://doi.org/10.1039/c7sm02008b,Structure and dynamics of stereo-regular poly_methyl-methacrylate_ melts through atomistic molecular dynamics simulations,d6681c906b66
"Polymer: Poly(methyl methacrylate) (PMMA) syndiotactic
Property: diffusion_coefficient = 1.43e-12
Additional Info: {}
Force Field: Kirschner PMMA Force Field
Source: Structure and dynamics of stereo-regular poly_methyl-methacrylate_ melts through atomistic molecular dynamics simulations
DOI: https://doi.org/10.1039/c7sm02008b",property,588,Poly(methyl methacrylate) (PMMA) syndiotactic,Kirschner PMMA Force Field,diffusion_coefficient,1.43e-12,{},https://doi.org/10.1039/c7sm02008b,Structure and dynamics of stereo-regular poly_methyl-methacrylate_ melts through atomistic molecular dynamics simulations,7bdfbfe2bdfb
"Polymer: Poly(methyl methacrylate) (PMMA) syndiotactic
Property: glass_transition_temp = 457
Additional Info: {}
Force Field: Kirschner PMMA Force Field
Source: Structure and dynamics of stereo-regular poly_methyl-methacrylate_ melts through atomistic molecular dynamics simulations
DOI: https://doi.org/10.1039/c7sm02008b",property,589,Poly(methyl methacrylate) (PMMA) syndiotactic,Kirschner PMMA Force Field,glass_transition_temp,457,{},https://doi.org/10.1039/c7sm02008b,Structure and dynamics of stereo-regular poly_methyl-methacrylate_ melts through atomistic molecular dynamics simulations,514d0647bed9
"Polymer: Poly(methyl methacrylate) (PMMA) syndiotactic
Property: radius_gyration = 1.02
Additional Info: {}
Force Field: Kirschner PMMA Force Field
Source: Structure and dynamics of stereo-regular poly_methyl-methacrylate_ melts through atomistic molecular dynamics simulations
DOI: https://doi.org/10.1039/c7sm02008b",property,590,Poly(methyl methacrylate) (PMMA) syndiotactic,Kirschner PMMA Force Field,radius_gyration,1.02,{},https://doi.org/10.1039/c7sm02008b,Structure and dynamics of stereo-regular poly_methyl-methacrylate_ melts through atomistic molecular dynamics simulations,9fc38f26774f
"Polymer: Poly(ethylene terephthalate) (PET)
Property: glass_transition_temp = 343
Additional Info: {}
Force Field: All atom model developed in this work (parameters mainly from Cornell et al. and Allinger et al.)
Source: Structure and Mobility of Poly_ethylene terephthalate__ A Molecular Dynamics Simulation Study
DOI: https://doi.org/10.1021/ma901780e",property,592,Poly(ethylene terephthalate) (PET),All atom model developed in this work (parameters mainly from Cornell et al. and Allinger et al.),glass_transition_temp,343,{},https://doi.org/10.1021/ma901780e,Structure and Mobility of Poly_ethylene terephthalate__ A Molecular Dynamics Simulation Study,e9cf5fb4a2a4
"Polymer: Polyvinylpyrrolidone (PVP)
Property: density = 0.976
Additional Info: {}
Force Field: COMPASS
Source: Study of the structure and dynamics of poly_vinyl pyrrolidone_ by molecular dynamics simulations validated by quasielastic neutron scattering and x-ray diffraction experiments
DOI: https://doi.org/10.1063/1.3533771",property,593,Polyvinylpyrrolidone (PVP),COMPASS,density,0.976,{},https://doi.org/10.1063/1.3533771,Study of the structure and dynamics of poly_vinyl pyrrolidone_ by molecular dynamics simulations validated by quasielastic neutron scattering and x-ray diffraction experiments,e53ed4298f19
"Polymer: β(1→4) Glucopyranose Octamer
Property: radius_gyration = 1.19
Additional Info: {}
Force Field: CHARMM
Source: The Conformation of Glycosidic Linkages According to Various Force Fields- Monte Carlo Modeling of Polysaccharides Based on Extrapolation of Short-Chain Properties
DOI: https://doi.org/10.1021/acs.jctc.4c00543",property,594,β(1→4) Glucopyranose Octamer,CHARMM,radius_gyration,1.19,{},https://doi.org/10.1021/acs.jctc.4c00543,The Conformation of Glycosidic Linkages According to Various Force Fields- Monte Carlo Modeling of Polysaccharides Based on Extrapolation of Short-Chain Properties,98377b850d59
"Polymer: α(1→4)  Glucopyranose Octamer
Property: radius_gyration = 0.89
Additional Info: {}
Force Field: CHARMM
Source: The Conformation of Glycosidic Linkages According to Various Force Fields- Monte Carlo Modeling of Polysaccharides Based on Extrapolation of Short-Chain Properties
DOI: https://doi.org/10.1021/acs.jctc.4c00543",property,595,α(1→4)  Glucopyranose Octamer,CHARMM,radius_gyration,0.89,{},https://doi.org/10.1021/acs.jctc.4c00543,The Conformation of Glycosidic Linkages According to Various Force Fields- Monte Carlo Modeling of Polysaccharides Based on Extrapolation of Short-Chain Properties,009ce6077499
"Polymer: β(1→3) Glucopyranose Octamer
Property: radius_gyration = 0.99
Additional Info: {}
Force Field: CHARMM
Source: The Conformation of Glycosidic Linkages According to Various Force Fields- Monte Carlo Modeling of Polysaccharides Based on Extrapolation of Short-Chain Properties
DOI: https://doi.org/10.1021/acs.jctc.4c00543",property,596,β(1→3) Glucopyranose Octamer,CHARMM,radius_gyration,0.99,{},https://doi.org/10.1021/acs.jctc.4c00543,The Conformation of Glycosidic Linkages According to Various Force Fields- Monte Carlo Modeling of Polysaccharides Based on Extrapolation of Short-Chain Properties,14b77651f3b8
"Polymer: β(1→4) Glucopyranose Octamer
Property: radius_gyration = 1.24
Additional Info: {}
Force Field: GLYCAM
Source: The Conformation of Glycosidic Linkages According to Various Force Fields- Monte Carlo Modeling of Polysaccharides Based on Extrapolation of Short-Chain Properties
DOI: https://doi.org/10.1021/acs.jctc.4c00543",property,597,β(1→4) Glucopyranose Octamer,GLYCAM,radius_gyration,1.24,{},https://doi.org/10.1021/acs.jctc.4c00543,The Conformation of Glycosidic Linkages According to Various Force Fields- Monte Carlo Modeling of Polysaccharides Based on Extrapolation of Short-Chain Properties,03c440ddcc10
"Polymer: α(1→4)  Glucopyranose Octamer
Property: radius_gyration = 0.94
Additional Info: {}
Force Field: GLYCAM
Source: The Conformation of Glycosidic Linkages According to Various Force Fields- Monte Carlo Modeling of Polysaccharides Based on Extrapolation of Short-Chain Properties
DOI: https://doi.org/10.1021/acs.jctc.4c00543",property,598,α(1→4)  Glucopyranose Octamer,GLYCAM,radius_gyration,0.94,{},https://doi.org/10.1021/acs.jctc.4c00543,The Conformation of Glycosidic Linkages According to Various Force Fields- Monte Carlo Modeling of Polysaccharides Based on Extrapolation of Short-Chain Properties,8827fcd2ba07
"Polymer: β(1→3) Glucopyranose Octamer
Property: radius_gyration = 0.75
Additional Info: {}
Force Field: GLYCAM
Source: The Conformation of Glycosidic Linkages According to Various Force Fields- Monte Carlo Modeling of Polysaccharides Based on Extrapolation of Short-Chain Properties
DOI: https://doi.org/10.1021/acs.jctc.4c00543",property,599,β(1→3) Glucopyranose Octamer,GLYCAM,radius_gyration,0.75,{},https://doi.org/10.1021/acs.jctc.4c00543,The Conformation of Glycosidic Linkages According to Various Force Fields- Monte Carlo Modeling of Polysaccharides Based on Extrapolation of Short-Chain Properties,16551b233da4
"Polymer: β(1→4) Glucopyranose Octamer
Property: radius_gyration = 1.2
Additional Info: {}
Force Field: GROMOS
Source: The Conformation of Glycosidic Linkages According to Various Force Fields- Monte Carlo Modeling of Polysaccharides Based on Extrapolation of Short-Chain Properties
DOI: https://doi.org/10.1021/acs.jctc.4c00543",property,600,β(1→4) Glucopyranose Octamer,GROMOS,radius_gyration,1.2,{},https://doi.org/10.1021/acs.jctc.4c00543,The Conformation of Glycosidic Linkages According to Various Force Fields- Monte Carlo Modeling of Polysaccharides Based on Extrapolation of Short-Chain Properties,aa2b944398e8
"Polymer: α(1→4)  Glucopyranose Octamer
Property: radius_gyration = 0.97
Additional Info: {}
Force Field: GROMOS
Source: The Conformation of Glycosidic Linkages According to Various Force Fields- Monte Carlo Modeling of Polysaccharides Based on Extrapolation of Short-Chain Properties
DOI: https://doi.org/10.1021/acs.jctc.4c00543",property,601,α(1→4)  Glucopyranose Octamer,GROMOS,radius_gyration,0.97,{},https://doi.org/10.1021/acs.jctc.4c00543,The Conformation of Glycosidic Linkages According to Various Force Fields- Monte Carlo Modeling of Polysaccharides Based on Extrapolation of Short-Chain Properties,e1cd2b91a897
"Polymer: β(1→3) Glucopyranose Octamer
Property: radius_gyration = 0.98
Additional Info: {}
Force Field: GROMOS
Source: The Conformation of Glycosidic Linkages According to Various Force Fields- Monte Carlo Modeling of Polysaccharides Based on Extrapolation of Short-Chain Properties
DOI: https://doi.org/10.1021/acs.jctc.4c00543",property,602,β(1→3) Glucopyranose Octamer,GROMOS,radius_gyration,0.98,{},https://doi.org/10.1021/acs.jctc.4c00543,The Conformation of Glycosidic Linkages According to Various Force Fields- Monte Carlo Modeling of Polysaccharides Based on Extrapolation of Short-Chain Properties,43bc921c8dba
"Polymer: β(1→4) Glucopyranose Octamer
Property: radius_gyration = 1.17
Additional Info: {}
Force Field: MARTINI 3
Source: The Conformation of Glycosidic Linkages According to Various Force Fields- Monte Carlo Modeling of Polysaccharides Based on Extrapolation of Short-Chain Properties
DOI: https://doi.org/10.1021/acs.jctc.4c00543",property,603,β(1→4) Glucopyranose Octamer,MARTINI 3,radius_gyration,1.17,{},https://doi.org/10.1021/acs.jctc.4c00543,The Conformation of Glycosidic Linkages According to Various Force Fields- Monte Carlo Modeling of Polysaccharides Based on Extrapolation of Short-Chain Properties,f774122b76ff
"Polymer: α(1→4)  Glucopyranose Octamer
Property: radius_gyration = 0.86
Additional Info: {}
Force Field: MARTINI 3
Source: The Conformation of Glycosidic Linkages According to Various Force Fields- Monte Carlo Modeling of Polysaccharides Based on Extrapolation of Short-Chain Properties
DOI: https://doi.org/10.1021/acs.jctc.4c00543",property,604,α(1→4)  Glucopyranose Octamer,MARTINI 3,radius_gyration,0.86,{},https://doi.org/10.1021/acs.jctc.4c00543,The Conformation of Glycosidic Linkages According to Various Force Fields- Monte Carlo Modeling of Polysaccharides Based on Extrapolation of Short-Chain Properties,9ca5832c7dd8
"Polymer: β(1→3) Glucopyranose Octamer
Property: radius_gyration = 1.02
Additional Info: {}
Force Field: MARTINI 3
Source: The Conformation of Glycosidic Linkages According to Various Force Fields- Monte Carlo Modeling of Polysaccharides Based on Extrapolation of Short-Chain Properties
DOI: https://doi.org/10.1021/acs.jctc.4c00543",property,605,β(1→3) Glucopyranose Octamer,MARTINI 3,radius_gyration,1.02,{},https://doi.org/10.1021/acs.jctc.4c00543,The Conformation of Glycosidic Linkages According to Various Force Fields- Monte Carlo Modeling of Polysaccharides Based on Extrapolation of Short-Chain Properties,0910da13f142
"Polymer: Epoxy Resin (DGEBA) and Hardener (DETDA)
Property: glass_transition_temp = 358
Additional Info: {""condition"": ""Cured epoxy network""}
Force Field: COMPASS
Source: The effect of cell-size cross-linking ratio and force fields on the determination of properties of epoxy crosslinked by heuristic protocol
DOI: https://doi.org/10.1088/1361-651x/ac2798",property,606,Epoxy Resin (DGEBA) and Hardener (DETDA),COMPASS,glass_transition_temp,358,"{""condition"": ""Cured epoxy network""}",https://doi.org/10.1088/1361-651x/ac2798,The effect of cell-size cross-linking ratio and force fields on the determination of properties of epoxy crosslinked by heuristic protocol,0c9e9b8387ee
"Polymer: Epoxy Resin (DGEBA) and Hardener (DETDA)
Property: glass_transition_temp = 370
Additional Info: {""condition"": ""Cured epoxy network""}
Force Field: COMPASS
Source: The effect of cell-size cross-linking ratio and force fields on the determination of properties of epoxy crosslinked by heuristic protocol
DOI: https://doi.org/10.1088/1361-651x/ac2798",property,607,Epoxy Resin (DGEBA) and Hardener (DETDA),COMPASS,glass_transition_temp,370,"{""condition"": ""Cured epoxy network""}",https://doi.org/10.1088/1361-651x/ac2798,The effect of cell-size cross-linking ratio and force fields on the determination of properties of epoxy crosslinked by heuristic protocol,d3cb6e21a4f6
"Polymer: Epoxy Resin (DGEBA) and Hardener (DETDA)
Property: glass_transition_temp = 416
Additional Info: {""condition"": ""Cured epoxy network""}
Force Field: COMPASS
Source: The effect of cell-size cross-linking ratio and force fields on the determination of properties of epoxy crosslinked by heuristic protocol
DOI: https://doi.org/10.1088/1361-651x/ac2798",property,608,Epoxy Resin (DGEBA) and Hardener (DETDA),COMPASS,glass_transition_temp,416,"{""condition"": ""Cured epoxy network""}",https://doi.org/10.1088/1361-651x/ac2798,The effect of cell-size cross-linking ratio and force fields on the determination of properties of epoxy crosslinked by heuristic protocol,5f99eb0fba67
"Polymer: Poly(2-vinylpyridine) with octaaminophenyl polyhedral oligomeric silsesquioxane
Property: density = 0.967
Additional Info: {""condition"": ""Hybrid with OAPS nanofiller""}
Force Field: OPLS-AA
Source: The interfacial structure and dynamics in a polymer nanocomposite containing small attractive nanoparticles- a full atomistic molecular dynamics simulation study
DOI: https://doi.org/10.1039/d0cp00799d",property,609,Poly(2-vinylpyridine) with octaaminophenyl polyhedral oligomeric silsesquioxane,OPLS-AA,density,0.967,"{""condition"": ""Hybrid with OAPS nanofiller""}",https://doi.org/10.1039/d0cp00799d,The interfacial structure and dynamics in a polymer nanocomposite containing small attractive nanoparticles- a full atomistic molecular dynamics simulation study,927043067a1a
"Polymer: Poly(2-vinylpyridine) with octaaminophenyl polyhedral oligomeric silsesquioxane
Property: glass_transition_temp = 465
Additional Info: {""condition"": ""Hybrid with OAPS nanofiller""}
Force Field: OPLS-AA
Source: The interfacial structure and dynamics in a polymer nanocomposite containing small attractive nanoparticles- a full atomistic molecular dynamics simulation study
DOI: https://doi.org/10.1039/d0cp00799d",property,610,Poly(2-vinylpyridine) with octaaminophenyl polyhedral oligomeric silsesquioxane,OPLS-AA,glass_transition_temp,465,"{""condition"": ""Hybrid with OAPS nanofiller""}",https://doi.org/10.1039/d0cp00799d,The interfacial structure and dynamics in a polymer nanocomposite containing small attractive nanoparticles- a full atomistic molecular dynamics simulation study,9c536db21ad6
"Polymer: Poly(2-vinylpyridine) with octaaminophenyl polyhedral oligomeric silsesquioxane
Property: radius_gyration = 0.95
Additional Info: {""condition"": ""Hybrid with OAPS nanofiller""}
Force Field: OPLS-AA
Source: The interfacial structure and dynamics in a polymer nanocomposite containing small attractive nanoparticles- a full atomistic molecular dynamics simulation study
DOI: https://doi.org/10.1039/d0cp00799d",property,611,Poly(2-vinylpyridine) with octaaminophenyl polyhedral oligomeric silsesquioxane,OPLS-AA,radius_gyration,0.95,"{""condition"": ""Hybrid with OAPS nanofiller""}",https://doi.org/10.1039/d0cp00799d,The interfacial structure and dynamics in a polymer nanocomposite containing small attractive nanoparticles- a full atomistic molecular dynamics simulation study,a17c95ce3e67
"Polymer: Diglycidyl Ether of Bisphenol F crosslinked with Diethyltoluenediamine
Property: density = 1.074
Additional Info: {""condition"": ""Crosslinked (Degree of Cure > 90%)""}
Force Field: cff91
Source: Thermodynamic and mechanical properties of epoxy resin DGEBF crosslinked with DETDA by molecular dynamics
DOI: https://doi.org/10.1016/j.jmgm.2007.12.001",property,612,Diglycidyl Ether of Bisphenol F crosslinked with Diethyltoluenediamine,cff91,density,1.074,"{""condition"": ""Crosslinked (Degree of Cure > 90%)""}",https://doi.org/10.1016/j.jmgm.2007.12.001,Thermodynamic and mechanical properties of epoxy resin DGEBF crosslinked with DETDA by molecular dynamics,c04393e69015
"Polymer: Diglycidyl Ether of Bisphenol F crosslinked with Diethyltoluenediamine
Property: density = 1.13
Additional Info: {""condition"": ""Crosslinked (Degree of Cure > 90%)""}
Force Field: COMPASS
Source: Thermodynamic and mechanical properties of epoxy resin DGEBF crosslinked with DETDA by molecular dynamics
DOI: https://doi.org/10.1016/j.jmgm.2007.12.001",property,614,Diglycidyl Ether of Bisphenol F crosslinked with Diethyltoluenediamine,COMPASS,density,1.13,"{""condition"": ""Crosslinked (Degree of Cure > 90%)""}",https://doi.org/10.1016/j.jmgm.2007.12.001,Thermodynamic and mechanical properties of epoxy resin DGEBF crosslinked with DETDA by molecular dynamics,dddecb6009b6
"Polymer: Diglycidyl Ether of Bisphenol F (EPON 862) crosslinked with Triethylenetetramine (TETA)
Property: density = 1.134
Additional Info: {""condition"": ""Crosslinked epoxy network""}
Force Field: CVFF
Source: Uniaxial Tensile Creep Behavior of Epoxy-Based Polymer Using Molecular Simulation
DOI: https://doi.org/10.3390/polym13020261",property,616,Diglycidyl Ether of Bisphenol F (EPON 862) crosslinked with Triethylenetetramine (TETA),CVFF,density,1.134,"{""condition"": ""Crosslinked epoxy network""}",https://doi.org/10.3390/polym13020261,Uniaxial Tensile Creep Behavior of Epoxy-Based Polymer Using Molecular Simulation,8350c4744b7e
"Polymer: Diglycidyl Ether of Bisphenol F (EPON 862) crosslinked with Triethylenetetramine (TETA)
Property: glass_transition_temp = 410
Additional Info: {""condition"": ""Crosslinked epoxy network""}
Force Field: CVFF
Source: Uniaxial Tensile Creep Behavior of Epoxy-Based Polymer Using Molecular Simulation
DOI: https://doi.org/10.3390/polym13020261",property,617,Diglycidyl Ether of Bisphenol F (EPON 862) crosslinked with Triethylenetetramine (TETA),CVFF,glass_transition_temp,410,"{""condition"": ""Crosslinked epoxy network""}",https://doi.org/10.3390/polym13020261,Uniaxial Tensile Creep Behavior of Epoxy-Based Polymer Using Molecular Simulation,202bb50296df
"Polymer: Diglycidyl Ether of Bisphenol F (EPON 862) crosslinked with Triethylenetetramine (TETA)
Property: youngs_modulus = 4.39
Additional Info: {""condition"": ""Crosslinked epoxy network""}
Force Field: CVFF
Source: Uniaxial Tensile Creep Behavior of Epoxy-Based Polymer Using Molecular Simulation
DOI: https://doi.org/10.3390/polym13020261",property,618,Diglycidyl Ether of Bisphenol F (EPON 862) crosslinked with Triethylenetetramine (TETA),CVFF,youngs_modulus,4.39,"{""condition"": ""Crosslinked epoxy network""}",https://doi.org/10.3390/polym13020261,Uniaxial Tensile Creep Behavior of Epoxy-Based Polymer Using Molecular Simulation,9d159688ed0a
"Polymer: Polyaniline doped with hydrochloric acid
Property: density = 1.2
Additional Info: {""condition"":""Chloride-doped (PANI–HCl)""}
Force Field: PC and COMPASS
Source: Water harvesting using a conducting polymer_ A study by molecular dynamics simulation
DOI: https://doi.org/10.1103/physreve.79.061801",property,619,Polyaniline doped with hydrochloric acid,PC and COMPASS,density,1.2,"{""condition"":""Chloride-doped (PANI–HCl)""}",https://doi.org/10.1103/physreve.79.061801,Water harvesting using a conducting polymer_ A study by molecular dynamics simulation,029dfe4cbcae
"Polymer: Polyaniline doped with hydrochloric acid
Property: diffusion_coefficient = 5.1e-12
Additional Info: {""condition"":""Chloride-doped (PANI–HCl)""}
Force Field: PC and COMPASS
Source: Water harvesting using a conducting polymer_ A study by molecular dynamics simulation
DOI: https://doi.org/10.1103/physreve.79.061801",property,620,Polyaniline doped with hydrochloric acid,PC and COMPASS,diffusion_coefficient,5.1e-12,"{""condition"":""Chloride-doped (PANI–HCl)""}",https://doi.org/10.1103/physreve.79.061801,Water harvesting using a conducting polymer_ A study by molecular dynamics simulation,0b0cd3ac3e8a
"Polymer: Polyaniline doped with hydrobromic acid
Property: density = 1.32
Additional Info: {""condition"":""Bromide-doped (PANI–HBr)""}
Force Field: PC and COMPASS
Source: Water harvesting using a conducting polymer_ A study by molecular dynamics simulation
DOI: https://doi.org/10.1103/physreve.79.061801",property,621,Polyaniline doped with hydrobromic acid,PC and COMPASS,density,1.32,"{""condition"":""Bromide-doped (PANI–HBr)""}",https://doi.org/10.1103/physreve.79.061801,Water harvesting using a conducting polymer_ A study by molecular dynamics simulation,9510fd507da8
"Polymer: Polyaniline doped with hydrobromic acid
Property: diffusion_coefficient = 4.16e-12
Additional Info: {""condition"":""Bromide-doped (PANI–HBr)""}
Force Field: PC and COMPASS
Source: Water harvesting using a conducting polymer_ A study by molecular dynamics simulation
DOI: https://doi.org/10.1103/physreve.79.061801",property,622,Polyaniline doped with hydrobromic acid,PC and COMPASS,diffusion_coefficient,4.16e-12,"{""condition"":""Bromide-doped (PANI–HBr)""}",https://doi.org/10.1103/physreve.79.061801,Water harvesting using a conducting polymer_ A study by molecular dynamics simulation,cddfd46a74c8
"Polymer: Eucommia ulmoides gum
Property: density = 0.912
Additional Info: {}
Force Field: Dreiding
Source: A combined experimental and molecular dynamics simulation study on the miscibility of Eucommia ulmoides gum with butadiene rubber
DOI: https://doi.org/10.1007/s10965-017-1245-0",property,632,Eucommia ulmoides gum,Dreiding,density,0.912,{},https://doi.org/10.1007/s10965-017-1245-0,A combined experimental and molecular dynamics simulation study on the miscibility of Eucommia ulmoides gum with butadiene rubber,505e1a1468c1
"Polymer: Butadiene rubber
Property: density = 0.853
Additional Info: {}
Force Field: Dreiding
Source: A combined experimental and molecular dynamics simulation study on the miscibility of Eucommia ulmoides gum with butadiene rubber
DOI: https://doi.org/10.1007/s10965-017-1245-0",property,633,Butadiene rubber,Dreiding,density,0.853,{},https://doi.org/10.1007/s10965-017-1245-0,A combined experimental and molecular dynamics simulation study on the miscibility of Eucommia ulmoides gum with butadiene rubber,a22eabaee29f
"Polymer: Eucommia ulmoides gum / Butadiene rubber blend (20/80)
Property: density = 0.857
Additional Info: {""condition"": ""Blend ratio 20/80 wt%""}
Force Field: Dreiding
Source: A combined experimental and molecular dynamics simulation study on the miscibility of Eucommia ulmoides gum with butadiene rubber
DOI: https://doi.org/10.1007/s10965-017-1245-0",property,634,Eucommia ulmoides gum / Butadiene rubber blend (20/80),Dreiding,density,0.857,"{""condition"": ""Blend ratio 20/80 wt%""}",https://doi.org/10.1007/s10965-017-1245-0,A combined experimental and molecular dynamics simulation study on the miscibility of Eucommia ulmoides gum with butadiene rubber,75e468ca8752
"Polymer: Eucommia ulmoides gum / Butadiene rubber blend (30/70)
Property: density = 0.862
Additional Info: {""condition"": ""Blend ratio 30/70 wt%""}
Force Field: Dreiding
Source: A combined experimental and molecular dynamics simulation study on the miscibility of Eucommia ulmoides gum with butadiene rubber
DOI: https://doi.org/10.1007/s10965-017-1245-0",property,635,Eucommia ulmoides gum / Butadiene rubber blend (30/70),Dreiding,density,0.862,"{""condition"": ""Blend ratio 30/70 wt%""}",https://doi.org/10.1007/s10965-017-1245-0,A combined experimental and molecular dynamics simulation study on the miscibility of Eucommia ulmoides gum with butadiene rubber,9a0b15157b75
"Polymer: Eucommia ulmoides gum / Butadiene rubber blend (50/50)
Property: density = 0.871
Additional Info: {""condition"": ""Blend ratio 50/50 wt%""}
Force Field: Dreiding
Source: A combined experimental and molecular dynamics simulation study on the miscibility of Eucommia ulmoides gum with butadiene rubber
DOI: https://doi.org/10.1007/s10965-017-1245-0",property,636,Eucommia ulmoides gum / Butadiene rubber blend (50/50),Dreiding,density,0.871,"{""condition"": ""Blend ratio 50/50 wt%""}",https://doi.org/10.1007/s10965-017-1245-0,A combined experimental and molecular dynamics simulation study on the miscibility of Eucommia ulmoides gum with butadiene rubber,75b1841b5e2b
"Polymer: Eucommia ulmoides gum / Butadiene rubber blend (70/30)
Property: density = 0.878
Additional Info: {""condition"": ""Blend ratio 70/30 wt%""}
Force Field: Dreiding
Source: A combined experimental and molecular dynamics simulation study on the miscibility of Eucommia ulmoides gum with butadiene rubber
DOI: https://doi.org/10.1007/s10965-017-1245-0",property,637,Eucommia ulmoides gum / Butadiene rubber blend (70/30),Dreiding,density,0.878,"{""condition"": ""Blend ratio 70/30 wt%""}",https://doi.org/10.1007/s10965-017-1245-0,A combined experimental and molecular dynamics simulation study on the miscibility of Eucommia ulmoides gum with butadiene rubber,f1535d550873
"Polymer: Eucommia ulmoides gum / Butadiene rubber blend (80/20)
Property: density = 0.884
Additional Info: {""condition"": ""Blend ratio 80/20 wt%""}
Force Field: Dreiding
Source: A combined experimental and molecular dynamics simulation study on the miscibility of Eucommia ulmoides gum with butadiene rubber
DOI: https://doi.org/10.1007/s10965-017-1245-0",property,638,Eucommia ulmoides gum / Butadiene rubber blend (80/20),Dreiding,density,0.884,"{""condition"": ""Blend ratio 80/20 wt%""}",https://doi.org/10.1007/s10965-017-1245-0,A combined experimental and molecular dynamics simulation study on the miscibility of Eucommia ulmoides gum with butadiene rubber,fdac231342ad
"Polymer: Polypyrrole
Property: density = 1.23
Additional Info: {""condition"": ""Undoped""}
Force Field: OPLS-AA
Source: A combined molecular dynamics and experimental study of doped polypyrrole
DOI: https://doi.org/10.1016/j.polymer.2010.08.024",property,639,Polypyrrole,OPLS-AA,density,1.23,"{""condition"": ""Undoped""}",https://doi.org/10.1016/j.polymer.2010.08.024,A combined molecular dynamics and experimental study of doped polypyrrole,3603b65449da
"Polymer: Polypyrrole
Property: density = 1.223
Additional Info: {""condition"": ""Undoped""}
Force Field: OPLS-AA
Source: A combined molecular dynamics and experimental study of doped polypyrrole
DOI: https://doi.org/10.1016/j.polymer.2010.08.024",property,640,Polypyrrole,OPLS-AA,density,1.223,"{""condition"": ""Undoped""}",https://doi.org/10.1016/j.polymer.2010.08.024,A combined molecular dynamics and experimental study of doped polypyrrole,324c96e80c35
"Polymer: Chloride-doped Polypyrrole
Property: density = 1.146
Additional Info: {""condition"": ""Doped with Cl_ (amorphous)""}
Force Field: OPLS-AA
Source: A combined molecular dynamics and experimental study of doped polypyrrole
DOI: https://doi.org/10.1016/j.polymer.2010.08.024",property,641,Chloride-doped Polypyrrole,OPLS-AA,density,1.146,"{""condition"": ""Doped with Cl_ (amorphous)""}",https://doi.org/10.1016/j.polymer.2010.08.024,A combined molecular dynamics and experimental study of doped polypyrrole,5f6a84a13707
"Polymer: Chloride-doped Polypyrrole
Property: density = 1.12
Additional Info: {""condition"": ""Doped with Cl_ (amorphous)""}
Force Field: OPLS-AA
Source: A combined molecular dynamics and experimental study of doped polypyrrole
DOI: https://doi.org/10.1016/j.polymer.2010.08.024",property,643,Chloride-doped Polypyrrole,OPLS-AA,density,1.12,"{""condition"": ""Doped with Cl_ (amorphous)""}",https://doi.org/10.1016/j.polymer.2010.08.024,A combined molecular dynamics and experimental study of doped polypyrrole,f18fb49568c8
"Polymer: Crystalline Chloride-doped Polypyrrole
Property: density = 1.3
Additional Info: {""condition"": ""Doped with Cl_ (crystalline)""}
Force Field: OPLS-AA
Source: A combined molecular dynamics and experimental study of doped polypyrrole
DOI: https://doi.org/10.1016/j.polymer.2010.08.024",property,644,Crystalline Chloride-doped Polypyrrole,OPLS-AA,density,1.3,"{""condition"": ""Doped with Cl_ (crystalline)""}",https://doi.org/10.1016/j.polymer.2010.08.024,A combined molecular dynamics and experimental study of doped polypyrrole,652bc2d58ac6
"Polymer: Polyethylene Oxide
Property: density = 1.09
Additional Info: {}
Force Field: Empirical bonded and nonbonded potentials with parameters from Ref. 27
Source: A molecular dynamics model of the amorphous regions of polyethylene oxide
DOI: https://doi.org/10.1063/1.472035",property,645,Polyethylene Oxide,Empirical bonded and nonbonded potentials with parameters from Ref. 27,density,1.09,{},https://doi.org/10.1063/1.472035,A molecular dynamics model of the amorphous regions of polyethylene oxide,81931fc90b05
"Polymer: Polyethylene Oxide
Property: density = 1.26
Additional Info: {}
Force Field: Empirical bonded and nonbonded potentials with parameters from Ref. 27
Source: A molecular dynamics model of the amorphous regions of polyethylene oxide
DOI: https://doi.org/10.1063/1.472035",property,646,Polyethylene Oxide,Empirical bonded and nonbonded potentials with parameters from Ref. 27,density,1.26,{},https://doi.org/10.1063/1.472035,A molecular dynamics model of the amorphous regions of polyethylene oxide,9a13c0940660
"Polymer: Poly(dimethylsiloxane)
Property: density = 1.12
Additional Info: {}
Force Field: Quantum chemistry based force field
Source: A molecular dynamics simulation and quantum chemistry study of poly(dimethylsiloxane)‚Äö√Ñ√¨silica nanoparticle interactions
DOI: https://doi.org/10.1002/polb.21119",property,647,Poly(dimethylsiloxane),Quantum chemistry based force field,density,1.12,{},https://doi.org/10.1002/polb.21119,A molecular dynamics simulation and quantum chemistry study of poly(dimethylsiloxane)‚Äö√Ñ√¨silica nanoparticle interactions,5112610d47c9
"Polymer: Poly(dimethylsiloxane)
Property: viscosity = 0.012
Additional Info: {}
Force Field: Quantum chemistry based force field
Source: A molecular dynamics simulation and quantum chemistry study of poly(dimethylsiloxane)‚Äö√Ñ√¨silica nanoparticle interactions
DOI: https://doi.org/10.1002/polb.21119",property,649,Poly(dimethylsiloxane),Quantum chemistry based force field,viscosity,0.012,{},https://doi.org/10.1002/polb.21119,A molecular dynamics simulation and quantum chemistry study of poly(dimethylsiloxane)‚Äö√Ñ√¨silica nanoparticle interactions,325c2e6cbff9
"Polymer: Poly(dimethylsiloxane)
Property: density = 1.064
Additional Info: {}
Force Field: Quantum chemistry based force field
Source: A molecular dynamics simulation and quantum chemistry study of poly(dimethylsiloxane)‚Äö√Ñ√¨silica nanoparticle interactions
DOI: https://doi.org/10.1002/polb.21119",property,650,Poly(dimethylsiloxane),Quantum chemistry based force field,density,1.064,{},https://doi.org/10.1002/polb.21119,A molecular dynamics simulation and quantum chemistry study of poly(dimethylsiloxane)‚Äö√Ñ√¨silica nanoparticle interactions,807489982d74
"Polymer: Poly(ether sulfone)
Property: density = 1.3919
Additional Info: {}
Force Field: TRIPOS 5.2 with MM3 parameters for sulfonic group
Source: A molecular dynamics simulation study of three polysulfones in dry and hydrated states
DOI: https://doi.org/10.1002/polb.22117",property,652,Poly(ether sulfone),TRIPOS 5.2 with MM3 parameters for sulfonic group,density,1.3919,{},https://doi.org/10.1002/polb.22117,A molecular dynamics simulation study of three polysulfones in dry and hydrated states,cdc3768f67db
"Polymer: Poly(ether sulfone)
Property: glass_transition_temp = 497
Additional Info: {}
Force Field: TRIPOS 5.2 with MM3 parameters for sulfonic group
Source: A molecular dynamics simulation study of three polysulfones in dry and hydrated states
DOI: https://doi.org/10.1002/polb.22117",property,653,Poly(ether sulfone),TRIPOS 5.2 with MM3 parameters for sulfonic group,glass_transition_temp,497,{},https://doi.org/10.1002/polb.22117,A molecular dynamics simulation study of three polysulfones in dry and hydrated states,9e3da803c647
"Polymer: Poly(phenylene sulfone)
Property: density = 1.3132
Additional Info: {}
Force Field: TRIPOS 5.2 with MM3 parameters for sulfonic group
Source: A molecular dynamics simulation study of three polysulfones in dry and hydrated states
DOI: https://doi.org/10.1002/polb.22117",property,654,Poly(phenylene sulfone),TRIPOS 5.2 with MM3 parameters for sulfonic group,density,1.3132,{},https://doi.org/10.1002/polb.22117,A molecular dynamics simulation study of three polysulfones in dry and hydrated states,38dafb50b0b2
"Polymer: Poly(phenylene sulfone)
Property: glass_transition_temp = 497
Additional Info: {}
Force Field: TRIPOS 5.2 with MM3 parameters for sulfonic group
Source: A molecular dynamics simulation study of three polysulfones in dry and hydrated states
DOI: https://doi.org/10.1002/polb.22117",property,655,Poly(phenylene sulfone),TRIPOS 5.2 with MM3 parameters for sulfonic group,glass_transition_temp,497,{},https://doi.org/10.1002/polb.22117,A molecular dynamics simulation study of three polysulfones in dry and hydrated states,12e2faf3ecb6
"Polymer: Polysulfone
Property: density = 1.2298
Additional Info: {}
Force Field: TRIPOS 5.2 with MM3 parameters for sulfonic group
Source: A molecular dynamics simulation study of three polysulfones in dry and hydrated states
DOI: https://doi.org/10.1002/polb.22117",property,656,Polysulfone,TRIPOS 5.2 with MM3 parameters for sulfonic group,density,1.2298,{},https://doi.org/10.1002/polb.22117,A molecular dynamics simulation study of three polysulfones in dry and hydrated states,ae04e53d2c6e
"Polymer: Polysulfone
Property: glass_transition_temp = 459
Additional Info: {}
Force Field: TRIPOS 5.2 with MM3 parameters for sulfonic group
Source: A molecular dynamics simulation study of three polysulfones in dry and hydrated states
DOI: https://doi.org/10.1002/polb.22117",property,657,Polysulfone,TRIPOS 5.2 with MM3 parameters for sulfonic group,glass_transition_temp,459,{},https://doi.org/10.1002/polb.22117,A molecular dynamics simulation study of three polysulfones in dry and hydrated states,cbadc3ecd486
"Polymer: Diglycidyl Ether of Bisphenol A (EPON 828) crosslinked with Diethylenetriamine (DETA)
Property: density = 1.1523
Additional Info: {""condition"": ""Crosslinked epoxy network""}
Force Field: OPLS-AA
Source: A molecular dynamics study of water transport inside an epoxy polymer matrix
DOI: https://doi.org/10.1016/j.commatsci.2015.04.032",property,658,Diglycidyl Ether of Bisphenol A (EPON 828) crosslinked with Diethylenetriamine (DETA),OPLS-AA,density,1.1523,"{""condition"": ""Crosslinked epoxy network""}",https://doi.org/10.1016/j.commatsci.2015.04.032,A molecular dynamics study of water transport inside an epoxy polymer matrix,38dcf2c8e322
"Polymer: Diglycidyl Ether of Bisphenol A (EPON 828) crosslinked with Diethylenetriamine (DETA)
Property: youngs_modulus = 3.7
Additional Info: {""condition"": ""Crosslinked epoxy network""}
Force Field: OPLS-AA
Source: A molecular dynamics study of water transport inside an epoxy polymer matrix
DOI: https://doi.org/10.1016/j.commatsci.2015.04.032",property,659,Diglycidyl Ether of Bisphenol A (EPON 828) crosslinked with Diethylenetriamine (DETA),OPLS-AA,youngs_modulus,3.7,"{""condition"": ""Crosslinked epoxy network""}",https://doi.org/10.1016/j.commatsci.2015.04.032,A molecular dynamics study of water transport inside an epoxy polymer matrix,e9797c7b5bd8
"Polymer: Polyacrylamide
Property: radius_gyration = 1.716
Additional Info: {}
Force Field: DREIDING-SPC
Source: A molecular dynamics study of water-soluble polymers: analysis of force fields from atomistic simulations
DOI: https://doi.org/10.1080/08927022.2018.1531401",property,660,Polyacrylamide,DREIDING-SPC,radius_gyration,1.716,{},https://doi.org/10.1080/08927022.2018.1531401,A molecular dynamics study of water-soluble polymers: analysis of force fields from atomistic simulations,5442cdc06990
"Polymer: Polyacrylamide
Property: radius_gyration = 1.103
Additional Info: {}
Force Field: GAFF-SPC
Source: A molecular dynamics study of water-soluble polymers: analysis of force fields from atomistic simulations
DOI: https://doi.org/10.1080/08927022.2018.1531401",property,661,Polyacrylamide,GAFF-SPC,radius_gyration,1.103,{},https://doi.org/10.1080/08927022.2018.1531401,A molecular dynamics study of water-soluble polymers: analysis of force fields from atomistic simulations,95fe2f3bfc47
"Polymer: Polyacrylamide
Property: radius_gyration = 1.028
Additional Info: {}
Force Field: GAFF2-SPC
Source: A molecular dynamics study of water-soluble polymers: analysis of force fields from atomistic simulations
DOI: https://doi.org/10.1080/08927022.2018.1531401",property,662,Polyacrylamide,GAFF2-SPC,radius_gyration,1.028,{},https://doi.org/10.1080/08927022.2018.1531401,A molecular dynamics study of water-soluble polymers: analysis of force fields from atomistic simulations,f74b7eb3be47
"Polymer: Polyethylene Oxide
Property: radius_gyration = 1.298
Additional Info: {}
Force Field: CHARMM-c-TIP3P
Source: A molecular dynamics study of water-soluble polymers: analysis of force fields from atomistic simulations
DOI: https://doi.org/10.1080/08927022.2018.1531401",property,666,Polyethylene Oxide,CHARMM-c-TIP3P,radius_gyration,1.298,{},https://doi.org/10.1080/08927022.2018.1531401,A molecular dynamics study of water-soluble polymers: analysis of force fields from atomistic simulations,f2addc96a62c
"Polymer: Styrene-butadiene rubber
Property: density = 0.94
Additional Info: {}
Force Field: COMPASS
Source: A molecular dynamics study on Young‚Äö√Ñ√¥s modulus and tribology of carbon nanotube reinforced styrene-butadiene rubber
DOI: https://doi.org/10.1007/s00894-018-3636-5",property,667,Styrene-butadiene rubber,COMPASS,density,0.94,{},https://doi.org/10.1007/s00894-018-3636-5,A molecular dynamics study on Young‚Äö√Ñ√¥s modulus and tribology of carbon nanotube reinforced styrene-butadiene rubber,eded9a7390f2
"Polymer: Styrene-butadiene rubber
Property: youngs_modulus = 0.00048
Additional Info: {}
Force Field: COMPASS
Source: A molecular dynamics study on Young‚Äö√Ñ√¥s modulus and tribology of carbon nanotube reinforced styrene-butadiene rubber
DOI: https://doi.org/10.1007/s00894-018-3636-5",property,668,Styrene-butadiene rubber,COMPASS,youngs_modulus,0.00048,{},https://doi.org/10.1007/s00894-018-3636-5,A molecular dynamics study on Young‚Äö√Ñ√¥s modulus and tribology of carbon nanotube reinforced styrene-butadiene rubber,b7ef5baa64da
"Polymer: Styrene-butadiene rubber with 5 wt.% carbon nanotube
Property: youngs_modulus = 0.00062
Additional Info: {""condition"": ""Reinforced with 5 wt.% CNT""}
Force Field: COMPASS
Source: A molecular dynamics study on Young‚Äö√Ñ√¥s modulus and tribology of carbon nanotube reinforced styrene-butadiene rubber
DOI: https://doi.org/10.1007/s00894-018-3636-5",property,669,Styrene-butadiene rubber with 5 wt.% carbon nanotube,COMPASS,youngs_modulus,0.00062,"{""condition"": ""Reinforced with 5 wt.% CNT""}",https://doi.org/10.1007/s00894-018-3636-5,A molecular dynamics study on Young‚Äö√Ñ√¥s modulus and tribology of carbon nanotube reinforced styrene-butadiene rubber,b4132a99069e
"Polymer: cis-1,4-Polybutadiene
Property: density = 0.828
Additional Info: {}
Force Field: OPLS-AA
Source: A parallel algorithm to produce long polymer chains in molecular dynamics
DOI: https://doi.org/10.1063/1.5065785",property,670,"cis-1,4-Polybutadiene",OPLS-AA,density,0.828,{},https://doi.org/10.1063/1.5065785,A parallel algorithm to produce long polymer chains in molecular dynamics,400581ff97ce
"Polymer: cis-1,4-Polybutadiene (2000 carbon atoms)
Property: density = 0.828
Additional Info: {""condition"":""Finite chain (n ≤ 500)""}
Force Field: OPLS-AA
Source: A parallel algorithm to produce long polymer chains in molecular dynamics
DOI: https://doi.org/10.1063/1.5065785",property,672,"cis-1,4-Polybutadiene (2000 carbon atoms)",OPLS-AA,density,0.828,"{""condition"":""Finite chain (n ≤ 500)""}",https://doi.org/10.1063/1.5065785,A parallel algorithm to produce long polymer chains in molecular dynamics,4aa966d61038
"Polymer: cis-1,4-Polybutadiene (2000 carbon atoms)
Property: radius_gyration = 6
Additional Info: {""condition"":""Finite chain (n ≤ 500)""}
Force Field: OPLS-AA
Source: A parallel algorithm to produce long polymer chains in molecular dynamics
DOI: https://doi.org/10.1063/1.5065785",property,673,"cis-1,4-Polybutadiene (2000 carbon atoms)",OPLS-AA,radius_gyration,6,"{""condition"":""Finite chain (n ≤ 500)""}",https://doi.org/10.1063/1.5065785,A parallel algorithm to produce long polymer chains in molecular dynamics,0d1048d0b87c
"Polymer: Polyethylene
Property: radius_gyration = 0.77*
Additional Info: {}
Force Field: DREIDING
Source: A polyethylene chain investigated with replica exchange molecular dynamics simulation: Equilibrium lamellar thickness and melting point, ordering and free energy
DOI: https://doi.org/10.1016/j.polymer.2010.09.019",property,674,Polyethylene,DREIDING,radius_gyration,0.77*,{},https://doi.org/10.1016/j.polymer.2010.09.019,"A polyethylene chain investigated with replica exchange molecular dynamics simulation: Equilibrium lamellar thickness and melting point, ordering and free energy",036b39d9874b
"Polymer: Poly(ethylene glycol)
Property: density = 0.58
Additional Info: {}
Force Field: Coarse-grained model with harmonic bond, angle, Lennard-Jones, and H-bond potentials
Source: Additional Entanglement Effect Imposed by Small Sized Ring Aggregates in Supramolecular Polymer Melts: Molecular Dynamics Simulation Study
DOI: https://doi.org/10.1021/acs.macromol.9b02209",property,675,Poly(ethylene glycol),"Coarse-grained model with harmonic bond, angle, Lennard-Jones, and H-bond potentials",density,0.58,{},https://doi.org/10.1021/acs.macromol.9b02209,Additional Entanglement Effect Imposed by Small Sized Ring Aggregates in Supramolecular Polymer Melts: Molecular Dynamics Simulation Study,7220340b7604
"Polymer: Poly(ethylene glycol)
Property: diffusion_coefficient = 6.7e-12
Additional Info: {}
Force Field: Coarse-grained model with harmonic bond, angle, Lennard-Jones, and H-bond potentials
Source: Additional Entanglement Effect Imposed by Small Sized Ring Aggregates in Supramolecular Polymer Melts: Molecular Dynamics Simulation Study
DOI: https://doi.org/10.1021/acs.macromol.9b02209",property,676,Poly(ethylene glycol),"Coarse-grained model with harmonic bond, angle, Lennard-Jones, and H-bond potentials",diffusion_coefficient,6.7e-12,{},https://doi.org/10.1021/acs.macromol.9b02209,Additional Entanglement Effect Imposed by Small Sized Ring Aggregates in Supramolecular Polymer Melts: Molecular Dynamics Simulation Study,13eb811977b4
"Polymer: Poly(ethylene glycol) functionalized with pairwise associating stickers
Property: density = 0.58
Additional Info: {""condition"": ""Sticker-functionalized melt (SMP)""}
Force Field: Coarse-grained model with H-bond potential, ESPResSo++
Source: Additional Entanglement Effect Imposed by Small Sized Ring Aggregates in Supramolecular Polymer Melts: Molecular Dynamics Simulation Study
DOI: https://doi.org/10.1021/acs.macromol.9b02209",property,678,Poly(ethylene glycol) functionalized with pairwise associating stickers,"Coarse-grained model with H-bond potential, ESPResSo++",density,0.58,"{""condition"": ""Sticker-functionalized melt (SMP)""}",https://doi.org/10.1021/acs.macromol.9b02209,Additional Entanglement Effect Imposed by Small Sized Ring Aggregates in Supramolecular Polymer Melts: Molecular Dynamics Simulation Study,741f89a25822
"Polymer: Poly(ethylene glycol) functionalized with pairwise associating stickers
Property: radius_gyration = 1.0444
Additional Info: {""condition"": ""Sticker-functionalized melt (SMP)""}
Force Field: Coarse-grained model with H-bond potential, ESPResSo++
Source: Additional Entanglement Effect Imposed by Small Sized Ring Aggregates in Supramolecular Polymer Melts: Molecular Dynamics Simulation Study
DOI: https://doi.org/10.1021/acs.macromol.9b02209",property,679,Poly(ethylene glycol) functionalized with pairwise associating stickers,"Coarse-grained model with H-bond potential, ESPResSo++",radius_gyration,1.0444,"{""condition"": ""Sticker-functionalized melt (SMP)""}",https://doi.org/10.1021/acs.macromol.9b02209,Additional Entanglement Effect Imposed by Small Sized Ring Aggregates in Supramolecular Polymer Melts: Molecular Dynamics Simulation Study,d5e1c892c890
"Polymer: Poly(N-isopropylacrylamide) 30-mer
Property: density = 0.98
Additional Info: {""condition"": ""Finite chain (n=30)""}
Force Field: PCFF
Source: Agglomeration Dynamics In Thermo-Sensitive Polymers Across The Lower Critical Solution Temperature: A Molecular Dynamics Simulation Study
DOI: https://doi.org/10.1557/opl.2012.199",property,680,Poly(N-isopropylacrylamide) 30-mer,PCFF,density,0.98,"{""condition"": ""Finite chain (n=30)""}",https://doi.org/10.1557/opl.2012.199,Agglomeration Dynamics In Thermo-Sensitive Polymers Across The Lower Critical Solution Temperature: A Molecular Dynamics Simulation Study,ff95905c9ab7
"Polymer: Poly(2-vinyl pyridine) 48-mer
Property: density = 1.0853
Additional Info: {""condition"": ""Finite chain (n=48)""}
Force Field: OPLS-AA
Source: All-Atom Model of Atactic 2-Vinyl Pyridine Polymer: Structural Properties Investigation by Molecular Dynamics Simulations
DOI: https://doi.org/10.1149/2.0471909jes",property,684,Poly(2-vinyl pyridine) 48-mer,OPLS-AA,density,1.0853,"{""condition"": ""Finite chain (n=48)""}",https://doi.org/10.1149/2.0471909jes,All-Atom Model of Atactic 2-Vinyl Pyridine Polymer: Structural Properties Investigation by Molecular Dynamics Simulations,b7dc800c243d
"Polymer: Poly(2-vinyl pyridine) 48-mer
Property: radius_gyration = 1.51
Additional Info: {""condition"": ""Finite chain (n=48)""}
Force Field: OPLS-AA
Source: All-Atom Model of Atactic 2-Vinyl Pyridine Polymer: Structural Properties Investigation by Molecular Dynamics Simulations
DOI: https://doi.org/10.1149/2.0471909jes",property,685,Poly(2-vinyl pyridine) 48-mer,OPLS-AA,radius_gyration,1.51,"{""condition"": ""Finite chain (n=48)""}",https://doi.org/10.1149/2.0471909jes,All-Atom Model of Atactic 2-Vinyl Pyridine Polymer: Structural Properties Investigation by Molecular Dynamics Simulations,40da797eb4dc
"Polymer: Natural Rubber
Property: density = 0.898
Additional Info: {}
Force Field: COMPASS
Source: An Insight into molecular structure and properties of flexible amorphous polymers: A molecular dynamics simulation approach
DOI: https://doi.org/10.1002/app.47457",property,695,Natural Rubber,COMPASS,density,0.898,{},https://doi.org/10.1002/app.47457,An Insight into molecular structure and properties of flexible amorphous polymers: A molecular dynamics simulation approach,2fe45daa921a
"Polymer: Natural Rubber
Property: glass_transition_temp = 202
Additional Info: {}
Force Field: COMPASS
Source: An Insight into molecular structure and properties of flexible amorphous polymers: A molecular dynamics simulation approach
DOI: https://doi.org/10.1002/app.47457",property,696,Natural Rubber,COMPASS,glass_transition_temp,202,{},https://doi.org/10.1002/app.47457,An Insight into molecular structure and properties of flexible amorphous polymers: A molecular dynamics simulation approach,330841d2e70a
"Polymer: Polybutadiene Rubber
Property: density = 0.899
Additional Info: {}
Force Field: COMPASS
Source: An Insight into molecular structure and properties of flexible amorphous polymers: A molecular dynamics simulation approach
DOI: https://doi.org/10.1002/app.47457",property,697,Polybutadiene Rubber,COMPASS,density,0.899,{},https://doi.org/10.1002/app.47457,An Insight into molecular structure and properties of flexible amorphous polymers: A molecular dynamics simulation approach,b258adcef884
"Polymer: Polybutadiene Rubber
Property: glass_transition_temp = 181
Additional Info: {}
Force Field: COMPASS
Source: An Insight into molecular structure and properties of flexible amorphous polymers: A molecular dynamics simulation approach
DOI: https://doi.org/10.1002/app.47457",property,698,Polybutadiene Rubber,COMPASS,glass_transition_temp,181,{},https://doi.org/10.1002/app.47457,An Insight into molecular structure and properties of flexible amorphous polymers: A molecular dynamics simulation approach,646a99d012f9
"Polymer: Styrene Butadiene Rubber
Property: density = 0.97
Additional Info: {}
Force Field: COMPASS
Source: An Insight into molecular structure and properties of flexible amorphous polymers: A molecular dynamics simulation approach
DOI: https://doi.org/10.1002/app.47457",property,699,Styrene Butadiene Rubber,COMPASS,density,0.97,{},https://doi.org/10.1002/app.47457,An Insight into molecular structure and properties of flexible amorphous polymers: A molecular dynamics simulation approach,4d2cf81c8235
"Polymer: Styrene Butadiene Rubber
Property: glass_transition_temp = 224
Additional Info: {}
Force Field: COMPASS
Source: An Insight into molecular structure and properties of flexible amorphous polymers: A molecular dynamics simulation approach
DOI: https://doi.org/10.1002/app.47457",property,700,Styrene Butadiene Rubber,COMPASS,glass_transition_temp,224,{},https://doi.org/10.1002/app.47457,An Insight into molecular structure and properties of flexible amorphous polymers: A molecular dynamics simulation approach,d93b2b9c826d
"Polymer: Nitrile Butadiene Rubber
Property: density = 1.076
Additional Info: {}
Force Field: COMPASS
Source: An Insight into molecular structure and properties of flexible amorphous polymers: A molecular dynamics simulation approach
DOI: https://doi.org/10.1002/app.47457",property,701,Nitrile Butadiene Rubber,COMPASS,density,1.076,{},https://doi.org/10.1002/app.47457,An Insight into molecular structure and properties of flexible amorphous polymers: A molecular dynamics simulation approach,41f0dabae190
"Polymer: Nitrile Butadiene Rubber
Property: glass_transition_temp = 250
Additional Info: {}
Force Field: COMPASS
Source: An Insight into molecular structure and properties of flexible amorphous polymers: A molecular dynamics simulation approach
DOI: https://doi.org/10.1002/app.47457",property,702,Nitrile Butadiene Rubber,COMPASS,glass_transition_temp,250,{},https://doi.org/10.1002/app.47457,An Insight into molecular structure and properties of flexible amorphous polymers: A molecular dynamics simulation approach,d74e074d5612
"Polymer: Chloroprene Rubber
Property: density = 1.239
Additional Info: {}
Force Field: COMPASS
Source: An Insight into molecular structure and properties of flexible amorphous polymers: A molecular dynamics simulation approach
DOI: https://doi.org/10.1002/app.47457",property,703,Chloroprene Rubber,COMPASS,density,1.239,{},https://doi.org/10.1002/app.47457,An Insight into molecular structure and properties of flexible amorphous polymers: A molecular dynamics simulation approach,dc0e8a2052cd
"Polymer: Chloroprene Rubber
Property: glass_transition_temp = 222
Additional Info: {}
Force Field: COMPASS
Source: An Insight into molecular structure and properties of flexible amorphous polymers: A molecular dynamics simulation approach
DOI: https://doi.org/10.1002/app.47457",property,704,Chloroprene Rubber,COMPASS,glass_transition_temp,222,{},https://doi.org/10.1002/app.47457,An Insight into molecular structure and properties of flexible amorphous polymers: A molecular dynamics simulation approach,7a59fe730c19
"Polymer: Fluorocarbon Elastomer
Property: density = 1.728
Additional Info: {}
Force Field: COMPASS
Source: An Insight into molecular structure and properties of flexible amorphous polymers: A molecular dynamics simulation approach
DOI: https://doi.org/10.1002/app.47457",property,705,Fluorocarbon Elastomer,COMPASS,density,1.728,{},https://doi.org/10.1002/app.47457,An Insight into molecular structure and properties of flexible amorphous polymers: A molecular dynamics simulation approach,a74938e65ff0
"Polymer: Fluorocarbon Elastomer
Property: glass_transition_temp = 253
Additional Info: {}
Force Field: COMPASS
Source: An Insight into molecular structure and properties of flexible amorphous polymers: A molecular dynamics simulation approach
DOI: https://doi.org/10.1002/app.47457",property,706,Fluorocarbon Elastomer,COMPASS,glass_transition_temp,253,{},https://doi.org/10.1002/app.47457,An Insight into molecular structure and properties of flexible amorphous polymers: A molecular dynamics simulation approach,9af0a62778da
"Polymer: Polyimide from 6FDA and 6FpDA (2,2′-bis(trifluoromethyl)benzidine)
Property: density = 1.4999
Additional Info: {""condition"": ""PI1 membrane""}
Force Field: TRIPOS 5.2
Source: An optimized fully-atomistic procedure to generate glassy polymer films for molecular dynamics simulations
DOI: https://doi.org/10.1016/j.commatsci.2019.109499",property,707,"Polyimide from 6FDA and 6FpDA (2,2′-bis(trifluoromethyl)benzidine)",TRIPOS 5.2,density,1.4999,"{""condition"": ""PI1 membrane""}",https://doi.org/10.1016/j.commatsci.2019.109499,An optimized fully-atomistic procedure to generate glassy polymer films for molecular dynamics simulations,610b46dbcd62
"Polymer: Polyimide from 6FDA and 6FpDA (2,2′-bis(trifluoromethyl)benzidine)
Property: density = 1.5123
Additional Info: {""condition"": ""PI2 membrane""}
Force Field: TRIPOS 5.2
Source: An optimized fully-atomistic procedure to generate glassy polymer films for molecular dynamics simulations
DOI: https://doi.org/10.1016/j.commatsci.2019.109499",property,709,"Polyimide from 6FDA and 6FpDA (2,2′-bis(trifluoromethyl)benzidine)",TRIPOS 5.2,density,1.5123,"{""condition"": ""PI2 membrane""}",https://doi.org/10.1016/j.commatsci.2019.109499,An optimized fully-atomistic procedure to generate glassy polymer films for molecular dynamics simulations,7c4727af30ed
"Polymer: Polyimide from 6FDA and 6FpDA (2,4,6′-bis(trifluoromethyl)benzidine)
Property: density = 1.323
Additional Info: {""condition"": ""PI3 membrane""}
Force Field: TRIPOS 5.2
Source: An optimized fully-atomistic procedure to generate glassy polymer films for molecular dynamics simulations
DOI: https://doi.org/10.1016/j.commatsci.2019.109499",property,711,"Polyimide from 6FDA and 6FpDA (2,4,6′-bis(trifluoromethyl)benzidine)",TRIPOS 5.2,density,1.323,"{""condition"": ""PI3 membrane""}",https://doi.org/10.1016/j.commatsci.2019.109499,An optimized fully-atomistic procedure to generate glassy polymer films for molecular dynamics simulations,de96ae1548f1
"Polymer: Polyethylene (n=142)
Property: radius_gyration = 2.051
Additional Info: {""condition"": ""Finite chain (n=142)""}
Force Field: United-Atom (UA)
Source: Analytical rescaling of polymer dynamics from mesoscale simulations
DOI: https://doi.org/10.1063/1.3450301",property,714,Polyethylene (n=142),United-Atom (UA),radius_gyration,2.051,"{""condition"": ""Finite chain (n=142)""}",https://doi.org/10.1063/1.3450301,Analytical rescaling of polymer dynamics from mesoscale simulations,fe4f7cbccadc
"Polymer: Polyethylene (n=174)
Property: radius_gyration = 2.292
Additional Info: {""condition"": ""Finite chain (n=174)""}
Force Field: United-Atom (UA)
Source: Analytical rescaling of polymer dynamics from mesoscale simulations
DOI: https://doi.org/10.1063/1.3450301",property,716,Polyethylene (n=174),United-Atom (UA),radius_gyration,2.292,"{""condition"": ""Finite chain (n=174)""}",https://doi.org/10.1063/1.3450301,Analytical rescaling of polymer dynamics from mesoscale simulations,50e3b091f61a
"Polymer: Polyethylene (n=224)
Property: radius_gyration = 2.628
Additional Info: {""condition"": ""Finite chain (n=224)""}
Force Field: United-Atom (UA)
Source: Analytical rescaling of polymer dynamics from mesoscale simulations
DOI: https://doi.org/10.1063/1.3450301",property,718,Polyethylene (n=224),United-Atom (UA),radius_gyration,2.628,"{""condition"": ""Finite chain (n=224)""}",https://doi.org/10.1063/1.3450301,Analytical rescaling of polymer dynamics from mesoscale simulations,673e27f890d0
"Polymer: Polyethylene (n=270)
Property: radius_gyration = 2.927
Additional Info: {""condition"": ""Finite chain (n=270)""}
Force Field: United-Atom (UA)
Source: Analytical rescaling of polymer dynamics from mesoscale simulations
DOI: https://doi.org/10.1063/1.3450301",property,720,Polyethylene (n=270),United-Atom (UA),radius_gyration,2.927,"{""condition"": ""Finite chain (n=270)""}",https://doi.org/10.1063/1.3450301,Analytical rescaling of polymer dynamics from mesoscale simulations,744339b322c4
"Polymer: Polyethylene (n=320)
Property: radius_gyration = 3.131
Additional Info: {""condition"": ""Finite chain (n=320)""}
Force Field: United-Atom (UA)
Source: Analytical rescaling of polymer dynamics from mesoscale simulations
DOI: https://doi.org/10.1063/1.3450301",property,722,Polyethylene (n=320),United-Atom (UA),radius_gyration,3.131,"{""condition"": ""Finite chain (n=320)""}",https://doi.org/10.1063/1.3450301,Analytical rescaling of polymer dynamics from mesoscale simulations,23f7234c95e6
"Polymer: Polyisobutylene
Property: density = 0.8109
Additional Info: {}
Force Field: COMPASS
Source: Applicability of mode-coupling theory to polyisobutylene: A molecular dynamics simulation study
DOI: https://doi.org/10.1103/physreve.88.042302",property,725,Polyisobutylene,COMPASS,density,0.8109,{},https://doi.org/10.1103/physreve.88.042302,Applicability of mode-coupling theory to polyisobutylene: A molecular dynamics simulation study,265edb3c3518
"Polymer: Polyisobutylene
Property: density = 0.8264
Additional Info: {}
Force Field: COMPASS
Source: Applicability of mode-coupling theory to polyisobutylene: A molecular dynamics simulation study
DOI: https://doi.org/10.1103/physreve.88.042302",property,726,Polyisobutylene,COMPASS,density,0.8264,{},https://doi.org/10.1103/physreve.88.042302,Applicability of mode-coupling theory to polyisobutylene: A molecular dynamics simulation study,0dc204d88b82
"Polymer: Polyisobutylene
Property: density = 0.8688
Additional Info: {}
Force Field: COMPASS
Source: Applicability of mode-coupling theory to polyisobutylene: A molecular dynamics simulation study
DOI: https://doi.org/10.1103/physreve.88.042302",property,727,Polyisobutylene,COMPASS,density,0.8688,{},https://doi.org/10.1103/physreve.88.042302,Applicability of mode-coupling theory to polyisobutylene: A molecular dynamics simulation study,1bb25f9cc04e
"Polymer: Polyisobutylene
Property: density = 0.882
Additional Info: {}
Force Field: COMPASS
Source: Applicability of mode-coupling theory to polyisobutylene: A molecular dynamics simulation study
DOI: https://doi.org/10.1103/physreve.88.042302",property,728,Polyisobutylene,COMPASS,density,0.882,{},https://doi.org/10.1103/physreve.88.042302,Applicability of mode-coupling theory to polyisobutylene: A molecular dynamics simulation study,a67ca903a99e
"Polymer: Polyisobutylene
Property: density = 0.8977
Additional Info: {}
Force Field: COMPASS
Source: Applicability of mode-coupling theory to polyisobutylene: A molecular dynamics simulation study
DOI: https://doi.org/10.1103/physreve.88.042302",property,729,Polyisobutylene,COMPASS,density,0.8977,{},https://doi.org/10.1103/physreve.88.042302,Applicability of mode-coupling theory to polyisobutylene: A molecular dynamics simulation study,868c70fe0f5b
"Polymer: Polyisobutylene
Property: density = 0.9055
Additional Info: {}
Force Field: COMPASS
Source: Applicability of mode-coupling theory to polyisobutylene: A molecular dynamics simulation study
DOI: https://doi.org/10.1103/physreve.88.042302",property,730,Polyisobutylene,COMPASS,density,0.9055,{},https://doi.org/10.1103/physreve.88.042302,Applicability of mode-coupling theory to polyisobutylene: A molecular dynamics simulation study,c859483b3158
"Polymer: Poly(N-isopropylacrylamide)
Property: radius_gyration = 0.9
Additional Info: {""condition"":""Thermoresponsive (LCST ~32 °C)""}
Force Field: AMBER99SB
Source: Assessing the Efficacy of Poly(N-isopropylacrylamide) for Drug Delivery Applications Using Molecular Dynamics Simulations
DOI: https://doi.org/10.1021/acs.molpharmaceut.6b00942",property,735,Poly(N-isopropylacrylamide),AMBER99SB,radius_gyration,0.9,"{""condition"":""Thermoresponsive (LCST ~32 °C)""}",https://doi.org/10.1021/acs.molpharmaceut.6b00942,Assessing the Efficacy of Poly(N-isopropylacrylamide) for Drug Delivery Applications Using Molecular Dynamics Simulations,1c1e30425a84
"Polymer: Poly(N-isopropylacrylamide)
Property: radius_gyration = 0.8
Additional Info: {""condition"":""Thermoresponsive (LCST ~32 °C)""}
Force Field: AMBER99SB
Source: Assessing the Efficacy of Poly(N-isopropylacrylamide) for Drug Delivery Applications Using Molecular Dynamics Simulations
DOI: https://doi.org/10.1021/acs.molpharmaceut.6b00942",property,737,Poly(N-isopropylacrylamide),AMBER99SB,radius_gyration,0.8,"{""condition"":""Thermoresponsive (LCST ~32 °C)""}",https://doi.org/10.1021/acs.molpharmaceut.6b00942,Assessing the Efficacy of Poly(N-isopropylacrylamide) for Drug Delivery Applications Using Molecular Dynamics Simulations,f245b46c20f5
"Polymer: Poly(2-[2-methoxyethoxy]ethyl methacrylate) 50-mer
Property: radius_gyration = 1.873
Additional Info: {""condition"": ""Below LCST (290 K)""}
Force Field: GAFF
Source: Atomistic insights on the LCST behavior of PMEO2MA in water by molecular dynamics simulations
DOI: https://doi.org/10.1002/polb.24555",property,745,Poly(2-[2-methoxyethoxy]ethyl methacrylate) 50-mer,GAFF,radius_gyration,1.873,"{""condition"": ""Below LCST (290 K)""}",https://doi.org/10.1002/polb.24555,Atomistic insights on the LCST behavior of PMEO2MA in water by molecular dynamics simulations,63bbbeffcc3d
"Polymer: Poly(2-[2-methoxyethoxy]ethyl methacrylate) 50-mer
Property: radius_gyration = 1.372
Additional Info: {""condition"": ""Above LCST (330 K)""}
Force Field: GAFF
Source: Atomistic insights on the LCST behavior of PMEO2MA in water by molecular dynamics simulations
DOI: https://doi.org/10.1002/polb.24555",property,746,Poly(2-[2-methoxyethoxy]ethyl methacrylate) 50-mer,GAFF,radius_gyration,1.372,"{""condition"": ""Above LCST (330 K)""}",https://doi.org/10.1002/polb.24555,Atomistic insights on the LCST behavior of PMEO2MA in water by molecular dynamics simulations,eccd0a40e300
"Polymer: cis-1,4-Polybutadiene
Property: density = 0.94
Additional Info: {}
Force Field: united atom model by Smith and Paul
Source: Atomistic molecular dynamics simulation of the temperature and pressure dependences of local and terminal relaxations in cis-1,4-polybutadiene
DOI: https://doi.org/10.1063/1.2174003",property,747,"cis-1,4-Polybutadiene",united atom model by Smith and Paul,density,0.94,{},https://doi.org/10.1063/1.2174003,"Atomistic molecular dynamics simulation of the temperature and pressure dependences of local and terminal relaxations in cis-1,4-polybutadiene",d5b132938b0b
"Polymer: cis-1,4-Polybutadiene
Property: density = 0.97
Additional Info: {}
Force Field: united atom model by Smith and Paul
Source: Atomistic molecular dynamics simulation of the temperature and pressure dependences of local and terminal relaxations in cis-1,4-polybutadiene
DOI: https://doi.org/10.1063/1.2174003",property,749,"cis-1,4-Polybutadiene",united atom model by Smith and Paul,density,0.97,{},https://doi.org/10.1063/1.2174003,"Atomistic molecular dynamics simulation of the temperature and pressure dependences of local and terminal relaxations in cis-1,4-polybutadiene",0f6972b7164d
"Polymer: cis-1,4-Polybutadiene
Property: density = 0.98
Additional Info: {}
Force Field: united atom model by Smith and Paul
Source: Atomistic molecular dynamics simulation of the temperature and pressure dependences of local and terminal relaxations in cis-1,4-polybutadiene
DOI: https://doi.org/10.1063/1.2174003",property,751,"cis-1,4-Polybutadiene",united atom model by Smith and Paul,density,0.98,{},https://doi.org/10.1063/1.2174003,"Atomistic molecular dynamics simulation of the temperature and pressure dependences of local and terminal relaxations in cis-1,4-polybutadiene",c43ee9947812
"Polymer: Poly(N-vinylcaprolactam) 816-mer
Property: radius_gyration = 3.3
Additional Info: {""condition"": ""Thermoresponsive polymer (n=816)""}
Force Field: GROMOS G53a6
Source: Atomistic molecular dynamics simulations of the LCST conformational transition in poly(N-vinylcaprolactam) in water
DOI: https://doi.org/10.1016/j.jmgm.2019.04.004",property,754,Poly(N-vinylcaprolactam) 816-mer,GROMOS G53a6,radius_gyration,3.3,"{""condition"": ""Thermoresponsive polymer (n=816)""}",https://doi.org/10.1016/j.jmgm.2019.04.004,Atomistic molecular dynamics simulations of the LCST conformational transition in poly(N-vinylcaprolactam) in water,c5255023275a
"Polymer: Poly(N-vinylcaprolactam) 816-mer
Property: radius_gyration = 2.95
Additional Info: {""condition"": ""Thermoresponsive polymer (n=816)""}
Force Field: GROMOS G53a6
Source: Atomistic molecular dynamics simulations of the LCST conformational transition in poly(N-vinylcaprolactam) in water
DOI: https://doi.org/10.1016/j.jmgm.2019.04.004",property,755,Poly(N-vinylcaprolactam) 816-mer,GROMOS G53a6,radius_gyration,2.95,"{""condition"": ""Thermoresponsive polymer (n=816)""}",https://doi.org/10.1016/j.jmgm.2019.04.004,Atomistic molecular dynamics simulations of the LCST conformational transition in poly(N-vinylcaprolactam) in water,96ae5888e189
"Polymer: Epoxy resin based on Diglycidyl Ether of Bisphenol A (DGEBA) and Isophorone diamine (IPD)
Property: density = 1.116
Additional Info: {""condition"": ""Crosslinked epoxy network""}
Force Field: compass
Source: Atomistic molecular modelling of crosslinked epoxy resin
DOI: https://doi.org/10.1016/j.polymer.2006.06.025",property,756,Epoxy resin based on Diglycidyl Ether of Bisphenol A (DGEBA) and Isophorone diamine (IPD),compass,density,1.116,"{""condition"": ""Crosslinked epoxy network""}",https://doi.org/10.1016/j.polymer.2006.06.025,Atomistic molecular modelling of crosslinked epoxy resin,6ab1fe808e3c
"Polymer: Epoxy resin based on Diglycidyl Ether of Bisphenol A (DGEBA) and Isophorone diamine (IPD)
Property: youngs_modulus = 5.198
Additional Info: {""condition"": ""Crosslinked epoxy network""}
Force Field: compass
Source: Atomistic molecular modelling of crosslinked epoxy resin
DOI: https://doi.org/10.1016/j.polymer.2006.06.025",property,757,Epoxy resin based on Diglycidyl Ether of Bisphenol A (DGEBA) and Isophorone diamine (IPD),compass,youngs_modulus,5.198,"{""condition"": ""Crosslinked epoxy network""}",https://doi.org/10.1016/j.polymer.2006.06.025,Atomistic molecular modelling of crosslinked epoxy resin,5243ac477f26
"Polymer: Epoxy resin based on Diglycidyl Ether of Bisphenol A (DGEBA) and Isophorone diamine (IPD)
Property: density = 1.067
Additional Info: {""condition"": ""Crosslinked epoxy network""}
Force Field: Dreiding2.21
Source: Atomistic molecular modelling of crosslinked epoxy resin
DOI: https://doi.org/10.1016/j.polymer.2006.06.025",property,758,Epoxy resin based on Diglycidyl Ether of Bisphenol A (DGEBA) and Isophorone diamine (IPD),Dreiding2.21,density,1.067,"{""condition"": ""Crosslinked epoxy network""}",https://doi.org/10.1016/j.polymer.2006.06.025,Atomistic molecular modelling of crosslinked epoxy resin,754df7a4f187
"Polymer: Epoxy resin based on Diglycidyl Ether of Bisphenol A (DGEBA) and Isophorone diamine (IPD)
Property: youngs_modulus = 47.22
Additional Info: {""condition"": ""Crosslinked epoxy network""}
Force Field: Dreiding2.21
Source: Atomistic molecular modelling of crosslinked epoxy resin
DOI: https://doi.org/10.1016/j.polymer.2006.06.025",property,759,Epoxy resin based on Diglycidyl Ether of Bisphenol A (DGEBA) and Isophorone diamine (IPD),Dreiding2.21,youngs_modulus,47.22,"{""condition"": ""Crosslinked epoxy network""}",https://doi.org/10.1016/j.polymer.2006.06.025,Atomistic molecular modelling of crosslinked epoxy resin,a9cc37c9f7f2
"Polymer: Epoxy-amine polymer network from Diglycidyl Ether of Bisphenol A and Isophorone diamine
Property: density = 1.122
Additional Info: {""condition"": ""Crosslinked epoxy-amine network""}
Force Field: COMPASS
Source: Atomistic molecular simulations of structure and dynamics of crosslinked epoxy resin
DOI: https://doi.org/10.1016/j.polymer.2007.07.019",property,760,Epoxy-amine polymer network from Diglycidyl Ether of Bisphenol A and Isophorone diamine,COMPASS,density,1.122,"{""condition"": ""Crosslinked epoxy-amine network""}",https://doi.org/10.1016/j.polymer.2007.07.019,Atomistic molecular simulations of structure and dynamics of crosslinked epoxy resin,c9e144ac640b
"Polymer: Polydimethylsiloxane
Property: density = 0.9517
Additional Info: {}
Force Field: pcff
Source: Behaviour of water/ethanol mixtures in the interfacial region of different polysiloxane membranes‚Äîa molecular dynamics simulation study
DOI: https://doi.org/10.1016/s0032-3861(97)00543-0",property,762,Polydimethylsiloxane,pcff,density,0.9517,{},https://doi.org/10.1016/s0032-3861(97)00543-0,Behaviour of water/ethanol mixtures in the interfacial region of different polysiloxane membranes‚Äîa molecular dynamics simulation study,9e8a09f2a9dc
"Polymer: Polyoctylmethylsiloxane
Property: density = 0.9117
Additional Info: {}
Force Field: pcff
Source: Behaviour of water/ethanol mixtures in the interfacial region of different polysiloxane membranes‚Äîa molecular dynamics simulation study
DOI: https://doi.org/10.1016/s0032-3861(97)00543-0",property,763,Polyoctylmethylsiloxane,pcff,density,0.9117,{},https://doi.org/10.1016/s0032-3861(97)00543-0,Behaviour of water/ethanol mixtures in the interfacial region of different polysiloxane membranes‚Äîa molecular dynamics simulation study,29bd2b19ade8
"Polymer: Polymethylphenylsiloxane
Property: density = 1.1117
Additional Info: {}
Force Field: pcff
Source: Behaviour of water/ethanol mixtures in the interfacial region of different polysiloxane membranes‚Äîa molecular dynamics simulation study
DOI: https://doi.org/10.1016/s0032-3861(97)00543-0",property,764,Polymethylphenylsiloxane,pcff,density,1.1117,{},https://doi.org/10.1016/s0032-3861(97)00543-0,Behaviour of water/ethanol mixtures in the interfacial region of different polysiloxane membranes‚Äîa molecular dynamics simulation study,d1616cda4c6e
"Polymer: Branched polyethylene/poly(ethylene oxide) with 4 EO units side-chain
Property: density = 0.885
Additional Info: {""condition"": ""Grafted PE backbone with 4-unit PEO side-chains""}
Force Field: Custom all-atom polymer electrolyte force field (literature-derived)
Source: Branched polyethylene/poly(ethylene oxide) as a host matrix for Li-ion battery electrolytes: A molecular dynamics study
DOI: https://doi.org/10.1016/j.electacta.2011.03.022",property,765,Branched polyethylene/poly(ethylene oxide) with 4 EO units side-chain,Custom all-atom polymer electrolyte force field (literature-derived),density,0.885,"{""condition"": ""Grafted PE backbone with 4-unit PEO side-chains""}",https://doi.org/10.1016/j.electacta.2011.03.022,Branched polyethylene/poly(ethylene oxide) as a host matrix for Li-ion battery electrolytes: A molecular dynamics study,ffc790d3a27c
"Polymer: Branched polyethylene/poly(ethylene oxide) with 4 EO units side-chain
Property: diffusion_coefficient = 8.4e-14
Additional Info: {""condition"": ""Grafted PE backbone with 4-unit PEO side-chains""}
Force Field: Custom all-atom polymer electrolyte force field (literature-derived)
Source: Branched polyethylene/poly(ethylene oxide) as a host matrix for Li-ion battery electrolytes: A molecular dynamics study
DOI: https://doi.org/10.1016/j.electacta.2011.03.022",property,766,Branched polyethylene/poly(ethylene oxide) with 4 EO units side-chain,Custom all-atom polymer electrolyte force field (literature-derived),diffusion_coefficient,8.4e-14,"{""condition"": ""Grafted PE backbone with 4-unit PEO side-chains""}",https://doi.org/10.1016/j.electacta.2011.03.022,Branched polyethylene/poly(ethylene oxide) as a host matrix for Li-ion battery electrolytes: A molecular dynamics study,ef25c996a77e
"Polymer: Branched polyethylene/poly(ethylene oxide) with 6 EO units side-chain
Property: density = 1.021
Additional Info: {""condition"": ""Grafted PE backbone with 6-unit PEO side-chains""}
Force Field: Custom all-atom polymer electrolyte force field (literature-derived)
Source: Branched polyethylene/poly(ethylene oxide) as a host matrix for Li-ion battery electrolytes: A molecular dynamics study
DOI: https://doi.org/10.1016/j.electacta.2011.03.022",property,767,Branched polyethylene/poly(ethylene oxide) with 6 EO units side-chain,Custom all-atom polymer electrolyte force field (literature-derived),density,1.021,"{""condition"": ""Grafted PE backbone with 6-unit PEO side-chains""}",https://doi.org/10.1016/j.electacta.2011.03.022,Branched polyethylene/poly(ethylene oxide) as a host matrix for Li-ion battery electrolytes: A molecular dynamics study,e5017268621b
"Polymer: Branched polyethylene/poly(ethylene oxide) with 6 EO units side-chain
Property: diffusion_coefficient = 9.5e-14
Additional Info: {""condition"": ""Grafted PE backbone with 6-unit PEO side-chains""}
Force Field: Custom all-atom polymer electrolyte force field (literature-derived)
Source: Branched polyethylene/poly(ethylene oxide) as a host matrix for Li-ion battery electrolytes: A molecular dynamics study
DOI: https://doi.org/10.1016/j.electacta.2011.03.022",property,768,Branched polyethylene/poly(ethylene oxide) with 6 EO units side-chain,Custom all-atom polymer electrolyte force field (literature-derived),diffusion_coefficient,9.5e-14,"{""condition"": ""Grafted PE backbone with 6-unit PEO side-chains""}",https://doi.org/10.1016/j.electacta.2011.03.022,Branched polyethylene/poly(ethylene oxide) as a host matrix for Li-ion battery electrolytes: A molecular dynamics study,e66370a960ee
"Polymer: Branched polyethylene/poly(ethylene oxide) with 8 EO units side-chain
Property: density = 1.098
Additional Info: {""condition"": ""Grafted PE backbone with 8-unit PEO side-chains""}
Force Field: Custom all-atom polymer electrolyte force field (literature-derived)
Source: Branched polyethylene/poly(ethylene oxide) as a host matrix for Li-ion battery electrolytes: A molecular dynamics study
DOI: https://doi.org/10.1016/j.electacta.2011.03.022",property,769,Branched polyethylene/poly(ethylene oxide) with 8 EO units side-chain,Custom all-atom polymer electrolyte force field (literature-derived),density,1.098,"{""condition"": ""Grafted PE backbone with 8-unit PEO side-chains""}",https://doi.org/10.1016/j.electacta.2011.03.022,Branched polyethylene/poly(ethylene oxide) as a host matrix for Li-ion battery electrolytes: A molecular dynamics study,b519df76ba63
"Polymer: Branched polyethylene/poly(ethylene oxide) with 8 EO units side-chain
Property: diffusion_coefficient = 6.8e-14
Additional Info: {""condition"": ""Grafted PE backbone with 8-unit PEO side-chains""}
Force Field: Custom all-atom polymer electrolyte force field (literature-derived)
Source: Branched polyethylene/poly(ethylene oxide) as a host matrix for Li-ion battery electrolytes: A molecular dynamics study
DOI: https://doi.org/10.1016/j.electacta.2011.03.022",property,770,Branched polyethylene/poly(ethylene oxide) with 8 EO units side-chain,Custom all-atom polymer electrolyte force field (literature-derived),diffusion_coefficient,6.8e-14,"{""condition"": ""Grafted PE backbone with 8-unit PEO side-chains""}",https://doi.org/10.1016/j.electacta.2011.03.022,Branched polyethylene/poly(ethylene oxide) as a host matrix for Li-ion battery electrolytes: A molecular dynamics study,d2d8e6b3dd74
"Polymer: Branched polyethylene/poly(ethylene oxide) with 10 EO units side-chain
Property: density = 1.143
Additional Info: {""condition"": ""Grafted PE backbone with 10-unit PEO side-chains""}
Force Field: Custom all-atom polymer electrolyte force field (literature-derived)
Source: Branched polyethylene/poly(ethylene oxide) as a host matrix for Li-ion battery electrolytes: A molecular dynamics study
DOI: https://doi.org/10.1016/j.electacta.2011.03.022",property,771,Branched polyethylene/poly(ethylene oxide) with 10 EO units side-chain,Custom all-atom polymer electrolyte force field (literature-derived),density,1.143,"{""condition"": ""Grafted PE backbone with 10-unit PEO side-chains""}",https://doi.org/10.1016/j.electacta.2011.03.022,Branched polyethylene/poly(ethylene oxide) as a host matrix for Li-ion battery electrolytes: A molecular dynamics study,abf4c9ad5d5d
"Polymer: Branched polyethylene/poly(ethylene oxide) with 10 EO units side-chain
Property: diffusion_coefficient = 1.2e-13
Additional Info: {""condition"": ""Grafted PE backbone with 10-unit PEO side-chains""}
Force Field: Custom all-atom polymer electrolyte force field (literature-derived)
Source: Branched polyethylene/poly(ethylene oxide) as a host matrix for Li-ion battery electrolytes: A molecular dynamics study
DOI: https://doi.org/10.1016/j.electacta.2011.03.022",property,772,Branched polyethylene/poly(ethylene oxide) with 10 EO units side-chain,Custom all-atom polymer electrolyte force field (literature-derived),diffusion_coefficient,1.2e-13,"{""condition"": ""Grafted PE backbone with 10-unit PEO side-chains""}",https://doi.org/10.1016/j.electacta.2011.03.022,Branched polyethylene/poly(ethylene oxide) as a host matrix for Li-ion battery electrolytes: A molecular dynamics study,241289afbf69
"Polymer: Branched polyethylene/poly(ethylene oxide) with 12 EO units side-chain
Property: density = 1.206
Additional Info: {""condition"": ""Grafted PE backbone with 12-unit PEO side-chains""}
Force Field: Custom all-atom polymer electrolyte force field (literature-derived)
Source: Branched polyethylene/poly(ethylene oxide) as a host matrix for Li-ion battery electrolytes: A molecular dynamics study
DOI: https://doi.org/10.1016/j.electacta.2011.03.022",property,773,Branched polyethylene/poly(ethylene oxide) with 12 EO units side-chain,Custom all-atom polymer electrolyte force field (literature-derived),density,1.206,"{""condition"": ""Grafted PE backbone with 12-unit PEO side-chains""}",https://doi.org/10.1016/j.electacta.2011.03.022,Branched polyethylene/poly(ethylene oxide) as a host matrix for Li-ion battery electrolytes: A molecular dynamics study,c91acd752369
"Polymer: Branched polyethylene/poly(ethylene oxide) with 12 EO units side-chain
Property: diffusion_coefficient = 1.1e-13
Additional Info: {""condition"": ""Grafted PE backbone with 12-unit PEO side-chains""}
Force Field: Custom all-atom polymer electrolyte force field (literature-derived)
Source: Branched polyethylene/poly(ethylene oxide) as a host matrix for Li-ion battery electrolytes: A molecular dynamics study
DOI: https://doi.org/10.1016/j.electacta.2011.03.022",property,774,Branched polyethylene/poly(ethylene oxide) with 12 EO units side-chain,Custom all-atom polymer electrolyte force field (literature-derived),diffusion_coefficient,1.1e-13,"{""condition"": ""Grafted PE backbone with 12-unit PEO side-chains""}",https://doi.org/10.1016/j.electacta.2011.03.022,Branched polyethylene/poly(ethylene oxide) as a host matrix for Li-ion battery electrolytes: A molecular dynamics study,95dba47a9169
"Polymer: Branched polyethylene/poly(ethylene oxide) with 15 EO units side-chain
Property: density = 1.248
Additional Info: {""condition"": ""Grafted PE backbone with 15-unit PEO side-chains""}
Force Field: Custom all-atom polymer electrolyte force field (literature-derived)
Source: Branched polyethylene/poly(ethylene oxide) as a host matrix for Li-ion battery electrolytes: A molecular dynamics study
DOI: https://doi.org/10.1016/j.electacta.2011.03.022",property,775,Branched polyethylene/poly(ethylene oxide) with 15 EO units side-chain,Custom all-atom polymer electrolyte force field (literature-derived),density,1.248,"{""condition"": ""Grafted PE backbone with 15-unit PEO side-chains""}",https://doi.org/10.1016/j.electacta.2011.03.022,Branched polyethylene/poly(ethylene oxide) as a host matrix for Li-ion battery electrolytes: A molecular dynamics study,0c54bbf773cb
"Polymer: Branched polyethylene/poly(ethylene oxide) with 15 EO units side-chain
Property: diffusion_coefficient = 1.5e-13
Additional Info: {""condition"": ""Grafted PE backbone with 15-unit PEO side-chains""}
Force Field: Custom all-atom polymer electrolyte force field (literature-derived)
Source: Branched polyethylene/poly(ethylene oxide) as a host matrix for Li-ion battery electrolytes: A molecular dynamics study
DOI: https://doi.org/10.1016/j.electacta.2011.03.022",property,776,Branched polyethylene/poly(ethylene oxide) with 15 EO units side-chain,Custom all-atom polymer electrolyte force field (literature-derived),diffusion_coefficient,1.5e-13,"{""condition"": ""Grafted PE backbone with 15-unit PEO side-chains""}",https://doi.org/10.1016/j.electacta.2011.03.022,Branched polyethylene/poly(ethylene oxide) as a host matrix for Li-ion battery electrolytes: A molecular dynamics study,38c2e9f6fc5d
"Polymer: Linear poly(ethylene oxide) with LiPF6 salt
Property: diffusion_coefficient = 1.4e-14
Additional Info: {""condition"": ""PEO-salt complex electrolyte""}
Force Field: Custom all-atom polymer electrolyte force field (literature-derived)
Source: Branched polyethylene/poly(ethylene oxide) as a host matrix for Li-ion battery electrolytes: A molecular dynamics study
DOI: https://doi.org/10.1016/j.electacta.2011.03.022",property,777,Linear poly(ethylene oxide) with LiPF6 salt,Custom all-atom polymer electrolyte force field (literature-derived),diffusion_coefficient,1.4e-14,"{""condition"": ""PEO-salt complex electrolyte""}",https://doi.org/10.1016/j.electacta.2011.03.022,Branched polyethylene/poly(ethylene oxide) as a host matrix for Li-ion battery electrolytes: A molecular dynamics study,3e5e2c88f593
"Polymer: Fluorinated polyimide from 6FDA and 6FpDA monomers
Property: glass_transition_temp = 700
Additional Info: {""condition"": ""Gas separation membrane polymer""}
Force Field: TRIPOS 5.2
Source: Carbon Dioxide Solubility in Three Fluorinated Polyimides Studied by Molecular Dynamics Simulations
DOI: https://doi.org/10.1021/ma902507d",property,778,Fluorinated polyimide from 6FDA and 6FpDA monomers,TRIPOS 5.2,glass_transition_temp,700,"{""condition"": ""Gas separation membrane polymer""}",https://doi.org/10.1021/ma902507d,Carbon Dioxide Solubility in Three Fluorinated Polyimides Studied by Molecular Dynamics Simulations,cb26da560c9b
"Polymer: Fluorinated polyimide from 6FDA and 6FmDA monomers
Property: glass_transition_temp = 600
Additional Info: {""condition"": ""Gas separation membrane polymer""}
Force Field: TRIPOS 5.2
Source: Carbon Dioxide Solubility in Three Fluorinated Polyimides Studied by Molecular Dynamics Simulations
DOI: https://doi.org/10.1021/ma902507d",property,779,Fluorinated polyimide from 6FDA and 6FmDA monomers,TRIPOS 5.2,glass_transition_temp,600,"{""condition"": ""Gas separation membrane polymer""}",https://doi.org/10.1021/ma902507d,Carbon Dioxide Solubility in Three Fluorinated Polyimides Studied by Molecular Dynamics Simulations,f4e2bbcccc88
"Polymer: Fluorinated polyimide from 6FDA and DAM monomers
Property: glass_transition_temp = 700
Additional Info: {""condition"": ""Gas separation membrane polymer""}
Force Field: TRIPOS 5.2
Source: Carbon Dioxide Solubility in Three Fluorinated Polyimides Studied by Molecular Dynamics Simulations
DOI: https://doi.org/10.1021/ma902507d",property,780,Fluorinated polyimide from 6FDA and DAM monomers,TRIPOS 5.2,glass_transition_temp,700,"{""condition"": ""Gas separation membrane polymer""}",https://doi.org/10.1021/ma902507d,Carbon Dioxide Solubility in Three Fluorinated Polyimides Studied by Molecular Dynamics Simulations,268a8cbba5fb
"Polymer: Ethylene-propylene-diene rubber (terpolymer of ethylene, propylene, and a diene monomer)
Property: glass_transition_temp = 228.8
Additional Info: {""condition"": ""Synthetic rubber with excellent weather and ozone resistance""}
Force Field: COMPASS
Source: Chain dynamics evolution of ethylene‚Äêpropylene‚Äêdiene monomer in response to hot humid and salt fog environment
DOI: https://doi.org/10.1002/app.50724",property,781,"Ethylene-propylene-diene rubber (terpolymer of ethylene, propylene, and a diene monomer)",COMPASS,glass_transition_temp,228.8,"{""condition"": ""Synthetic rubber with excellent weather and ozone resistance""}",https://doi.org/10.1002/app.50724,Chain dynamics evolution of ethylene‚Äêpropylene‚Äêdiene monomer in response to hot humid and salt fog environment,97a2e8501db6
"Polymer: Ethylene-propylene-diene rubber (terpolymer of ethylene, propylene, and a diene monomer)
Property: glass_transition_temp = 218.5
Additional Info: {""condition"": ""Synthetic rubber with excellent weather and ozone resistance""}
Force Field: COMPASS
Source: Chain dynamics evolution of ethylene‚Äêpropylene‚Äêdiene monomer in response to hot humid and salt fog environment
DOI: https://doi.org/10.1002/app.50724",property,782,"Ethylene-propylene-diene rubber (terpolymer of ethylene, propylene, and a diene monomer)",COMPASS,glass_transition_temp,218.5,"{""condition"": ""Synthetic rubber with excellent weather and ozone resistance""}",https://doi.org/10.1002/app.50724,Chain dynamics evolution of ethylene‚Äêpropylene‚Äêdiene monomer in response to hot humid and salt fog environment,0cc6cb2a1980
"Polymer: Ethylene-propylene-diene rubber (terpolymer of ethylene, propylene, and a diene monomer)
Property: glass_transition_temp = 215
Additional Info: {""condition"": ""Synthetic rubber with excellent weather and ozone resistance""}
Force Field: COMPASS
Source: Chain dynamics evolution of ethylene‚Äêpropylene‚Äêdiene monomer in response to hot humid and salt fog environment
DOI: https://doi.org/10.1002/app.50724",property,783,"Ethylene-propylene-diene rubber (terpolymer of ethylene, propylene, and a diene monomer)",COMPASS,glass_transition_temp,215,"{""condition"": ""Synthetic rubber with excellent weather and ozone resistance""}",https://doi.org/10.1002/app.50724,Chain dynamics evolution of ethylene‚Äêpropylene‚Äêdiene monomer in response to hot humid and salt fog environment,5be9a8c7c9f4
"Polymer: Poly(propylene oxide)
Property: glass_transition_temp = 287
Additional Info: {}
Force Field: all-atom force field (Buckingham potential for van der Waals, Coulomb interactions)
Source: Chain-Length Dependence of Polymer Dynamics: A Comparison of Results from Molecular Dynamics Simulations and Field-Cycling 1H NMR
DOI: https://doi.org/10.1021/ma101721d",property,785,Poly(propylene oxide),"all-atom force field (Buckingham potential for van der Waals, Coulomb interactions)",glass_transition_temp,287,{},https://doi.org/10.1021/ma101721d,Chain-Length Dependence of Polymer Dynamics: A Comparison of Results from Molecular Dynamics Simulations and Field-Cycling 1H NMR,52dbf5bd5c3e
"Polymer: Polyethylene Terephthalate
Property: density = 1.29
Additional Info: {}
Force Field: HBB model
Source: Coarse-Grained Molecular Dynamics Simulation of Polyethylene Terephthalate (PET)
DOI: https://doi.org/10.1021/ma102084a",property,787,Polyethylene Terephthalate,HBB model,density,1.29,{},https://doi.org/10.1021/ma102084a,Coarse-Grained Molecular Dynamics Simulation of Polyethylene Terephthalate (PET),27b15d6ce83b
"Polymer: Polyethylene Terephthalate
Property: density = 1.22
Additional Info: {""condition"": ""DP=4""}
Force Field: CG force field derived via OZPY⁻¹ inversion and fitted LJ 7–6 potentials.
Source: Coarse-Grained Molecular Dynamics Simulation of Polyethylene Terephthalate (PET)
DOI: https://doi.org/10.1021/ma102084a",property,791,Polyethylene Terephthalate,CG force field derived via OZPY⁻¹ inversion and fitted LJ 7–6 potentials.,density,1.22,"{""condition"": ""DP=4""}",https://doi.org/10.1021/ma102084a,Coarse-Grained Molecular Dynamics Simulation of Polyethylene Terephthalate (PET),e0324f9a9caa
"Polymer: Polyethylene Terephthalate
Property: diffusion_coefficient = 2.71e-10
Additional Info: {""condition"": ""DP=4""}
Force Field: CG force field derived via OZPY⁻¹ inversion and fitted LJ 7–6 potentials.
Source: Coarse-Grained Molecular Dynamics Simulation of Polyethylene Terephthalate (PET)
DOI: https://doi.org/10.1021/ma102084a",property,792,Polyethylene Terephthalate,CG force field derived via OZPY⁻¹ inversion and fitted LJ 7–6 potentials.,diffusion_coefficient,2.71e-10,"{""condition"": ""DP=4""}",https://doi.org/10.1021/ma102084a,Coarse-Grained Molecular Dynamics Simulation of Polyethylene Terephthalate (PET),7d007fc4fac6
"Polymer: Polyethylene Terephthalate
Property: radius_gyration = 0.81
Additional Info: {""condition"": ""DP=4""}
Force Field: CG force field derived via OZPY⁻¹ inversion and fitted LJ 7–6 potentials.
Source: Coarse-Grained Molecular Dynamics Simulation of Polyethylene Terephthalate (PET)
DOI: https://doi.org/10.1021/ma102084a",property,793,Polyethylene Terephthalate,CG force field derived via OZPY⁻¹ inversion and fitted LJ 7–6 potentials.,radius_gyration,0.81,"{""condition"": ""DP=4""}",https://doi.org/10.1021/ma102084a,Coarse-Grained Molecular Dynamics Simulation of Polyethylene Terephthalate (PET),c73007230475
"Polymer: Polyethylene Terephthalate
Property: viscosity = 0.001
Additional Info: {""condition"": ""DP=4""}
Force Field: CG force field derived via OZPY⁻¹ inversion and fitted LJ 7–6 potentials.
Source: Coarse-Grained Molecular Dynamics Simulation of Polyethylene Terephthalate (PET)
DOI: https://doi.org/10.1021/ma102084a",property,794,Polyethylene Terephthalate,CG force field derived via OZPY⁻¹ inversion and fitted LJ 7–6 potentials.,viscosity,0.001,"{""condition"": ""DP=4""}",https://doi.org/10.1021/ma102084a,Coarse-Grained Molecular Dynamics Simulation of Polyethylene Terephthalate (PET),d51ad354b9a8
"Polymer: Polyethylene Terephthalate
Property: density = 1.29
Additional Info: {""condition"": ""DP=6""}
Force Field: CG force field derived via OZPY⁻¹ inversion and fitted LJ 7–6 potentials.
Source: Coarse-Grained Molecular Dynamics Simulation of Polyethylene Terephthalate (PET)
DOI: https://doi.org/10.1021/ma102084a",property,795,Polyethylene Terephthalate,CG force field derived via OZPY⁻¹ inversion and fitted LJ 7–6 potentials.,density,1.29,"{""condition"": ""DP=6""}",https://doi.org/10.1021/ma102084a,Coarse-Grained Molecular Dynamics Simulation of Polyethylene Terephthalate (PET),67859679a517
"Polymer: Polyethylene Terephthalate
Property: diffusion_coefficient = 7.6e-11
Additional Info: {""condition"": ""DP=6""}
Force Field: CG force field derived via OZPY⁻¹ inversion and fitted LJ 7–6 potentials.
Source: Coarse-Grained Molecular Dynamics Simulation of Polyethylene Terephthalate (PET)
DOI: https://doi.org/10.1021/ma102084a",property,796,Polyethylene Terephthalate,CG force field derived via OZPY⁻¹ inversion and fitted LJ 7–6 potentials.,diffusion_coefficient,7.6e-11,"{""condition"": ""DP=6""}",https://doi.org/10.1021/ma102084a,Coarse-Grained Molecular Dynamics Simulation of Polyethylene Terephthalate (PET),79b7c930a38c
"Polymer: Polyethylene Terephthalate
Property: radius_gyration = 0.95
Additional Info: {""condition"": ""DP=6""}
Force Field: CG force field derived via OZPY⁻¹ inversion and fitted LJ 7–6 potentials.
Source: Coarse-Grained Molecular Dynamics Simulation of Polyethylene Terephthalate (PET)
DOI: https://doi.org/10.1021/ma102084a",property,797,Polyethylene Terephthalate,CG force field derived via OZPY⁻¹ inversion and fitted LJ 7–6 potentials.,radius_gyration,0.95,"{""condition"": ""DP=6""}",https://doi.org/10.1021/ma102084a,Coarse-Grained Molecular Dynamics Simulation of Polyethylene Terephthalate (PET),26494c39a2d7
"Polymer: Polyethylene Terephthalate
Property: viscosity = 0.0026
Additional Info: {""condition"": ""DP=6""}
Force Field: CG force field derived via OZPY⁻¹ inversion and fitted LJ 7–6 potentials.
Source: Coarse-Grained Molecular Dynamics Simulation of Polyethylene Terephthalate (PET)
DOI: https://doi.org/10.1021/ma102084a",property,798,Polyethylene Terephthalate,CG force field derived via OZPY⁻¹ inversion and fitted LJ 7–6 potentials.,viscosity,0.0026,"{""condition"": ""DP=6""}",https://doi.org/10.1021/ma102084a,Coarse-Grained Molecular Dynamics Simulation of Polyethylene Terephthalate (PET),89dbb0ccca99
"Polymer: Polyethylene Terephthalate
Property: density = 1.29
Additional Info: {""condition"": ""DP=8""}
Force Field: CG force field derived via OZPY⁻¹ inversion and fitted LJ 7–6 potentials.
Source: Coarse-Grained Molecular Dynamics Simulation of Polyethylene Terephthalate (PET)
DOI: https://doi.org/10.1021/ma102084a",property,799,Polyethylene Terephthalate,CG force field derived via OZPY⁻¹ inversion and fitted LJ 7–6 potentials.,density,1.29,"{""condition"": ""DP=8""}",https://doi.org/10.1021/ma102084a,Coarse-Grained Molecular Dynamics Simulation of Polyethylene Terephthalate (PET),5933188f032b
"Polymer: Polyethylene Terephthalate
Property: diffusion_coefficient = 4.7e-11
Additional Info: {""condition"": ""DP=8""}
Force Field: CG force field derived via OZPY⁻¹ inversion and fitted LJ 7–6 potentials.
Source: Coarse-Grained Molecular Dynamics Simulation of Polyethylene Terephthalate (PET)
DOI: https://doi.org/10.1021/ma102084a",property,800,Polyethylene Terephthalate,CG force field derived via OZPY⁻¹ inversion and fitted LJ 7–6 potentials.,diffusion_coefficient,4.7e-11,"{""condition"": ""DP=8""}",https://doi.org/10.1021/ma102084a,Coarse-Grained Molecular Dynamics Simulation of Polyethylene Terephthalate (PET),aee07869889e
"Polymer: Polyethylene Terephthalate
Property: radius_gyration = 1.05
Additional Info: {""condition"": ""DP=8""}
Force Field: CG force field derived via OZPY⁻¹ inversion and fitted LJ 7–6 potentials.
Source: Coarse-Grained Molecular Dynamics Simulation of Polyethylene Terephthalate (PET)
DOI: https://doi.org/10.1021/ma102084a",property,801,Polyethylene Terephthalate,CG force field derived via OZPY⁻¹ inversion and fitted LJ 7–6 potentials.,radius_gyration,1.05,"{""condition"": ""DP=8""}",https://doi.org/10.1021/ma102084a,Coarse-Grained Molecular Dynamics Simulation of Polyethylene Terephthalate (PET),b5ea31d3f2ea
"Polymer: Polyethylene Terephthalate
Property: viscosity = 0.0041
Additional Info: {""condition"": ""DP=8""}
Force Field: CG force field derived via OZPY⁻¹ inversion and fitted LJ 7–6 potentials.
Source: Coarse-Grained Molecular Dynamics Simulation of Polyethylene Terephthalate (PET)
DOI: https://doi.org/10.1021/ma102084a",property,802,Polyethylene Terephthalate,CG force field derived via OZPY⁻¹ inversion and fitted LJ 7–6 potentials.,viscosity,0.0041,"{""condition"": ""DP=8""}",https://doi.org/10.1021/ma102084a,Coarse-Grained Molecular Dynamics Simulation of Polyethylene Terephthalate (PET),ec01a2682415
"Polymer: Polyethylene Terephthalate
Property: density = 1.29
Additional Info: {""condition"": ""DP=10""}
Force Field: CG force field derived via OZPY⁻¹ inversion and fitted LJ 7–6 potentials.
Source: Coarse-Grained Molecular Dynamics Simulation of Polyethylene Terephthalate (PET)
DOI: https://doi.org/10.1021/ma102084a",property,803,Polyethylene Terephthalate,CG force field derived via OZPY⁻¹ inversion and fitted LJ 7–6 potentials.,density,1.29,"{""condition"": ""DP=10""}",https://doi.org/10.1021/ma102084a,Coarse-Grained Molecular Dynamics Simulation of Polyethylene Terephthalate (PET),811982267ad8
"Polymer: Polyethylene Terephthalate
Property: diffusion_coefficient = 3.2e-11
Additional Info: {""condition"": ""DP=10""}
Force Field: CG force field derived via OZPY⁻¹ inversion and fitted LJ 7–6 potentials.
Source: Coarse-Grained Molecular Dynamics Simulation of Polyethylene Terephthalate (PET)
DOI: https://doi.org/10.1021/ma102084a",property,804,Polyethylene Terephthalate,CG force field derived via OZPY⁻¹ inversion and fitted LJ 7–6 potentials.,diffusion_coefficient,3.2e-11,"{""condition"": ""DP=10""}",https://doi.org/10.1021/ma102084a,Coarse-Grained Molecular Dynamics Simulation of Polyethylene Terephthalate (PET),3bf7ad97b2c5
"Polymer: Polyethylene Terephthalate
Property: radius_gyration = 1.22
Additional Info: {""condition"": ""DP=10""}
Force Field: CG force field derived via OZPY⁻¹ inversion and fitted LJ 7–6 potentials.
Source: Coarse-Grained Molecular Dynamics Simulation of Polyethylene Terephthalate (PET)
DOI: https://doi.org/10.1021/ma102084a",property,805,Polyethylene Terephthalate,CG force field derived via OZPY⁻¹ inversion and fitted LJ 7–6 potentials.,radius_gyration,1.22,"{""condition"": ""DP=10""}",https://doi.org/10.1021/ma102084a,Coarse-Grained Molecular Dynamics Simulation of Polyethylene Terephthalate (PET),7975c9e8f01d
"Polymer: Polyethylene Terephthalate
Property: viscosity = 0.0043
Additional Info: {""condition"": ""DP=10""}
Force Field: CG force field derived via OZPY⁻¹ inversion and fitted LJ 7–6 potentials.
Source: Coarse-Grained Molecular Dynamics Simulation of Polyethylene Terephthalate (PET)
DOI: https://doi.org/10.1021/ma102084a",property,806,Polyethylene Terephthalate,CG force field derived via OZPY⁻¹ inversion and fitted LJ 7–6 potentials.,viscosity,0.0043,"{""condition"": ""DP=10""}",https://doi.org/10.1021/ma102084a,Coarse-Grained Molecular Dynamics Simulation of Polyethylene Terephthalate (PET),b772afa80359
"Polymer: Polyethylene Terephthalate
Property: density = 1.18
Additional Info: {""condition"": ""DP=20""}
Force Field: CG force field derived via OZPY⁻¹ inversion and fitted LJ 7–6 potentials.
Source: Coarse-Grained Molecular Dynamics Simulation of Polyethylene Terephthalate (PET)
DOI: https://doi.org/10.1021/ma102084a",property,807,Polyethylene Terephthalate,CG force field derived via OZPY⁻¹ inversion and fitted LJ 7–6 potentials.,density,1.18,"{""condition"": ""DP=20""}",https://doi.org/10.1021/ma102084a,Coarse-Grained Molecular Dynamics Simulation of Polyethylene Terephthalate (PET),faf805f834c5
"Polymer: Polyethylene Terephthalate
Property: diffusion_coefficient = 1.6e-11
Additional Info: {""condition"": ""DP=20""}
Force Field: CG force field derived via OZPY⁻¹ inversion and fitted LJ 7–6 potentials.
Source: Coarse-Grained Molecular Dynamics Simulation of Polyethylene Terephthalate (PET)
DOI: https://doi.org/10.1021/ma102084a",property,808,Polyethylene Terephthalate,CG force field derived via OZPY⁻¹ inversion and fitted LJ 7–6 potentials.,diffusion_coefficient,1.6e-11,"{""condition"": ""DP=20""}",https://doi.org/10.1021/ma102084a,Coarse-Grained Molecular Dynamics Simulation of Polyethylene Terephthalate (PET),2ccfef2228e5
"Polymer: Polyethylene Terephthalate
Property: radius_gyration = 1.96
Additional Info: {""condition"": ""DP=20""}
Force Field: CG force field derived via OZPY⁻¹ inversion and fitted LJ 7–6 potentials.
Source: Coarse-Grained Molecular Dynamics Simulation of Polyethylene Terephthalate (PET)
DOI: https://doi.org/10.1021/ma102084a",property,809,Polyethylene Terephthalate,CG force field derived via OZPY⁻¹ inversion and fitted LJ 7–6 potentials.,radius_gyration,1.96,"{""condition"": ""DP=20""}",https://doi.org/10.1021/ma102084a,Coarse-Grained Molecular Dynamics Simulation of Polyethylene Terephthalate (PET),798597b0fb9a
"Polymer: Polyethylene Terephthalate
Property: viscosity = 0.0044
Additional Info: {""condition"": ""DP=20""}
Force Field: CG force field derived via OZPY⁻¹ inversion and fitted LJ 7–6 potentials.
Source: Coarse-Grained Molecular Dynamics Simulation of Polyethylene Terephthalate (PET)
DOI: https://doi.org/10.1021/ma102084a",property,810,Polyethylene Terephthalate,CG force field derived via OZPY⁻¹ inversion and fitted LJ 7–6 potentials.,viscosity,0.0044,"{""condition"": ""DP=20""}",https://doi.org/10.1021/ma102084a,Coarse-Grained Molecular Dynamics Simulation of Polyethylene Terephthalate (PET),f1ad30fcad38
"Polymer: Polyethylene Terephthalate
Property: density = 1.2
Additional Info: {""condition"": ""DP=30""}
Force Field: CG force field derived via OZPY⁻¹ inversion and fitted LJ 7–6 potentials.
Source: Coarse-Grained Molecular Dynamics Simulation of Polyethylene Terephthalate (PET)
DOI: https://doi.org/10.1021/ma102084a",property,811,Polyethylene Terephthalate,CG force field derived via OZPY⁻¹ inversion and fitted LJ 7–6 potentials.,density,1.2,"{""condition"": ""DP=30""}",https://doi.org/10.1021/ma102084a,Coarse-Grained Molecular Dynamics Simulation of Polyethylene Terephthalate (PET),ec40fa68ee35
"Polymer: Polyethylene Terephthalate
Property: diffusion_coefficient = 8e-12
Additional Info: {""condition"": ""DP=30""}
Force Field: CG force field derived via OZPY⁻¹ inversion and fitted LJ 7–6 potentials.
Source: Coarse-Grained Molecular Dynamics Simulation of Polyethylene Terephthalate (PET)
DOI: https://doi.org/10.1021/ma102084a",property,812,Polyethylene Terephthalate,CG force field derived via OZPY⁻¹ inversion and fitted LJ 7–6 potentials.,diffusion_coefficient,8e-12,"{""condition"": ""DP=30""}",https://doi.org/10.1021/ma102084a,Coarse-Grained Molecular Dynamics Simulation of Polyethylene Terephthalate (PET),0b45835a375c
"Polymer: Polyethylene Terephthalate
Property: radius_gyration = 2.47
Additional Info: {""condition"": ""DP=30""}
Force Field: CG force field derived via OZPY⁻¹ inversion and fitted LJ 7–6 potentials.
Source: Coarse-Grained Molecular Dynamics Simulation of Polyethylene Terephthalate (PET)
DOI: https://doi.org/10.1021/ma102084a",property,813,Polyethylene Terephthalate,CG force field derived via OZPY⁻¹ inversion and fitted LJ 7–6 potentials.,radius_gyration,2.47,"{""condition"": ""DP=30""}",https://doi.org/10.1021/ma102084a,Coarse-Grained Molecular Dynamics Simulation of Polyethylene Terephthalate (PET),be79c0bf9d38
"Polymer: Polyethylene Terephthalate
Property: viscosity = 0.0065
Additional Info: {""condition"": ""DP=30""}
Force Field: CG force field derived via OZPY⁻¹ inversion and fitted LJ 7–6 potentials.
Source: Coarse-Grained Molecular Dynamics Simulation of Polyethylene Terephthalate (PET)
DOI: https://doi.org/10.1021/ma102084a",property,814,Polyethylene Terephthalate,CG force field derived via OZPY⁻¹ inversion and fitted LJ 7–6 potentials.,viscosity,0.0065,"{""condition"": ""DP=30""}",https://doi.org/10.1021/ma102084a,Coarse-Grained Molecular Dynamics Simulation of Polyethylene Terephthalate (PET),60ff3e797d3e
"Polymer: Polyethylene Terephthalate
Property: density = 1.25
Additional Info: {""condition"": ""DP=40""}
Force Field: CG force field derived via OZPY⁻¹ inversion and fitted LJ 7–6 potentials.
Source: Coarse-Grained Molecular Dynamics Simulation of Polyethylene Terephthalate (PET)
DOI: https://doi.org/10.1021/ma102084a",property,815,Polyethylene Terephthalate,CG force field derived via OZPY⁻¹ inversion and fitted LJ 7–6 potentials.,density,1.25,"{""condition"": ""DP=40""}",https://doi.org/10.1021/ma102084a,Coarse-Grained Molecular Dynamics Simulation of Polyethylene Terephthalate (PET),af32783d8165
"Polymer: Polyethylene Terephthalate
Property: diffusion_coefficient = 4.5e-12
Additional Info: {""condition"": ""DP=40""}
Force Field: CG force field derived via OZPY⁻¹ inversion and fitted LJ 7–6 potentials.
Source: Coarse-Grained Molecular Dynamics Simulation of Polyethylene Terephthalate (PET)
DOI: https://doi.org/10.1021/ma102084a",property,816,Polyethylene Terephthalate,CG force field derived via OZPY⁻¹ inversion and fitted LJ 7–6 potentials.,diffusion_coefficient,4.5e-12,"{""condition"": ""DP=40""}",https://doi.org/10.1021/ma102084a,Coarse-Grained Molecular Dynamics Simulation of Polyethylene Terephthalate (PET),8158c2653ac5
"Polymer: Polyethylene Terephthalate
Property: radius_gyration = 2.8
Additional Info: {""condition"": ""DP=40""}
Force Field: CG force field derived via OZPY⁻¹ inversion and fitted LJ 7–6 potentials.
Source: Coarse-Grained Molecular Dynamics Simulation of Polyethylene Terephthalate (PET)
DOI: https://doi.org/10.1021/ma102084a",property,817,Polyethylene Terephthalate,CG force field derived via OZPY⁻¹ inversion and fitted LJ 7–6 potentials.,radius_gyration,2.8,"{""condition"": ""DP=40""}",https://doi.org/10.1021/ma102084a,Coarse-Grained Molecular Dynamics Simulation of Polyethylene Terephthalate (PET),222bbb7ddf52
"Polymer: Polyethylene Terephthalate
Property: viscosity = 0.015
Additional Info: {""condition"": ""DP=40""}
Force Field: CG force field derived via OZPY⁻¹ inversion and fitted LJ 7–6 potentials.
Source: Coarse-Grained Molecular Dynamics Simulation of Polyethylene Terephthalate (PET)
DOI: https://doi.org/10.1021/ma102084a",property,818,Polyethylene Terephthalate,CG force field derived via OZPY⁻¹ inversion and fitted LJ 7–6 potentials.,viscosity,0.015,"{""condition"": ""DP=40""}",https://doi.org/10.1021/ma102084a,Coarse-Grained Molecular Dynamics Simulation of Polyethylene Terephthalate (PET),c444c9504f6a
"Polymer: Polyethylene Terephthalate
Property: density = 1.24
Additional Info: {""condition"": ""DP=50""}
Force Field: CG force field derived via OZPY⁻¹ inversion and fitted LJ 7–6 potentials.
Source: Coarse-Grained Molecular Dynamics Simulation of Polyethylene Terephthalate (PET)
DOI: https://doi.org/10.1021/ma102084a",property,819,Polyethylene Terephthalate,CG force field derived via OZPY⁻¹ inversion and fitted LJ 7–6 potentials.,density,1.24,"{""condition"": ""DP=50""}",https://doi.org/10.1021/ma102084a,Coarse-Grained Molecular Dynamics Simulation of Polyethylene Terephthalate (PET),dee07fd2a14b
"Polymer: Polyethylene Terephthalate
Property: diffusion_coefficient = 2.5e-12
Additional Info: {""condition"": ""DP=50""}
Force Field: CG force field derived via OZPY⁻¹ inversion and fitted LJ 7–6 potentials.
Source: Coarse-Grained Molecular Dynamics Simulation of Polyethylene Terephthalate (PET)
DOI: https://doi.org/10.1021/ma102084a",property,820,Polyethylene Terephthalate,CG force field derived via OZPY⁻¹ inversion and fitted LJ 7–6 potentials.,diffusion_coefficient,2.5e-12,"{""condition"": ""DP=50""}",https://doi.org/10.1021/ma102084a,Coarse-Grained Molecular Dynamics Simulation of Polyethylene Terephthalate (PET),a9ab2f9f9cb2
"Polymer: Polyethylene Terephthalate
Property: radius_gyration = 3.09
Additional Info: {""condition"": ""DP=50""}
Force Field: CG force field derived via OZPY⁻¹ inversion and fitted LJ 7–6 potentials.
Source: Coarse-Grained Molecular Dynamics Simulation of Polyethylene Terephthalate (PET)
DOI: https://doi.org/10.1021/ma102084a",property,821,Polyethylene Terephthalate,CG force field derived via OZPY⁻¹ inversion and fitted LJ 7–6 potentials.,radius_gyration,3.09,"{""condition"": ""DP=50""}",https://doi.org/10.1021/ma102084a,Coarse-Grained Molecular Dynamics Simulation of Polyethylene Terephthalate (PET),23ed02c83b95
"Polymer: Polyethylene Terephthalate
Property: viscosity = 0.023
Additional Info: {""condition"": ""DP=50""}
Force Field: CG force field derived via OZPY⁻¹ inversion and fitted LJ 7–6 potentials.
Source: Coarse-Grained Molecular Dynamics Simulation of Polyethylene Terephthalate (PET)
DOI: https://doi.org/10.1021/ma102084a",property,822,Polyethylene Terephthalate,CG force field derived via OZPY⁻¹ inversion and fitted LJ 7–6 potentials.,viscosity,0.023,"{""condition"": ""DP=50""}",https://doi.org/10.1021/ma102084a,Coarse-Grained Molecular Dynamics Simulation of Polyethylene Terephthalate (PET),bc907541f889
"Polymer: Epoxy Phenol Novolac Bisphenol A epoxy resin
Property: viscosity = 0.00258
Additional Info: {}
Force Field: Coarse-grained molecular dynamics (CGMD) model by Qu et al.
Source: Coarse-grained molecular dynamics simulations of epoxy resin during the curing process
DOI: https://doi.org/10.1016/j.commatsci.2015.04.022",property,823,Epoxy Phenol Novolac Bisphenol A epoxy resin,Coarse-grained molecular dynamics (CGMD) model by Qu et al.,viscosity,0.00258,{},https://doi.org/10.1016/j.commatsci.2015.04.022,Coarse-grained molecular dynamics simulations of epoxy resin during the curing process,d3cbefbf17be
"Polymer: Epoxy Phenol Novolac Bisphenol A epoxy resin
Property: viscosity = 0.00488
Additional Info: {""condition"": ""20% cross-linked""}
Force Field: Coarse-grained molecular dynamics (CGMD) model by Qu et al.
Source: Coarse-grained molecular dynamics simulations of epoxy resin during the curing process
DOI: https://doi.org/10.1016/j.commatsci.2015.04.022",property,824,Epoxy Phenol Novolac Bisphenol A epoxy resin,Coarse-grained molecular dynamics (CGMD) model by Qu et al.,viscosity,0.00488,"{""condition"": ""20% cross-linked""}",https://doi.org/10.1016/j.commatsci.2015.04.022,Coarse-grained molecular dynamics simulations of epoxy resin during the curing process,950c63571c7f
"Polymer: Epoxy Phenol Novolac Bisphenol A epoxy resin
Property: viscosity = 0.0113
Additional Info: {""condition"": ""40% cross-linked""}
Force Field: Coarse-grained molecular dynamics (CGMD) model by Qu et al.
Source: Coarse-grained molecular dynamics simulations of epoxy resin during the curing process
DOI: https://doi.org/10.1016/j.commatsci.2015.04.022",property,825,Epoxy Phenol Novolac Bisphenol A epoxy resin,Coarse-grained molecular dynamics (CGMD) model by Qu et al.,viscosity,0.0113,"{""condition"": ""40% cross-linked""}",https://doi.org/10.1016/j.commatsci.2015.04.022,Coarse-grained molecular dynamics simulations of epoxy resin during the curing process,7e5bd148acbb
"Polymer: Epoxy Phenol Novolac Bisphenol A epoxy resin
Property: viscosity = 0.0199
Additional Info: {""condition"": ""60% cross-linked""}
Force Field: Coarse-grained molecular dynamics (CGMD) model by Qu et al.
Source: Coarse-grained molecular dynamics simulations of epoxy resin during the curing process
DOI: https://doi.org/10.1016/j.commatsci.2015.04.022",property,826,Epoxy Phenol Novolac Bisphenol A epoxy resin,Coarse-grained molecular dynamics (CGMD) model by Qu et al.,viscosity,0.0199,"{""condition"": ""60% cross-linked""}",https://doi.org/10.1016/j.commatsci.2015.04.022,Coarse-grained molecular dynamics simulations of epoxy resin during the curing process,2d80565c2cad
"Polymer: Poly(ethylene terephthalate)
Property: density = 1.229
Additional Info: {}
Force Field: Coarse-grained (CG) models derived from atomistic simulations
Source: Coarse-grained molecular dynamics simulations of poly(ethylene terephthalate)
DOI: https://doi.org/10.1063/1.5145142",property,827,Poly(ethylene terephthalate),Coarse-grained (CG) models derived from atomistic simulations,density,1.229,{},https://doi.org/10.1063/1.5145142,Coarse-grained molecular dynamics simulations of poly(ethylene terephthalate),23ed70a588f2
"Polymer: Poly(ethylene terephthalate)
Property: glass_transition_temp = 215
Additional Info: {}
Force Field: Coarse-grained (CG) models derived from atomistic simulations
Source: Coarse-grained molecular dynamics simulations of poly(ethylene terephthalate)
DOI: https://doi.org/10.1063/1.5145142",property,828,Poly(ethylene terephthalate),Coarse-grained (CG) models derived from atomistic simulations,glass_transition_temp,215,{},https://doi.org/10.1063/1.5145142,Coarse-grained molecular dynamics simulations of poly(ethylene terephthalate),d0d0f98aa270
"Polymer: Poly(ethylene terephthalate)
Property: density = 1.22
Additional Info: {}
Force Field: CG2 model
Source: Coarse-grained molecular dynamics simulations of poly(ethylene terephthalate)
DOI: https://doi.org/10.1063/1.5145142",property,830,Poly(ethylene terephthalate),CG2 model,density,1.22,{},https://doi.org/10.1063/1.5145142,Coarse-grained molecular dynamics simulations of poly(ethylene terephthalate),c316501532b2
"Polymer: Poly(ethylene terephthalate)
Property: glass_transition_temp = 275
Additional Info: {}
Force Field: CG2 model
Source: Coarse-grained molecular dynamics simulations of poly(ethylene terephthalate)
DOI: https://doi.org/10.1063/1.5145142",property,831,Poly(ethylene terephthalate),CG2 model,glass_transition_temp,275,{},https://doi.org/10.1063/1.5145142,Coarse-grained molecular dynamics simulations of poly(ethylene terephthalate),f068fa975f45
"Polymer: Poly(ethylene terephthalate)
Property: density = 1.217
Additional Info: {}
Force Field: CG3 model
Source: Coarse-grained molecular dynamics simulations of poly(ethylene terephthalate)
DOI: https://doi.org/10.1063/1.5145142",property,833,Poly(ethylene terephthalate),CG3 model,density,1.217,{},https://doi.org/10.1063/1.5145142,Coarse-grained molecular dynamics simulations of poly(ethylene terephthalate),280a46ee3cf8
"Polymer: Poly(ethylene terephthalate)
Property: glass_transition_temp = 265
Additional Info: {}
Force Field: CG3 model
Source: Coarse-grained molecular dynamics simulations of poly(ethylene terephthalate)
DOI: https://doi.org/10.1063/1.5145142",property,834,Poly(ethylene terephthalate),CG3 model,glass_transition_temp,265,{},https://doi.org/10.1063/1.5145142,Coarse-grained molecular dynamics simulations of poly(ethylene terephthalate),5fbd094ab303
"Polymer: Poly(ethylene terephthalate)
Property: glass_transition_temp = 215
Additional Info: {}
Force Field: CG1 model
Source: Coarse-grained molecular dynamics simulations of poly(ethylene terephthalate)
DOI: https://doi.org/10.1063/1.5145142",property,836,Poly(ethylene terephthalate),CG1 model,glass_transition_temp,215,{},https://doi.org/10.1063/1.5145142,Coarse-grained molecular dynamics simulations of poly(ethylene terephthalate),e3bde6bf7727
"Polymer: Epoxy phenol novolacs (EPN) bisphenol A (BPA)
Property: density = 1.183
Additional Info: {}
Force Field: coarse-grained (CG) model developed in Ref. [17] (with LJ + bonded quartic + angle terms and optimized parameters)
Source: Coarse-grained molecular dynamics simulations of the tensile behavior of a thermosetting polymer
DOI: https://doi.org/10.1103/physreve.90.012601",property,838,Epoxy phenol novolacs (EPN) bisphenol A (BPA),coarse-grained (CG) model developed in Ref. [17] (with LJ + bonded quartic + angle terms and optimized parameters),density,1.183,{},https://doi.org/10.1103/physreve.90.012601,Coarse-grained molecular dynamics simulations of the tensile behavior of a thermosetting polymer,922c08961cc7
"Polymer: Epoxy phenol novolacs (EPN) bisphenol A (BPA)
Property: glass_transition_temp = 400
Additional Info: {}
Force Field: coarse-grained (CG) model developed in Ref. [17] (with LJ + bonded quartic + angle terms and optimized parameters)
Source: Coarse-grained molecular dynamics simulations of the tensile behavior of a thermosetting polymer
DOI: https://doi.org/10.1103/physreve.90.012601",property,839,Epoxy phenol novolacs (EPN) bisphenol A (BPA),coarse-grained (CG) model developed in Ref. [17] (with LJ + bonded quartic + angle terms and optimized parameters),glass_transition_temp,400,{},https://doi.org/10.1103/physreve.90.012601,Coarse-grained molecular dynamics simulations of the tensile behavior of a thermosetting polymer,623777a6671a
"Polymer: Polyimide R-BAPB (from Bisphenol A and Biphenyltetracarboxylic dianhydride)
Property: density = 1.216
Additional Info: {}
Force Field: coarse-grained (CG) model developed in Ref. [17] (with LJ + bonded quartic + angle terms and optimized parameters)
Source: Coarse-grained molecular-dynamics simulations of nanoparticle diffusion in polymer nanocomposites
DOI: https://doi.org/10.1016/j.polymer.2018.04.058",property,840,Polyimide R-BAPB (from Bisphenol A and Biphenyltetracarboxylic dianhydride),coarse-grained (CG) model developed in Ref. [17] (with LJ + bonded quartic + angle terms and optimized parameters),density,1.216,{},https://doi.org/10.1016/j.polymer.2018.04.058,Coarse-grained molecular-dynamics simulations of nanoparticle diffusion in polymer nanocomposites,6bbd3afc17d5
"Polymer: Polyimide R-BAPB (from Bisphenol A and Biphenyltetracarboxylic dianhydride)
Property: radius_gyration = 4.2
Additional Info: {}
Force Field: coarse-grained (CG) model developed in Ref. [17] (with LJ + bonded quartic + angle terms and optimized parameters)
Source: Coarse-grained molecular-dynamics simulations of nanoparticle diffusion in polymer nanocomposites
DOI: https://doi.org/10.1016/j.polymer.2018.04.058",property,841,Polyimide R-BAPB (from Bisphenol A and Biphenyltetracarboxylic dianhydride),coarse-grained (CG) model developed in Ref. [17] (with LJ + bonded quartic + angle terms and optimized parameters),radius_gyration,4.2,{},https://doi.org/10.1016/j.polymer.2018.04.058,Coarse-grained molecular-dynamics simulations of nanoparticle diffusion in polymer nanocomposites,1844bdfb6335
"Polymer: Polyimide R-BAPB (from Bisphenol A and Biphenyltetracarboxylic dianhydride)
Property: density = 1.117
Additional Info: {}
Force Field: coarse-grained (CG) model developed in Ref. [17] (with LJ + bonded quartic + angle terms and optimized parameters)
Source: Coarse-grained molecular-dynamics simulations of nanoparticle diffusion in polymer nanocomposites
DOI: https://doi.org/10.1016/j.polymer.2018.04.058",property,842,Polyimide R-BAPB (from Bisphenol A and Biphenyltetracarboxylic dianhydride),coarse-grained (CG) model developed in Ref. [17] (with LJ + bonded quartic + angle terms and optimized parameters),density,1.117,{},https://doi.org/10.1016/j.polymer.2018.04.058,Coarse-grained molecular-dynamics simulations of nanoparticle diffusion in polymer nanocomposites,ad22089ba1b7
"Polymer: Polyimide R-BAPB (from Bisphenol A and Biphenyltetracarboxylic dianhydride)
Property: radius_gyration = 3.9
Additional Info: {}
Force Field: coarse-grained (CG) model developed in Ref. [17] (with LJ + bonded quartic + angle terms and optimized parameters)
Source: Coarse-grained molecular-dynamics simulations of nanoparticle diffusion in polymer nanocomposites
DOI: https://doi.org/10.1016/j.polymer.2018.04.058",property,843,Polyimide R-BAPB (from Bisphenol A and Biphenyltetracarboxylic dianhydride),coarse-grained (CG) model developed in Ref. [17] (with LJ + bonded quartic + angle terms and optimized parameters),radius_gyration,3.9,{},https://doi.org/10.1016/j.polymer.2018.04.058,Coarse-grained molecular-dynamics simulations of nanoparticle diffusion in polymer nanocomposites,93ad2613aa46
"Polymer: polyimide synthesized from dianhydride R and diamine BAPB
Property: density = 1.207
Additional Info: {}
Force Field: Fully atomistic (AA) model
Source: Coarse-grained molecular-dynamics simulations of nanoparticle diffusion in polymer nanocomposites
DOI: https://doi.org/10.1016/j.polymer.2018.04.058",property,844,polyimide synthesized from dianhydride R and diamine BAPB,Fully atomistic (AA) model,density,1.207,{},https://doi.org/10.1016/j.polymer.2018.04.058,Coarse-grained molecular-dynamics simulations of nanoparticle diffusion in polymer nanocomposites,8e842a1b2c24
"Polymer: polyimide synthesized from dianhydride R and diamine BAPB
Property: radius_gyration = 3.7
Additional Info: {}
Force Field: Fully atomistic (AA) model
Source: Coarse-grained molecular-dynamics simulations of nanoparticle diffusion in polymer nanocomposites
DOI: https://doi.org/10.1016/j.polymer.2018.04.058",property,845,polyimide synthesized from dianhydride R and diamine BAPB,Fully atomistic (AA) model,radius_gyration,3.7,{},https://doi.org/10.1016/j.polymer.2018.04.058,Coarse-grained molecular-dynamics simulations of nanoparticle diffusion in polymer nanocomposites,aefea672a61a
"Polymer: Polystyrene
Property: density = 0.8
Additional Info: {}
Force Field: United atom (Mondello et al.)
Source: Coarse-graining scheme for simulating uniaxial stress-strain response of glassy polymers through molecular dynamics
DOI: https://doi.org/10.1103/physreve.81.011803",property,846,Polystyrene,United atom (Mondello et al.),density,0.8,{},https://doi.org/10.1103/physreve.81.011803,Coarse-graining scheme for simulating uniaxial stress-strain response of glassy polymers through molecular dynamics,d79265945573
"Polymer: Polystyrene
Property: glass_transition_temp = 355
Additional Info: {}
Force Field: United atom (Mondello et al.)
Source: Coarse-graining scheme for simulating uniaxial stress-strain response of glassy polymers through molecular dynamics
DOI: https://doi.org/10.1103/physreve.81.011803",property,847,Polystyrene,United atom (Mondello et al.),glass_transition_temp,355,{},https://doi.org/10.1103/physreve.81.011803,Coarse-graining scheme for simulating uniaxial stress-strain response of glassy polymers through molecular dynamics,055805560797
"Polymer: Polystyrene
Property: youngs_modulus = 3.6
Additional Info: {}
Force Field: United atom (Mondello et al.)
Source: Coarse-graining scheme for simulating uniaxial stress-strain response of glassy polymers through molecular dynamics
DOI: https://doi.org/10.1103/physreve.81.011803",property,848,Polystyrene,United atom (Mondello et al.),youngs_modulus,3.6,{},https://doi.org/10.1103/physreve.81.011803,Coarse-graining scheme for simulating uniaxial stress-strain response of glassy polymers through molecular dynamics,a1ac9f65fd0a
"Polymer: Polystyrene 
Property: glass_transition_temp = 268
Additional Info: {""condition"": ""Coarse-grained model (1 superatom per monomer)""}
Force Field: Coarse-grained force field from force matching technique
Source: Coarse-graining scheme for simulating uniaxial stress-strain response of glassy polymers through molecular dynamics
DOI: https://doi.org/10.1103/physreve.81.011803",property,849,Polystyrene ,Coarse-grained force field from force matching technique,glass_transition_temp,268,"{""condition"": ""Coarse-grained model (1 superatom per monomer)""}",https://doi.org/10.1103/physreve.81.011803,Coarse-graining scheme for simulating uniaxial stress-strain response of glassy polymers through molecular dynamics,37291fc8a263
"Polymer: Poly(lactic acid) (PLA)
Property: density = 0.9843
Additional Info: {""condition"": ""N=150""}
Force Field: Coarse grainde model
Source: Coarse‚Äêgrained A‚Äêgraft‚ÄêB model of poly(lactic acid) for molecular dynamics simulations
DOI: https://doi.org/10.1002/polb.24567",property,850,Poly(lactic acid) (PLA),Coarse grainde model,density,0.9843,"{""condition"": ""N=150""}",https://doi.org/10.1002/polb.24567,Coarse‚Äêgrained A‚Äêgraft‚ÄêB model of poly(lactic acid) for molecular dynamics simulations,9f37747ecdca
"Polymer: Poly(lactic acid) (PLA)
Property: radius_gyration = 4.1
Additional Info: {""condition"": ""N=150""}
Force Field: Coarse grainde model
Source: Coarse‚Äêgrained A‚Äêgraft‚ÄêB model of poly(lactic acid) for molecular dynamics simulations
DOI: https://doi.org/10.1002/polb.24567",property,851,Poly(lactic acid) (PLA),Coarse grainde model,radius_gyration,4.1,"{""condition"": ""N=150""}",https://doi.org/10.1002/polb.24567,Coarse‚Äêgrained A‚Äêgraft‚ÄêB model of poly(lactic acid) for molecular dynamics simulations,56a2ffbfaea4
"Polymer: Isotactic Poly(methyl methacrylate)
Property: density = 1.0517
Additional Info: {}
Force Field: OPLS-AA
Source: Coarse‚Äêgrained molecular dynamics simulations of stereoregular poly(methyl methacrylate)/poly(vinyl chloride) blends
DOI: https://doi.org/10.1002/polb.23608",property,857,Isotactic Poly(methyl methacrylate),OPLS-AA,density,1.0517,{},https://doi.org/10.1002/polb.23608,Coarse‚Äêgrained molecular dynamics simulations of stereoregular poly(methyl methacrylate)/poly(vinyl chloride) blends,a58c43801169
"Polymer: Isotactic Poly(methyl methacrylate)
Property: radius_gyration = 0.907
Additional Info: {}
Force Field: OPLS-AA
Source: Coarse‚Äêgrained molecular dynamics simulations of stereoregular poly(methyl methacrylate)/poly(vinyl chloride) blends
DOI: https://doi.org/10.1002/polb.23608",property,858,Isotactic Poly(methyl methacrylate),OPLS-AA,radius_gyration,0.907,{},https://doi.org/10.1002/polb.23608,Coarse‚Äêgrained molecular dynamics simulations of stereoregular poly(methyl methacrylate)/poly(vinyl chloride) blends,78c5d368bef7
"Polymer: Isotactic Poly(methyl methacrylate)
Property: density = 1.1235
Additional Info: {}
Force Field: CG (reparameterized)
Source: Coarse‚Äêgrained molecular dynamics simulations of stereoregular poly(methyl methacrylate)/poly(vinyl chloride) blends
DOI: https://doi.org/10.1002/polb.23608",property,859,Isotactic Poly(methyl methacrylate),CG (reparameterized),density,1.1235,{},https://doi.org/10.1002/polb.23608,Coarse‚Äêgrained molecular dynamics simulations of stereoregular poly(methyl methacrylate)/poly(vinyl chloride) blends,3b2200c386b5
"Polymer: Isotactic Poly(methyl methacrylate)
Property: radius_gyration = 0.849
Additional Info: {}
Force Field: CG (reparameterized)
Source: Coarse‚Äêgrained molecular dynamics simulations of stereoregular poly(methyl methacrylate)/poly(vinyl chloride) blends
DOI: https://doi.org/10.1002/polb.23608",property,860,Isotactic Poly(methyl methacrylate),CG (reparameterized),radius_gyration,0.849,{},https://doi.org/10.1002/polb.23608,Coarse‚Äêgrained molecular dynamics simulations of stereoregular poly(methyl methacrylate)/poly(vinyl chloride) blends,8fb6a265d136
"Polymer: Syndiotactic Poly(methyl methacrylate)
Property: density = 1.0451
Additional Info: {}
Force Field: OPLS-AA
Source: Coarse‚Äêgrained molecular dynamics simulations of stereoregular poly(methyl methacrylate)/poly(vinyl chloride) blends
DOI: https://doi.org/10.1002/polb.23608",property,861,Syndiotactic Poly(methyl methacrylate),OPLS-AA,density,1.0451,{},https://doi.org/10.1002/polb.23608,Coarse‚Äêgrained molecular dynamics simulations of stereoregular poly(methyl methacrylate)/poly(vinyl chloride) blends,7e2969ad0a8d
"Polymer: Syndiotactic Poly(methyl methacrylate)
Property: radius_gyration = 0.858
Additional Info: {}
Force Field: OPLS-AA
Source: Coarse‚Äêgrained molecular dynamics simulations of stereoregular poly(methyl methacrylate)/poly(vinyl chloride) blends
DOI: https://doi.org/10.1002/polb.23608",property,862,Syndiotactic Poly(methyl methacrylate),OPLS-AA,radius_gyration,0.858,{},https://doi.org/10.1002/polb.23608,Coarse‚Äêgrained molecular dynamics simulations of stereoregular poly(methyl methacrylate)/poly(vinyl chloride) blends,c2ac095cf552
"Polymer: Syndiotactic Poly(methyl methacrylate)
Property: density = 1.0422
Additional Info: {}
Force Field: CG (reparameterized)
Source: Coarse‚Äêgrained molecular dynamics simulations of stereoregular poly(methyl methacrylate)/poly(vinyl chloride) blends
DOI: https://doi.org/10.1002/polb.23608",property,863,Syndiotactic Poly(methyl methacrylate),CG (reparameterized),density,1.0422,{},https://doi.org/10.1002/polb.23608,Coarse‚Äêgrained molecular dynamics simulations of stereoregular poly(methyl methacrylate)/poly(vinyl chloride) blends,4b18e3f4dc73
"Polymer: Syndiotactic Poly(methyl methacrylate)
Property: radius_gyration = 0.873
Additional Info: {}
Force Field: CG (reparameterized)
Source: Coarse‚Äêgrained molecular dynamics simulations of stereoregular poly(methyl methacrylate)/poly(vinyl chloride) blends
DOI: https://doi.org/10.1002/polb.23608",property,864,Syndiotactic Poly(methyl methacrylate),CG (reparameterized),radius_gyration,0.873,{},https://doi.org/10.1002/polb.23608,Coarse‚Äêgrained molecular dynamics simulations of stereoregular poly(methyl methacrylate)/poly(vinyl chloride) blends,75f8468f4c80
"Polymer: Isotactic Poly(vinyl chloride)
Property: density = 1.245
Additional Info: {}
Force Field: OPLS-AA
Source: Coarse‚Äêgrained molecular dynamics simulations of stereoregular poly(methyl methacrylate)/poly(vinyl chloride) blends
DOI: https://doi.org/10.1002/polb.23608",property,865,Isotactic Poly(vinyl chloride),OPLS-AA,density,1.245,{},https://doi.org/10.1002/polb.23608,Coarse‚Äêgrained molecular dynamics simulations of stereoregular poly(methyl methacrylate)/poly(vinyl chloride) blends,9749f6275bbd
"Polymer: Isotactic Poly(vinyl chloride)
Property: radius_gyration = 1.054
Additional Info: {}
Force Field: OPLS-AA
Source: Coarse‚Äêgrained molecular dynamics simulations of stereoregular poly(methyl methacrylate)/poly(vinyl chloride) blends
DOI: https://doi.org/10.1002/polb.23608",property,866,Isotactic Poly(vinyl chloride),OPLS-AA,radius_gyration,1.054,{},https://doi.org/10.1002/polb.23608,Coarse‚Äêgrained molecular dynamics simulations of stereoregular poly(methyl methacrylate)/poly(vinyl chloride) blends,329f697750b4
"Polymer: Isotactic Poly(vinyl chloride)
Property: density = 1.3899
Additional Info: {}
Force Field: CG (reparameterized)
Source: Coarse‚Äêgrained molecular dynamics simulations of stereoregular poly(methyl methacrylate)/poly(vinyl chloride) blends
DOI: https://doi.org/10.1002/polb.23608",property,867,Isotactic Poly(vinyl chloride),CG (reparameterized),density,1.3899,{},https://doi.org/10.1002/polb.23608,Coarse‚Äêgrained molecular dynamics simulations of stereoregular poly(methyl methacrylate)/poly(vinyl chloride) blends,358c52035e4d
"Polymer: Isotactic Poly(vinyl chloride)
Property: radius_gyration = 0.933
Additional Info: {}
Force Field: CG (reparameterized)
Source: Coarse‚Äêgrained molecular dynamics simulations of stereoregular poly(methyl methacrylate)/poly(vinyl chloride) blends
DOI: https://doi.org/10.1002/polb.23608",property,868,Isotactic Poly(vinyl chloride),CG (reparameterized),radius_gyration,0.933,{},https://doi.org/10.1002/polb.23608,Coarse‚Äêgrained molecular dynamics simulations of stereoregular poly(methyl methacrylate)/poly(vinyl chloride) blends,3fca733911ba
"Polymer: Polystyrene
Property: density = 0.96
Additional Info: {}
Force Field: CG MD
Source: Combination of Hybrid Particle-Field Molecular Dynamics and Slip-Springs for the Efficient Simulation of Coarse-Grained Polymer Models- Static and Dynamic Properties of Polystyrene Melts
DOI: https://doi.org/10.1021/acs.jctc.0c00954",property,272,Polystyrene,CG MD,density,0.96,{},https://doi.org/10.1021/acs.jctc.0c00954,Combination of Hybrid Particle-Field Molecular Dynamics and Slip-Springs for the Efficient Simulation of Coarse-Grained Polymer Models- Static and Dynamic Properties of Polystyrene Melts,69ca3a8e4691
"Polymer: Polystyrene (N=100)
Property: density = 0.96
Additional Info: {""condition"": ""N=100""}
Force Field: A coarse-grained polystyrene force field developed by Qian et al
Source: Combination of Hybrid Particle-Field Molecular Dynamics and Slip-Springs for the Efficient Simulation of Coarse-Grained Polymer Models- Static and Dynamic Properties of Polystyrene Melts
DOI: https://doi.org/10.1021/acs.jctc.0c00954",property,274,Polystyrene (N=100),A coarse-grained polystyrene force field developed by Qian et al,density,0.96,"{""condition"": ""N=100""}",https://doi.org/10.1021/acs.jctc.0c00954,Combination of Hybrid Particle-Field Molecular Dynamics and Slip-Springs for the Efficient Simulation of Coarse-Grained Polymer Models- Static and Dynamic Properties of Polystyrene Melts,f645981b4394
"Polymer: Polystyrene (N=200)
Property: density = 0.96
Additional Info: {""condition"": ""N=200""}
Force Field: A coarse-grained polystyrene force field developed by Qian et al
Source: Combination of Hybrid Particle-Field Molecular Dynamics and Slip-Springs for the Efficient Simulation of Coarse-Grained Polymer Models- Static and Dynamic Properties of Polystyrene Melts
DOI: https://doi.org/10.1021/acs.jctc.0c00954",property,276,Polystyrene (N=200),A coarse-grained polystyrene force field developed by Qian et al,density,0.96,"{""condition"": ""N=200""}",https://doi.org/10.1021/acs.jctc.0c00954,Combination of Hybrid Particle-Field Molecular Dynamics and Slip-Springs for the Efficient Simulation of Coarse-Grained Polymer Models- Static and Dynamic Properties of Polystyrene Melts,b45511d637b0
"Polymer: Polystyrene (N=400)
Property: density = 0.96
Additional Info: {""condition"": ""N=400""}
Force Field: A coarse-grained polystyrene force field developed by Qian et al
Source: Combination of Hybrid Particle-Field Molecular Dynamics and Slip-Springs for the Efficient Simulation of Coarse-Grained Polymer Models- Static and Dynamic Properties of Polystyrene Melts
DOI: https://doi.org/10.1021/acs.jctc.0c00954",property,278,Polystyrene (N=400),A coarse-grained polystyrene force field developed by Qian et al,density,0.96,"{""condition"": ""N=400""}",https://doi.org/10.1021/acs.jctc.0c00954,Combination of Hybrid Particle-Field Molecular Dynamics and Slip-Springs for the Efficient Simulation of Coarse-Grained Polymer Models- Static and Dynamic Properties of Polystyrene Melts,cce5fe208a7f
"Polymer: Polystyrene (N=750)
Property: density = 0.96
Additional Info: {""condition"": ""N=750""}
Force Field: A coarse-grained polystyrene force field developed by Qian et al
Source: Combination of Hybrid Particle-Field Molecular Dynamics and Slip-Springs for the Efficient Simulation of Coarse-Grained Polymer Models- Static and Dynamic Properties of Polystyrene Melts
DOI: https://doi.org/10.1021/acs.jctc.0c00954",property,280,Polystyrene (N=750),A coarse-grained polystyrene force field developed by Qian et al,density,0.96,"{""condition"": ""N=750""}",https://doi.org/10.1021/acs.jctc.0c00954,Combination of Hybrid Particle-Field Molecular Dynamics and Slip-Springs for the Efficient Simulation of Coarse-Grained Polymer Models- Static and Dynamic Properties of Polystyrene Melts,60302390bf0a
"Polymer: Polystyrene
Property: density = 0.96
Additional Info: {}
Force Field: CG model by Qian et al.
Source: Combination of Hybrid Particle-Field Molecular Dynamics and Slip-Springs for the Efficient Simulation of Coarse-Grained Polymer Models- Static and Dynamic Properties of Polystyrene Melts
DOI: https://doi.org/10.1021/acs.jctc.0c00954",property,869,Polystyrene,CG model by Qian et al.,density,0.96,{},https://doi.org/10.1021/acs.jctc.0c00954,Combination of Hybrid Particle-Field Molecular Dynamics and Slip-Springs for the Efficient Simulation of Coarse-Grained Polymer Models- Static and Dynamic Properties of Polystyrene Melts,5214758fca79
"Polymer: Polystyrene
Property: density = 0.96
Additional Info: {""condition"": ""N=100""}
Force Field: A coarse-grained polystyrene force field developed by Qian et al
Source: Combination of Hybrid Particle-Field Molecular Dynamics and Slip-Springs for the Efficient Simulation of Coarse-Grained Polymer Models- Static and Dynamic Properties of Polystyrene Melts
DOI: https://doi.org/10.1021/acs.jctc.0c00954",property,871,Polystyrene,A coarse-grained polystyrene force field developed by Qian et al,density,0.96,"{""condition"": ""N=100""}",https://doi.org/10.1021/acs.jctc.0c00954,Combination of Hybrid Particle-Field Molecular Dynamics and Slip-Springs for the Efficient Simulation of Coarse-Grained Polymer Models- Static and Dynamic Properties of Polystyrene Melts,121c7a91011f
"Polymer: Polystyrene
Property: density = 0.96
Additional Info: {""condition"": ""N=200""}
Force Field: A coarse-grained polystyrene force field developed by Qian et al
Source: Combination of Hybrid Particle-Field Molecular Dynamics and Slip-Springs for the Efficient Simulation of Coarse-Grained Polymer Models- Static and Dynamic Properties of Polystyrene Melts
DOI: https://doi.org/10.1021/acs.jctc.0c00954",property,872,Polystyrene,A coarse-grained polystyrene force field developed by Qian et al,density,0.96,"{""condition"": ""N=200""}",https://doi.org/10.1021/acs.jctc.0c00954,Combination of Hybrid Particle-Field Molecular Dynamics and Slip-Springs for the Efficient Simulation of Coarse-Grained Polymer Models- Static and Dynamic Properties of Polystyrene Melts,cf2237ba3696
"Polymer: Polystyrene
Property: density = 0.96
Additional Info: {""condition"": ""N=400""}
Force Field: A coarse-grained polystyrene force field developed by Qian et al
Source: Combination of Hybrid Particle-Field Molecular Dynamics and Slip-Springs for the Efficient Simulation of Coarse-Grained Polymer Models- Static and Dynamic Properties of Polystyrene Melts
DOI: https://doi.org/10.1021/acs.jctc.0c00954",property,873,Polystyrene,A coarse-grained polystyrene force field developed by Qian et al,density,0.96,"{""condition"": ""N=400""}",https://doi.org/10.1021/acs.jctc.0c00954,Combination of Hybrid Particle-Field Molecular Dynamics and Slip-Springs for the Efficient Simulation of Coarse-Grained Polymer Models- Static and Dynamic Properties of Polystyrene Melts,b2042fe0e4e0
"Polymer: Polystyrene
Property: density = 0.96
Additional Info: {""condition"": ""N=600""}
Force Field: A coarse-grained polystyrene force field developed by Qian et al
Source: Combination of Hybrid Particle-Field Molecular Dynamics and Slip-Springs for the Efficient Simulation of Coarse-Grained Polymer Models- Static and Dynamic Properties of Polystyrene Melts
DOI: https://doi.org/10.1021/acs.jctc.0c00954",property,874,Polystyrene,A coarse-grained polystyrene force field developed by Qian et al,density,0.96,"{""condition"": ""N=600""}",https://doi.org/10.1021/acs.jctc.0c00954,Combination of Hybrid Particle-Field Molecular Dynamics and Slip-Springs for the Efficient Simulation of Coarse-Grained Polymer Models- Static and Dynamic Properties of Polystyrene Melts,170d863c49a1
"Polymer: Polystyrene
Property: density = 0.96
Additional Info: {""condition"": ""N=750""}
Force Field: A coarse-grained polystyrene force field developed by Qian et al
Source: Combination of Hybrid Particle-Field Molecular Dynamics and Slip-Springs for the Efficient Simulation of Coarse-Grained Polymer Models- Static and Dynamic Properties of Polystyrene Melts
DOI: https://doi.org/10.1021/acs.jctc.0c00954",property,875,Polystyrene,A coarse-grained polystyrene force field developed by Qian et al,density,0.96,"{""condition"": ""N=750""}",https://doi.org/10.1021/acs.jctc.0c00954,Combination of Hybrid Particle-Field Molecular Dynamics and Slip-Springs for the Efficient Simulation of Coarse-Grained Polymer Models- Static and Dynamic Properties of Polystyrene Melts,007a8099b75d
"Polymer: DGEBA-POP — DGEBA–poly(oxypropylene) epoxy network
Property: density = 1.13
Additional Info: {""condition"": ""Cross-linked epoxy network""}
Force Field: GAFF
Source: Comparison of Crosslinking Algorithms in Molecular Dynamics Simulation of Thermosetting Polymers
DOI: https://doi.org/10.1002/mats.201400094",property,876,DGEBA-POP — DGEBA–poly(oxypropylene) epoxy network,GAFF,density,1.13,"{""condition"": ""Cross-linked epoxy network""}",https://doi.org/10.1002/mats.201400094,Comparison of Crosslinking Algorithms in Molecular Dynamics Simulation of Thermosetting Polymers,a2fff0bdcdcb
"Polymer: DGEBA-POP — DGEBA–poly(oxypropylene) epoxy network
Property: glass_transition_temp = 446
Additional Info: {""condition"": ""Cross-linked epoxy network""}
Force Field: GAFF
Source: Comparison of Crosslinking Algorithms in Molecular Dynamics Simulation of Thermosetting Polymers
DOI: https://doi.org/10.1002/mats.201400094",property,877,DGEBA-POP — DGEBA–poly(oxypropylene) epoxy network,GAFF,glass_transition_temp,446,"{""condition"": ""Cross-linked epoxy network""}",https://doi.org/10.1002/mats.201400094,Comparison of Crosslinking Algorithms in Molecular Dynamics Simulation of Thermosetting Polymers,b849e1878811
"Polymer: DGEBA-POP — DGEBA–poly(oxypropylene) epoxy network
Property: youngs_modulus = 5.36
Additional Info: {""condition"": ""Cross-linked epoxy network""}
Force Field: GAFF
Source: Comparison of Crosslinking Algorithms in Molecular Dynamics Simulation of Thermosetting Polymers
DOI: https://doi.org/10.1002/mats.201400094",property,878,DGEBA-POP — DGEBA–poly(oxypropylene) epoxy network,GAFF,youngs_modulus,5.36,"{""condition"": ""Cross-linked epoxy network""}",https://doi.org/10.1002/mats.201400094,Comparison of Crosslinking Algorithms in Molecular Dynamics Simulation of Thermosetting Polymers,aa9039f13c7b
"Polymer: DGEBA-POP — DGEBA–poly(oxypropylene) epoxy network
Property: density = 1.13
Additional Info: {""condition"": ""Cross-linked epoxy network""}
Force Field: GAFF
Source: Comparison of Crosslinking Algorithms in Molecular Dynamics Simulation of Thermosetting Polymers
DOI: https://doi.org/10.1002/mats.201400094",property,879,DGEBA-POP — DGEBA–poly(oxypropylene) epoxy network,GAFF,density,1.13,"{""condition"": ""Cross-linked epoxy network""}",https://doi.org/10.1002/mats.201400094,Comparison of Crosslinking Algorithms in Molecular Dynamics Simulation of Thermosetting Polymers,a2fff0bdcdcb
"Polymer: DGEBA-POP — DGEBA–poly(oxypropylene) epoxy network
Property: glass_transition_temp = 441
Additional Info: {""condition"": ""Cross-linked epoxy network""}
Force Field: GAFF
Source: Comparison of Crosslinking Algorithms in Molecular Dynamics Simulation of Thermosetting Polymers
DOI: https://doi.org/10.1002/mats.201400094",property,880,DGEBA-POP — DGEBA–poly(oxypropylene) epoxy network,GAFF,glass_transition_temp,441,"{""condition"": ""Cross-linked epoxy network""}",https://doi.org/10.1002/mats.201400094,Comparison of Crosslinking Algorithms in Molecular Dynamics Simulation of Thermosetting Polymers,fa92f5e062c5
"Polymer: DGEBA-POP — DGEBA–poly(oxypropylene) epoxy network
Property: youngs_modulus = 5.39
Additional Info: {""condition"": ""Cross-linked epoxy network""}
Force Field: GAFF
Source: Comparison of Crosslinking Algorithms in Molecular Dynamics Simulation of Thermosetting Polymers
DOI: https://doi.org/10.1002/mats.201400094",property,881,DGEBA-POP — DGEBA–poly(oxypropylene) epoxy network,GAFF,youngs_modulus,5.39,"{""condition"": ""Cross-linked epoxy network""}",https://doi.org/10.1002/mats.201400094,Comparison of Crosslinking Algorithms in Molecular Dynamics Simulation of Thermosetting Polymers,3b7b54deecc1
"Polymer: DGEBA-POP — DGEBA–poly(oxypropylene) epoxy network
Property: density = 1.13
Additional Info: {""condition"": ""Cross-linked epoxy network""}
Force Field: GAFF
Source: Comparison of Crosslinking Algorithms in Molecular Dynamics Simulation of Thermosetting Polymers
DOI: https://doi.org/10.1002/mats.201400094",property,882,DGEBA-POP — DGEBA–poly(oxypropylene) epoxy network,GAFF,density,1.13,"{""condition"": ""Cross-linked epoxy network""}",https://doi.org/10.1002/mats.201400094,Comparison of Crosslinking Algorithms in Molecular Dynamics Simulation of Thermosetting Polymers,a2fff0bdcdcb
"Polymer: DGEBA-POP — DGEBA–poly(oxypropylene) epoxy network
Property: youngs_modulus = 4.9
Additional Info: {""condition"": ""Cross-linked epoxy network""}
Force Field: GAFF
Source: Comparison of Crosslinking Algorithms in Molecular Dynamics Simulation of Thermosetting Polymers
DOI: https://doi.org/10.1002/mats.201400094",property,883,DGEBA-POP — DGEBA–poly(oxypropylene) epoxy network,GAFF,youngs_modulus,4.9,"{""condition"": ""Cross-linked epoxy network""}",https://doi.org/10.1002/mats.201400094,Comparison of Crosslinking Algorithms in Molecular Dynamics Simulation of Thermosetting Polymers,7ebcb1780c8e
"Polymer: DGEBA-POP — DGEBA–poly(oxypropylene) epoxy network
Property: density = 1.13
Additional Info: {""condition"": ""Cross-linked epoxy network""}
Force Field: GAFF
Source: Comparison of Crosslinking Algorithms in Molecular Dynamics Simulation of Thermosetting Polymers
DOI: https://doi.org/10.1002/mats.201400094",property,884,DGEBA-POP — DGEBA–poly(oxypropylene) epoxy network,GAFF,density,1.13,"{""condition"": ""Cross-linked epoxy network""}",https://doi.org/10.1002/mats.201400094,Comparison of Crosslinking Algorithms in Molecular Dynamics Simulation of Thermosetting Polymers,a2fff0bdcdcb
"Polymer: DGEBA-POP — DGEBA–poly(oxypropylene) epoxy network
Property: youngs_modulus = 5.08
Additional Info: {""condition"": ""Cross-linked epoxy network""}
Force Field: GAFF
Source: Comparison of Crosslinking Algorithms in Molecular Dynamics Simulation of Thermosetting Polymers
DOI: https://doi.org/10.1002/mats.201400094",property,885,DGEBA-POP — DGEBA–poly(oxypropylene) epoxy network,GAFF,youngs_modulus,5.08,"{""condition"": ""Cross-linked epoxy network""}",https://doi.org/10.1002/mats.201400094,Comparison of Crosslinking Algorithms in Molecular Dynamics Simulation of Thermosetting Polymers,0f0ac29bd869
"Polymer: DGEBA-POP — DGEBA–poly(oxypropylene) epoxy network
Property: density = 1.13
Additional Info: {""condition"": ""Cross-linked epoxy network""}
Force Field: GAFF
Source: Comparison of Crosslinking Algorithms in Molecular Dynamics Simulation of Thermosetting Polymers
DOI: https://doi.org/10.1002/mats.201400094",property,886,DGEBA-POP — DGEBA–poly(oxypropylene) epoxy network,GAFF,density,1.13,"{""condition"": ""Cross-linked epoxy network""}",https://doi.org/10.1002/mats.201400094,Comparison of Crosslinking Algorithms in Molecular Dynamics Simulation of Thermosetting Polymers,a2fff0bdcdcb
"Polymer: DGEBA-POP — DGEBA–poly(oxypropylene) epoxy network
Property: youngs_modulus = 4.51
Additional Info: {""condition"": ""Cross-linked epoxy network""}
Force Field: GAFF
Source: Comparison of Crosslinking Algorithms in Molecular Dynamics Simulation of Thermosetting Polymers
DOI: https://doi.org/10.1002/mats.201400094",property,887,DGEBA-POP — DGEBA–poly(oxypropylene) epoxy network,GAFF,youngs_modulus,4.51,"{""condition"": ""Cross-linked epoxy network""}",https://doi.org/10.1002/mats.201400094,Comparison of Crosslinking Algorithms in Molecular Dynamics Simulation of Thermosetting Polymers,5e9a5d36b555
"Polymer: DGEBA-POP — DGEBA–poly(oxypropylene) epoxy network
Property: density = 1.13
Additional Info: {""condition"": ""Cross-linked epoxy network""}
Force Field: GAFF
Source: Comparison of Crosslinking Algorithms in Molecular Dynamics Simulation of Thermosetting Polymers
DOI: https://doi.org/10.1002/mats.201400094",property,888,DGEBA-POP — DGEBA–poly(oxypropylene) epoxy network,GAFF,density,1.13,"{""condition"": ""Cross-linked epoxy network""}",https://doi.org/10.1002/mats.201400094,Comparison of Crosslinking Algorithms in Molecular Dynamics Simulation of Thermosetting Polymers,a2fff0bdcdcb
"Polymer: DGEBA-POP — DGEBA–poly(oxypropylene) epoxy network
Property: youngs_modulus = 4.65
Additional Info: {""condition"": ""Cross-linked epoxy network""}
Force Field: GAFF
Source: Comparison of Crosslinking Algorithms in Molecular Dynamics Simulation of Thermosetting Polymers
DOI: https://doi.org/10.1002/mats.201400094",property,889,DGEBA-POP — DGEBA–poly(oxypropylene) epoxy network,GAFF,youngs_modulus,4.65,"{""condition"": ""Cross-linked epoxy network""}",https://doi.org/10.1002/mats.201400094,Comparison of Crosslinking Algorithms in Molecular Dynamics Simulation of Thermosetting Polymers,8a04d2fa03bf
"Polymer: Polyethylene
Property: radius_gyration = 1.334
Additional Info: {""condition"": ""United atom model, N=66, full Lennard-Jones, T=448_K""}
Force Field: united atom model with Lennard-Jones potential
Source: Comparisons between integral equation theory and molecular dynamics simulations for realistic models of polyethylene liquids
DOI: https://doi.org/10.1063/1.480335",property,890,Polyethylene,united atom model with Lennard-Jones potential,radius_gyration,1.334,"{""condition"": ""United atom model, N=66, full Lennard-Jones, T=448_K""}",https://doi.org/10.1063/1.480335,Comparisons between integral equation theory and molecular dynamics simulations for realistic models of polyethylene liquids,96a6fca2da5c
"Polymer: Polyethylene
Property: radius_gyration = 1.335
Additional Info: {""condition"": ""United atom model, N=66, repulsive LJ only, T=448_K""}
Force Field: united atom model with repulsive Lennard-Jones potential
Source: Comparisons between integral equation theory and molecular dynamics simulations for realistic models of polyethylene liquids
DOI: https://doi.org/10.1063/1.480335",property,891,Polyethylene,united atom model with repulsive Lennard-Jones potential,radius_gyration,1.335,"{""condition"": ""United atom model, N=66, repulsive LJ only, T=448_K""}",https://doi.org/10.1063/1.480335,Comparisons between integral equation theory and molecular dynamics simulations for realistic models of polyethylene liquids,0d9aaa9a4342
"Polymer: Polyethylene
Property: radius_gyration = 0.675
Additional Info: {""condition"": ""United atom model, N=24, full Lennard-Jones, T=405_K""}
Force Field: united atom model with Lennard-Jones potential
Source: Comparisons between integral equation theory and molecular dynamics simulations for realistic models of polyethylene liquids
DOI: https://doi.org/10.1063/1.480335",property,892,Polyethylene,united atom model with Lennard-Jones potential,radius_gyration,0.675,"{""condition"": ""United atom model, N=24, full Lennard-Jones, T=405_K""}",https://doi.org/10.1063/1.480335,Comparisons between integral equation theory and molecular dynamics simulations for realistic models of polyethylene liquids,b7a3ec034530
"Polymer: Polyethylene
Property: radius_gyration = 0.67
Additional Info: {""condition"": ""United atom model, N=24, repulsive LJ only, all CH2, T=405_K""}
Force Field: united atom model with repulsive Lennard-Jones potential
Source: Comparisons between integral equation theory and molecular dynamics simulations for realistic models of polyethylene liquids
DOI: https://doi.org/10.1063/1.480335",property,893,Polyethylene,united atom model with repulsive Lennard-Jones potential,radius_gyration,0.67,"{""condition"": ""United atom model, N=24, repulsive LJ only, all CH2, T=405_K""}",https://doi.org/10.1063/1.480335,Comparisons between integral equation theory and molecular dynamics simulations for realistic models of polyethylene liquids,14f4a7fc8afb
"Polymer: Polyethylene
Property: radius_gyration = 0.692
Additional Info: {""condition"": ""United atom model, N=24, freely rotating, no torsion/bending, repulsive LJ, T=405_K""}
Force Field: united atom model with repulsive Lennard-Jones potential, free rotation
Source: Comparisons between integral equation theory and molecular dynamics simulations for realistic models of polyethylene liquids
DOI: https://doi.org/10.1063/1.480335",property,894,Polyethylene,"united atom model with repulsive Lennard-Jones potential, free rotation",radius_gyration,0.692,"{""condition"": ""United atom model, N=24, freely rotating, no torsion/bending, repulsive LJ, T=405_K""}",https://doi.org/10.1063/1.480335,Comparisons between integral equation theory and molecular dynamics simulations for realistic models of polyethylene liquids,829a3e26ea6f
"Polymer: Polyvinyl Alcohol (PVOH)
Property: density = 1.113
Additional Info: {}
Force Field: COMPASS
Source: Compatibility of polyvinyl alcohol and poly(methyl vinyl ether-co-maleic acid) blends estimated by molecular dynamics
DOI: https://doi.org/10.1016/j.polymer.2005.03.121",property,899,Polyvinyl Alcohol (PVOH),COMPASS,density,1.113,{},https://doi.org/10.1016/j.polymer.2005.03.121,Compatibility of polyvinyl alcohol and poly(methyl vinyl ether-co-maleic acid) blends estimated by molecular dynamics,387902ff36b3
"Polymer: Poly(methyl vinyl ether-co-maleic acid)
Property: density = 1.315
Additional Info: {}
Force Field: COMPASS
Source: Compatibility of polyvinyl alcohol and poly(methyl vinyl ether-co-maleic acid) blends estimated by molecular dynamics
DOI: https://doi.org/10.1016/j.polymer.2005.03.121",property,900,Poly(methyl vinyl ether-co-maleic acid),COMPASS,density,1.315,{},https://doi.org/10.1016/j.polymer.2005.03.121,Compatibility of polyvinyl alcohol and poly(methyl vinyl ether-co-maleic acid) blends estimated by molecular dynamics,0b1ee5c15760
"Polymer: Polyvinyl Alcohol / Poly(methyl vinyl ether-co-maleic acid) blend
Property: density = 1.232
Additional Info: {""condition"": ""50:50 mass ratio""}
Force Field: COMPASS
Source: Compatibility of polyvinyl alcohol and poly(methyl vinyl ether-co-maleic acid) blends estimated by molecular dynamics
DOI: https://doi.org/10.1016/j.polymer.2005.03.121",property,901,Polyvinyl Alcohol / Poly(methyl vinyl ether-co-maleic acid) blend,COMPASS,density,1.232,"{""condition"": ""50:50 mass ratio""}",https://doi.org/10.1016/j.polymer.2005.03.121,Compatibility of polyvinyl alcohol and poly(methyl vinyl ether-co-maleic acid) blends estimated by molecular dynamics,88e5e9732807
"Polymer: Polyether from acetaldehyde (MeCHO)
Property: density = 1.7
Additional Info: {}
Force Field: First-principles molecular dynamics (FPMD)
Source: Compression-induced transformation of aldehydes into polyethers: A first-principles molecular dynamics study
DOI: https://doi.org/10.1063/1.3374410",property,902,Polyether from acetaldehyde (MeCHO),First-principles molecular dynamics (FPMD),density,1.7,{},https://doi.org/10.1063/1.3374410,Compression-induced transformation of aldehydes into polyethers: A first-principles molecular dynamics study,30d2d67027fe
"Polymer: Polyether from acetaldehyde (MeCHO)
Property: density = 1.84
Additional Info: {}
Force Field: First-principles molecular dynamics (FPMD)
Source: Compression-induced transformation of aldehydes into polyethers: A first-principles molecular dynamics study
DOI: https://doi.org/10.1063/1.3374410",property,903,Polyether from acetaldehyde (MeCHO),First-principles molecular dynamics (FPMD),density,1.84,{},https://doi.org/10.1063/1.3374410,Compression-induced transformation of aldehydes into polyethers: A first-principles molecular dynamics study,e3d667295998
"Polymer: Poly(ethylene oxide)
Property: diffusion_coefficient = 3.4e-10
Additional Info: {}
Force Field: Quantum-chemistry-based PEO/PEO and PEO/water force field with TIP4P water model
Source: Concentration Dependence of Water Dynamics in Poly(Ethylene Oxide)/Water Solutions from Molecular Dynamics Simulations
DOI: https://doi.org/10.1021/jp012949t",property,904,Poly(ethylene oxide),Quantum-chemistry-based PEO/PEO and PEO/water force field with TIP4P water model,diffusion_coefficient,3.4e-10,{},https://doi.org/10.1021/jp012949t,Concentration Dependence of Water Dynamics in Poly(Ethylene Oxide)/Water Solutions from Molecular Dynamics Simulations,58a5c872a3a5
"Polymer: Poly(ethylene oxide)
Property: diffusion_coefficient = 2.4e-10
Additional Info: {}
Force Field: Quantum-chemistry-based PEO/PEO and PEO/water force field with TIP4P water model
Source: Concentration Dependence of Water Dynamics in Poly(Ethylene Oxide)/Water Solutions from Molecular Dynamics Simulations
DOI: https://doi.org/10.1021/jp012949t",property,905,Poly(ethylene oxide),Quantum-chemistry-based PEO/PEO and PEO/water force field with TIP4P water model,diffusion_coefficient,2.4e-10,{},https://doi.org/10.1021/jp012949t,Concentration Dependence of Water Dynamics in Poly(Ethylene Oxide)/Water Solutions from Molecular Dynamics Simulations,3735550db441
"Polymer: Poly(ethylene oxide)
Property: density = 1.15
Additional Info: {}
Force Field: COMPASS
Source: Confinement effects on the thermal stability of poly(ethylene oxide)/graphene nanocomposites: A reactive molecular dynamics simulation study
DOI: https://doi.org/10.1002/polb.24355",property,906,Poly(ethylene oxide),COMPASS,density,1.15,{},https://doi.org/10.1002/polb.24355,Confinement effects on the thermal stability of poly(ethylene oxide)/graphene nanocomposites: A reactive molecular dynamics simulation study,6f16890542ab
"Polymer: Poly(ethylene oxide)-2PG
Property: density = 1.21
Additional Info: {""condition"": ""2PG blend""}
Force Field: COMPASS
Source: Confinement effects on the thermal stability of poly(ethylene oxide)/graphene nanocomposites: A reactive molecular dynamics simulation study
DOI: https://doi.org/10.1002/polb.24355",property,907,Poly(ethylene oxide)-2PG,COMPASS,density,1.21,"{""condition"": ""2PG blend""}",https://doi.org/10.1002/polb.24355,Confinement effects on the thermal stability of poly(ethylene oxide)/graphene nanocomposites: A reactive molecular dynamics simulation study,9c9d836bcfdc
"Polymer: Poly(ethylene oxide)-2GO
Property: density = 1.2
Additional Info: {""condition"": ""2GO blend""}
Force Field: COMPASS
Source: Confinement effects on the thermal stability of poly(ethylene oxide)/graphene nanocomposites: A reactive molecular dynamics simulation study
DOI: https://doi.org/10.1002/polb.24355",property,908,Poly(ethylene oxide)-2GO,COMPASS,density,1.2,"{""condition"": ""2GO blend""}",https://doi.org/10.1002/polb.24355,Confinement effects on the thermal stability of poly(ethylene oxide)/graphene nanocomposites: A reactive molecular dynamics simulation study,58498ad8b832
"Polymer: Poly(ethylene oxide)-4PG
Property: density = 1.26
Additional Info: {""condition"": ""4PG blend""}
Force Field: COMPASS
Source: Confinement effects on the thermal stability of poly(ethylene oxide)/graphene nanocomposites: A reactive molecular dynamics simulation study
DOI: https://doi.org/10.1002/polb.24355",property,909,Poly(ethylene oxide)-4PG,COMPASS,density,1.26,"{""condition"": ""4PG blend""}",https://doi.org/10.1002/polb.24355,Confinement effects on the thermal stability of poly(ethylene oxide)/graphene nanocomposites: A reactive molecular dynamics simulation study,bbd7820cfc05
"Polymer: Poly(ethylene oxide)-4GO
Property: density = 1.24
Additional Info: {""condition"": ""4GO blend""}
Force Field: COMPASS
Source: Confinement effects on the thermal stability of poly(ethylene oxide)/graphene nanocomposites: A reactive molecular dynamics simulation study
DOI: https://doi.org/10.1002/polb.24355",property,910,Poly(ethylene oxide)-4GO,COMPASS,density,1.24,"{""condition"": ""4GO blend""}",https://doi.org/10.1002/polb.24355,Confinement effects on the thermal stability of poly(ethylene oxide)/graphene nanocomposites: A reactive molecular dynamics simulation study,101c283398a0
"Polymer: Polymethylene (C44H90)
Property: radius_gyration = 0.975
Additional Info: {""condition"": ""N=44""}
Force Field: Explicit Atom (EA)
Source: Conformational Characteristics of Polymethylene Chains in Melts and in Various Phantom Chains from Explicit Atom Molecular Dynamics Simulations
DOI: https://doi.org/10.1021/ma961772b",property,918,Polymethylene (C44H90),Explicit Atom (EA),radius_gyration,0.975,"{""condition"": ""N=44""}",https://doi.org/10.1021/ma961772b,Conformational Characteristics of Polymethylene Chains in Melts and in Various Phantom Chains from Explicit Atom Molecular Dynamics Simulations,77e0b4d31934
"Polymer: Polymethylene (C44H90) melt chains
Property: radius_gyration = 0.975
Additional Info: {""condition"": ""Melt state, N=44""}
Force Field: Explicit Atom (EA)
Source: Conformational Characteristics of Polymethylene Chains in Melts and in Various Phantom Chains from Explicit Atom Molecular Dynamics Simulations
DOI: https://doi.org/10.1021/ma961772b",property,921,Polymethylene (C44H90) melt chains,Explicit Atom (EA),radius_gyration,0.975,"{""condition"": ""Melt state, N=44""}",https://doi.org/10.1021/ma961772b,Conformational Characteristics of Polymethylene Chains in Melts and in Various Phantom Chains from Explicit Atom Molecular Dynamics Simulations,b402cbaf2f24
"Polymer: Polymethylene (C44H90) 1,5 phantom chains
Property: radius_gyration = 0.98
Additional Info: {""condition"": ""Phantom chain model (1,5), N=44""}
Force Field: Explicit Atom (EA)
Source: Conformational Characteristics of Polymethylene Chains in Melts and in Various Phantom Chains from Explicit Atom Molecular Dynamics Simulations
DOI: https://doi.org/10.1021/ma961772b",property,923,"Polymethylene (C44H90) 1,5 phantom chains",Explicit Atom (EA),radius_gyration,0.98,"{""condition"": ""Phantom chain model (1,5), N=44""}",https://doi.org/10.1021/ma961772b,Conformational Characteristics of Polymethylene Chains in Melts and in Various Phantom Chains from Explicit Atom Molecular Dynamics Simulations,f2f0f1cf24bc
"Polymer: Poly(ethylene oxide)
Property: density = 1.01-1.12
Additional Info: {}
Force Field: FF-3
Source: Conformational and Structural Relaxations of Poly(ethylene oxide) and Poly(propylene oxide) Melts: Molecular Dynamics Study of Spatial Heterogeneity, Cooperativity, and Correlated Forward‚ÄìBackward Motion
DOI: https://doi.org/10.1021/ma7024072",property,927,Poly(ethylene oxide),FF-3,density,1.01-1.12,{},https://doi.org/10.1021/ma7024072,"Conformational and Structural Relaxations of Poly(ethylene oxide) and Poly(propylene oxide) Melts: Molecular Dynamics Study of Spatial Heterogeneity, Cooperativity, and Correlated Forward‚ÄìBackward Motion",f484b0ca83ae
"Polymer: Poly(ethylene oxide)
Property: glass_transition_temp = 179
Additional Info: {}
Force Field: FF-3
Source: Conformational and Structural Relaxations of Poly(ethylene oxide) and Poly(propylene oxide) Melts: Molecular Dynamics Study of Spatial Heterogeneity, Cooperativity, and Correlated Forward‚ÄìBackward Motion
DOI: https://doi.org/10.1021/ma7024072",property,928,Poly(ethylene oxide),FF-3,glass_transition_temp,179,{},https://doi.org/10.1021/ma7024072,"Conformational and Structural Relaxations of Poly(ethylene oxide) and Poly(propylene oxide) Melts: Molecular Dynamics Study of Spatial Heterogeneity, Cooperativity, and Correlated Forward‚ÄìBackward Motion",00ed78808a35
"Polymer: Polypropylene oxide
Property: density = 0.89-1.05
Additional Info: {}
Force Field: FF-3
Source: Conformational and Structural Relaxations of Poly(ethylene oxide) and Poly(propylene oxide) Melts: Molecular Dynamics Study of Spatial Heterogeneity, Cooperativity, and Correlated Forward‚ÄìBackward Motion
DOI: https://doi.org/10.1021/ma7024072",property,929,Polypropylene oxide,FF-3,density,0.89-1.05,{},https://doi.org/10.1021/ma7024072,"Conformational and Structural Relaxations of Poly(ethylene oxide) and Poly(propylene oxide) Melts: Molecular Dynamics Study of Spatial Heterogeneity, Cooperativity, and Correlated Forward‚ÄìBackward Motion",ea4381899109
"Polymer: Polypropylene oxide
Property: glass_transition_temp = 175-179
Additional Info: {}
Force Field: FF-3
Source: Conformational and Structural Relaxations of Poly(ethylene oxide) and Poly(propylene oxide) Melts: Molecular Dynamics Study of Spatial Heterogeneity, Cooperativity, and Correlated Forward‚ÄìBackward Motion
DOI: https://doi.org/10.1021/ma7024072",property,930,Polypropylene oxide,FF-3,glass_transition_temp,175-179,{},https://doi.org/10.1021/ma7024072,"Conformational and Structural Relaxations of Poly(ethylene oxide) and Poly(propylene oxide) Melts: Molecular Dynamics Study of Spatial Heterogeneity, Cooperativity, and Correlated Forward‚ÄìBackward Motion",5efe4a7ef04c
"Polymer: Epon 828 (Diglycidyl ether of bisphenol A)
Property: density = 1.104
Additional Info: {""condition"": ""Epoxy resin prepolymer (uncured)""}
Force Field: GAFF
Source: Crosslink network rearrangement via reactive encapsulation of solvent in epoxy curing: A combined molecular simulation and experimental study
DOI: https://doi.org/10.1016/j.polymer.2014.06.022",property,938,Epon 828 (Diglycidyl ether of bisphenol A),GAFF,density,1.104,"{""condition"": ""Epoxy resin prepolymer (uncured)""}",https://doi.org/10.1016/j.polymer.2014.06.022,Crosslink network rearrangement via reactive encapsulation of solvent in epoxy curing: A combined molecular simulation and experimental study,4d8c474a49f2
"Polymer: Epon 828 (Diglycidyl ether of bisphenol A)
Property: glass_transition_temp = 420
Additional Info: {""condition"": ""Epoxy resin prepolymer (uncured)""}
Force Field: GAFF
Source: Crosslink network rearrangement via reactive encapsulation of solvent in epoxy curing: A combined molecular simulation and experimental study
DOI: https://doi.org/10.1016/j.polymer.2014.06.022",property,939,Epon 828 (Diglycidyl ether of bisphenol A),GAFF,glass_transition_temp,420,"{""condition"": ""Epoxy resin prepolymer (uncured)""}",https://doi.org/10.1016/j.polymer.2014.06.022,Crosslink network rearrangement via reactive encapsulation of solvent in epoxy curing: A combined molecular simulation and experimental study,bb4791d0452e
"Polymer: Epon 828 (Diglycidyl ether of bisphenol A)
Property: youngs_modulus = 4.5
Additional Info: {""condition"": ""Epoxy resin prepolymer (uncured)""}
Force Field: GAFF
Source: Crosslink network rearrangement via reactive encapsulation of solvent in epoxy curing: A combined molecular simulation and experimental study
DOI: https://doi.org/10.1016/j.polymer.2014.06.022",property,940,Epon 828 (Diglycidyl ether of bisphenol A),GAFF,youngs_modulus,4.5,"{""condition"": ""Epoxy resin prepolymer (uncured)""}",https://doi.org/10.1016/j.polymer.2014.06.022,Crosslink network rearrangement via reactive encapsulation of solvent in epoxy curing: A combined molecular simulation and experimental study,ee3fa56661bf
"Polymer: Epon 828 (Diglycidyl ether of bisphenol A)
Property: density = 1.106
Additional Info: {""condition"": ""Epoxy resin prepolymer (uncured)""}
Force Field: GAFF
Source: Crosslink network rearrangement via reactive encapsulation of solvent in epoxy curing: A combined molecular simulation and experimental study
DOI: https://doi.org/10.1016/j.polymer.2014.06.022",property,941,Epon 828 (Diglycidyl ether of bisphenol A),GAFF,density,1.106,"{""condition"": ""Epoxy resin prepolymer (uncured)""}",https://doi.org/10.1016/j.polymer.2014.06.022,Crosslink network rearrangement via reactive encapsulation of solvent in epoxy curing: A combined molecular simulation and experimental study,28416571548d
"Polymer: Epon 828 (Diglycidyl ether of bisphenol A)
Property: glass_transition_temp = 417
Additional Info: {""condition"": ""Epoxy resin prepolymer (uncured)""}
Force Field: GAFF
Source: Crosslink network rearrangement via reactive encapsulation of solvent in epoxy curing: A combined molecular simulation and experimental study
DOI: https://doi.org/10.1016/j.polymer.2014.06.022",property,942,Epon 828 (Diglycidyl ether of bisphenol A),GAFF,glass_transition_temp,417,"{""condition"": ""Epoxy resin prepolymer (uncured)""}",https://doi.org/10.1016/j.polymer.2014.06.022,Crosslink network rearrangement via reactive encapsulation of solvent in epoxy curing: A combined molecular simulation and experimental study,59482a126a35
"Polymer: Epon 828 (Diglycidyl ether of bisphenol A)
Property: youngs_modulus = 4.37
Additional Info: {""condition"": ""Epoxy resin prepolymer (uncured)""}
Force Field: GAFF
Source: Crosslink network rearrangement via reactive encapsulation of solvent in epoxy curing: A combined molecular simulation and experimental study
DOI: https://doi.org/10.1016/j.polymer.2014.06.022",property,943,Epon 828 (Diglycidyl ether of bisphenol A),GAFF,youngs_modulus,4.37,"{""condition"": ""Epoxy resin prepolymer (uncured)""}",https://doi.org/10.1016/j.polymer.2014.06.022,Crosslink network rearrangement via reactive encapsulation of solvent in epoxy curing: A combined molecular simulation and experimental study,01a894842b75
"Polymer: Epon 828 (Diglycidyl ether of bisphenol A)
Property: density = 1.103
Additional Info: {""condition"": ""Epoxy resin prepolymer (uncured)""}
Force Field: GAFF
Source: Crosslink network rearrangement via reactive encapsulation of solvent in epoxy curing: A combined molecular simulation and experimental study
DOI: https://doi.org/10.1016/j.polymer.2014.06.022",property,944,Epon 828 (Diglycidyl ether of bisphenol A),GAFF,density,1.103,"{""condition"": ""Epoxy resin prepolymer (uncured)""}",https://doi.org/10.1016/j.polymer.2014.06.022,Crosslink network rearrangement via reactive encapsulation of solvent in epoxy curing: A combined molecular simulation and experimental study,b15069f9a9e5
"Polymer: Epon 828 (Diglycidyl ether of bisphenol A)
Property: glass_transition_temp = 415
Additional Info: {""condition"": ""Epoxy resin prepolymer (uncured)""}
Force Field: GAFF
Source: Crosslink network rearrangement via reactive encapsulation of solvent in epoxy curing: A combined molecular simulation and experimental study
DOI: https://doi.org/10.1016/j.polymer.2014.06.022",property,945,Epon 828 (Diglycidyl ether of bisphenol A),GAFF,glass_transition_temp,415,"{""condition"": ""Epoxy resin prepolymer (uncured)""}",https://doi.org/10.1016/j.polymer.2014.06.022,Crosslink network rearrangement via reactive encapsulation of solvent in epoxy curing: A combined molecular simulation and experimental study,db32629e3247
"Polymer: Epon 828 (Diglycidyl ether of bisphenol A)
Property: youngs_modulus = 3.79
Additional Info: {""condition"": ""Epoxy resin prepolymer (uncured)""}
Force Field: GAFF
Source: Crosslink network rearrangement via reactive encapsulation of solvent in epoxy curing: A combined molecular simulation and experimental study
DOI: https://doi.org/10.1016/j.polymer.2014.06.022",property,946,Epon 828 (Diglycidyl ether of bisphenol A),GAFF,youngs_modulus,3.79,"{""condition"": ""Epoxy resin prepolymer (uncured)""}",https://doi.org/10.1016/j.polymer.2014.06.022,Crosslink network rearrangement via reactive encapsulation of solvent in epoxy curing: A combined molecular simulation and experimental study,d0bf8ce3c9c5
"Polymer: Epon 828 (Diglycidyl ether of bisphenol A)
Property: density = 1.107
Additional Info: {""condition"": ""Epoxy resin prepolymer (uncured)""}
Force Field: GAFF
Source: Crosslink network rearrangement via reactive encapsulation of solvent in epoxy curing: A combined molecular simulation and experimental study
DOI: https://doi.org/10.1016/j.polymer.2014.06.022",property,947,Epon 828 (Diglycidyl ether of bisphenol A),GAFF,density,1.107,"{""condition"": ""Epoxy resin prepolymer (uncured)""}",https://doi.org/10.1016/j.polymer.2014.06.022,Crosslink network rearrangement via reactive encapsulation of solvent in epoxy curing: A combined molecular simulation and experimental study,27cd42ab537c
"Polymer: Epon 828 (Diglycidyl ether of bisphenol A)
Property: glass_transition_temp = 418
Additional Info: {""condition"": ""Epoxy resin prepolymer (uncured)""}
Force Field: GAFF
Source: Crosslink network rearrangement via reactive encapsulation of solvent in epoxy curing: A combined molecular simulation and experimental study
DOI: https://doi.org/10.1016/j.polymer.2014.06.022",property,948,Epon 828 (Diglycidyl ether of bisphenol A),GAFF,glass_transition_temp,418,"{""condition"": ""Epoxy resin prepolymer (uncured)""}",https://doi.org/10.1016/j.polymer.2014.06.022,Crosslink network rearrangement via reactive encapsulation of solvent in epoxy curing: A combined molecular simulation and experimental study,ded2c37ead2c
"Polymer: Epon 828 (Diglycidyl ether of bisphenol A)
Property: youngs_modulus = 4.17
Additional Info: {""condition"": ""Epoxy resin prepolymer (uncured)""}
Force Field: GAFF
Source: Crosslink network rearrangement via reactive encapsulation of solvent in epoxy curing: A combined molecular simulation and experimental study
DOI: https://doi.org/10.1016/j.polymer.2014.06.022",property,949,Epon 828 (Diglycidyl ether of bisphenol A),GAFF,youngs_modulus,4.17,"{""condition"": ""Epoxy resin prepolymer (uncured)""}",https://doi.org/10.1016/j.polymer.2014.06.022,Crosslink network rearrangement via reactive encapsulation of solvent in epoxy curing: A combined molecular simulation and experimental study,6a182c9cfaa8
"Polymer: Epon 828 (Diglycidyl ether of bisphenol A)
Property: density = 1.112
Additional Info: {""condition"": ""Epoxy resin prepolymer (uncured)""}
Force Field: GAFF
Source: Crosslink network rearrangement via reactive encapsulation of solvent in epoxy curing: A combined molecular simulation and experimental study
DOI: https://doi.org/10.1016/j.polymer.2014.06.022",property,950,Epon 828 (Diglycidyl ether of bisphenol A),GAFF,density,1.112,"{""condition"": ""Epoxy resin prepolymer (uncured)""}",https://doi.org/10.1016/j.polymer.2014.06.022,Crosslink network rearrangement via reactive encapsulation of solvent in epoxy curing: A combined molecular simulation and experimental study,82ea113c8134
"Polymer: Epon 828 (Diglycidyl ether of bisphenol A)
Property: glass_transition_temp = 418
Additional Info: {""condition"": ""Epoxy resin prepolymer (uncured)""}
Force Field: GAFF
Source: Crosslink network rearrangement via reactive encapsulation of solvent in epoxy curing: A combined molecular simulation and experimental study
DOI: https://doi.org/10.1016/j.polymer.2014.06.022",property,951,Epon 828 (Diglycidyl ether of bisphenol A),GAFF,glass_transition_temp,418,"{""condition"": ""Epoxy resin prepolymer (uncured)""}",https://doi.org/10.1016/j.polymer.2014.06.022,Crosslink network rearrangement via reactive encapsulation of solvent in epoxy curing: A combined molecular simulation and experimental study,ded2c37ead2c
"Polymer: Epon 828 (Diglycidyl ether of bisphenol A)
Property: youngs_modulus = 4.17
Additional Info: {""condition"": ""Epoxy resin prepolymer (uncured)""}
Force Field: GAFF
Source: Crosslink network rearrangement via reactive encapsulation of solvent in epoxy curing: A combined molecular simulation and experimental study
DOI: https://doi.org/10.1016/j.polymer.2014.06.022",property,952,Epon 828 (Diglycidyl ether of bisphenol A),GAFF,youngs_modulus,4.17,"{""condition"": ""Epoxy resin prepolymer (uncured)""}",https://doi.org/10.1016/j.polymer.2014.06.022,Crosslink network rearrangement via reactive encapsulation of solvent in epoxy curing: A combined molecular simulation and experimental study,6a182c9cfaa8
"Polymer: Epon 828 (Diglycidyl ether of bisphenol A)
Property: density = 1.104
Additional Info: {""condition"": ""Epoxy resin prepolymer (uncured)""}
Force Field: GAFF
Source: Crosslink network rearrangement via reactive encapsulation of solvent in epoxy curing: A combined molecular simulation and experimental study
DOI: https://doi.org/10.1016/j.polymer.2014.06.022",property,953,Epon 828 (Diglycidyl ether of bisphenol A),GAFF,density,1.104,"{""condition"": ""Epoxy resin prepolymer (uncured)""}",https://doi.org/10.1016/j.polymer.2014.06.022,Crosslink network rearrangement via reactive encapsulation of solvent in epoxy curing: A combined molecular simulation and experimental study,4d8c474a49f2
"Polymer: Epon 828 (Diglycidyl ether of bisphenol A)
Property: glass_transition_temp = 420
Additional Info: {""condition"": ""Epoxy resin prepolymer (uncured)""}
Force Field: GAFF
Source: Crosslink network rearrangement via reactive encapsulation of solvent in epoxy curing: A combined molecular simulation and experimental study
DOI: https://doi.org/10.1016/j.polymer.2014.06.022",property,954,Epon 828 (Diglycidyl ether of bisphenol A),GAFF,glass_transition_temp,420,"{""condition"": ""Epoxy resin prepolymer (uncured)""}",https://doi.org/10.1016/j.polymer.2014.06.022,Crosslink network rearrangement via reactive encapsulation of solvent in epoxy curing: A combined molecular simulation and experimental study,bb4791d0452e
"Polymer: Epon 828 (Diglycidyl ether of bisphenol A)
Property: youngs_modulus = 4.47
Additional Info: {""condition"": ""Epoxy resin prepolymer (uncured)""}
Force Field: GAFF
Source: Crosslink network rearrangement via reactive encapsulation of solvent in epoxy curing: A combined molecular simulation and experimental study
DOI: https://doi.org/10.1016/j.polymer.2014.06.022",property,955,Epon 828 (Diglycidyl ether of bisphenol A),GAFF,youngs_modulus,4.47,"{""condition"": ""Epoxy resin prepolymer (uncured)""}",https://doi.org/10.1016/j.polymer.2014.06.022,Crosslink network rearrangement via reactive encapsulation of solvent in epoxy curing: A combined molecular simulation and experimental study,cfec32e2d9d6
"Polymer: Epon 828 (Diglycidyl ether of bisphenol A)
Property: density = 1.112
Additional Info: {""condition"": ""Epoxy resin prepolymer (uncured)""}
Force Field: GAFF
Source: Crosslink network rearrangement via reactive encapsulation of solvent in epoxy curing: A combined molecular simulation and experimental study
DOI: https://doi.org/10.1016/j.polymer.2014.06.022",property,956,Epon 828 (Diglycidyl ether of bisphenol A),GAFF,density,1.112,"{""condition"": ""Epoxy resin prepolymer (uncured)""}",https://doi.org/10.1016/j.polymer.2014.06.022,Crosslink network rearrangement via reactive encapsulation of solvent in epoxy curing: A combined molecular simulation and experimental study,82ea113c8134
"Polymer: Epon 828 (Diglycidyl ether of bisphenol A)
Property: glass_transition_temp = 418
Additional Info: {""condition"": ""Epoxy resin prepolymer (uncured)""}
Force Field: GAFF
Source: Crosslink network rearrangement via reactive encapsulation of solvent in epoxy curing: A combined molecular simulation and experimental study
DOI: https://doi.org/10.1016/j.polymer.2014.06.022",property,957,Epon 828 (Diglycidyl ether of bisphenol A),GAFF,glass_transition_temp,418,"{""condition"": ""Epoxy resin prepolymer (uncured)""}",https://doi.org/10.1016/j.polymer.2014.06.022,Crosslink network rearrangement via reactive encapsulation of solvent in epoxy curing: A combined molecular simulation and experimental study,ded2c37ead2c
"Polymer: Epon 828 (Diglycidyl ether of bisphenol A)
Property: youngs_modulus = 4.43
Additional Info: {""condition"": ""Epoxy resin prepolymer (uncured)""}
Force Field: GAFF
Source: Crosslink network rearrangement via reactive encapsulation of solvent in epoxy curing: A combined molecular simulation and experimental study
DOI: https://doi.org/10.1016/j.polymer.2014.06.022",property,958,Epon 828 (Diglycidyl ether of bisphenol A),GAFF,youngs_modulus,4.43,"{""condition"": ""Epoxy resin prepolymer (uncured)""}",https://doi.org/10.1016/j.polymer.2014.06.022,Crosslink network rearrangement via reactive encapsulation of solvent in epoxy curing: A combined molecular simulation and experimental study,52918f287ccc
"Polymer: Epon 828 (Diglycidyl ether of bisphenol A)
Property: density = 1.11
Additional Info: {""condition"": ""Epoxy resin prepolymer (uncured)""}
Force Field: GAFF
Source: Crosslink network rearrangement via reactive encapsulation of solvent in epoxy curing: A combined molecular simulation and experimental study
DOI: https://doi.org/10.1016/j.polymer.2014.06.022",property,959,Epon 828 (Diglycidyl ether of bisphenol A),GAFF,density,1.11,"{""condition"": ""Epoxy resin prepolymer (uncured)""}",https://doi.org/10.1016/j.polymer.2014.06.022,Crosslink network rearrangement via reactive encapsulation of solvent in epoxy curing: A combined molecular simulation and experimental study,dbda71b8d106
"Polymer: Epon 828 (Diglycidyl ether of bisphenol A)
Property: glass_transition_temp = 415
Additional Info: {""condition"": ""Epoxy resin prepolymer (uncured)""}
Force Field: GAFF
Source: Crosslink network rearrangement via reactive encapsulation of solvent in epoxy curing: A combined molecular simulation and experimental study
DOI: https://doi.org/10.1016/j.polymer.2014.06.022",property,960,Epon 828 (Diglycidyl ether of bisphenol A),GAFF,glass_transition_temp,415,"{""condition"": ""Epoxy resin prepolymer (uncured)""}",https://doi.org/10.1016/j.polymer.2014.06.022,Crosslink network rearrangement via reactive encapsulation of solvent in epoxy curing: A combined molecular simulation and experimental study,db32629e3247
"Polymer: Epon 828 (Diglycidyl ether of bisphenol A)
Property: youngs_modulus = 4.5
Additional Info: {""condition"": ""Epoxy resin prepolymer (uncured)""}
Force Field: GAFF
Source: Crosslink network rearrangement via reactive encapsulation of solvent in epoxy curing: A combined molecular simulation and experimental study
DOI: https://doi.org/10.1016/j.polymer.2014.06.022",property,961,Epon 828 (Diglycidyl ether of bisphenol A),GAFF,youngs_modulus,4.5,"{""condition"": ""Epoxy resin prepolymer (uncured)""}",https://doi.org/10.1016/j.polymer.2014.06.022,Crosslink network rearrangement via reactive encapsulation of solvent in epoxy curing: A combined molecular simulation and experimental study,ee3fa56661bf
"Polymer: Polyethylene Oxide
Property: density = 1.127
Additional Info: {}
Force Field: Amber many body polarizable force field
Source: Dependence of Ion Dynamics on the Polymer Chain Length in Poly(ethylene oxide)-Based Polymer Electrolytes
DOI: https://doi.org/10.1021/jp512734g",property,962,Polyethylene Oxide,Amber many body polarizable force field,density,1.127,{},https://doi.org/10.1021/jp512734g,Dependence of Ion Dynamics on the Polymer Chain Length in Poly(ethylene oxide)-Based Polymer Electrolytes,4572d930014c
"Polymer: Polyethylene Oxide
Property: density = 1.127
Additional Info: {}
Force Field: Amber many body polarizable force field
Source: Dependence of Ion Dynamics on the Polymer Chain Length in Poly(ethylene oxide)-Based Polymer Electrolytes
DOI: https://doi.org/10.1021/jp512734g",property,964,Polyethylene Oxide,Amber many body polarizable force field,density,1.127,{},https://doi.org/10.1021/jp512734g,Dependence of Ion Dynamics on the Polymer Chain Length in Poly(ethylene oxide)-Based Polymer Electrolytes,4572d930014c
"Polymer: Polyethylene Oxide
Property: density = 1.127
Additional Info: {}
Force Field: Amber many body polarizable force field
Source: Dependence of Ion Dynamics on the Polymer Chain Length in Poly(ethylene oxide)-Based Polymer Electrolytes
DOI: https://doi.org/10.1021/jp512734g",property,966,Polyethylene Oxide,Amber many body polarizable force field,density,1.127,{},https://doi.org/10.1021/jp512734g,Dependence of Ion Dynamics on the Polymer Chain Length in Poly(ethylene oxide)-Based Polymer Electrolytes,4572d930014c
"Polymer: Polyethylene Oxide
Property: density = 1.127
Additional Info: {}
Force Field: Amber many body polarizable force field
Source: Dependence of Ion Dynamics on the Polymer Chain Length in Poly(ethylene oxide)-Based Polymer Electrolytes
DOI: https://doi.org/10.1021/jp512734g",property,968,Polyethylene Oxide,Amber many body polarizable force field,density,1.127,{},https://doi.org/10.1021/jp512734g,Dependence of Ion Dynamics on the Polymer Chain Length in Poly(ethylene oxide)-Based Polymer Electrolytes,4572d930014c
"Polymer: Polyethylene Oxide
Property: density = 1.127
Additional Info: {}
Force Field: Amber many body polarizable force field
Source: Dependence of Ion Dynamics on the Polymer Chain Length in Poly(ethylene oxide)-Based Polymer Electrolytes
DOI: https://doi.org/10.1021/jp512734g",property,970,Polyethylene Oxide,Amber many body polarizable force field,density,1.127,{},https://doi.org/10.1021/jp512734g,Dependence of Ion Dynamics on the Polymer Chain Length in Poly(ethylene oxide)-Based Polymer Electrolytes,4572d930014c
"Polymer: Polyethylene Oxide
Property: density = 1.127
Additional Info: {}
Force Field: Amber many body polarizable force field
Source: Dependence of Ion Dynamics on the Polymer Chain Length in Poly(ethylene oxide)-Based Polymer Electrolytes
DOI: https://doi.org/10.1021/jp512734g",property,972,Polyethylene Oxide,Amber many body polarizable force field,density,1.127,{},https://doi.org/10.1021/jp512734g,Dependence of Ion Dynamics on the Polymer Chain Length in Poly(ethylene oxide)-Based Polymer Electrolytes,4572d930014c
"Polymer: poly(styrene)-co-styrene sodium sulfonate (NaPSS)
Property: density = 1.13
Additional Info: {""condition"": ""f=1.0, N=16""}
Force Field: AMBER 94 + GAFF + united atom model for backbone
Source: Detailed Molecular Dynamics Simulations of a Model NaPSS in Water
DOI: https://doi.org/10.1021/jp101978k",property,994,poly(styrene)-co-styrene sodium sulfonate (NaPSS),AMBER 94 + GAFF + united atom model for backbone,density,1.13,"{""condition"": ""f=1.0, N=16""}",https://doi.org/10.1021/jp101978k,Detailed Molecular Dynamics Simulations of a Model NaPSS in Water,bbe55fa244a6
"Polymer: poly(styrene)-co-styrene sodium sulfonate (NaPSS)
Property: density = 1.08
Additional Info: {""condition"": ""f=0.5, N=16""}
Force Field: AMBER 94 + GAFF + united atom model for backbone
Source: Detailed Molecular Dynamics Simulations of a Model NaPSS in Water
DOI: https://doi.org/10.1021/jp101978k",property,995,poly(styrene)-co-styrene sodium sulfonate (NaPSS),AMBER 94 + GAFF + united atom model for backbone,density,1.08,"{""condition"": ""f=0.5, N=16""}",https://doi.org/10.1021/jp101978k,Detailed Molecular Dynamics Simulations of a Model NaPSS in Water,29549796e63a
"Polymer: poly(styrene)-co-styrene sodium sulfonate (NaPSS)
Property: density = 1.08
Additional Info: {""condition"": ""f=0.333, N=16""}
Force Field: AMBER 94 + GAFF + united atom model for backbone
Source: Detailed Molecular Dynamics Simulations of a Model NaPSS in Water
DOI: https://doi.org/10.1021/jp101978k",property,996,poly(styrene)-co-styrene sodium sulfonate (NaPSS),AMBER 94 + GAFF + united atom model for backbone,density,1.08,"{""condition"": ""f=0.333, N=16""}",https://doi.org/10.1021/jp101978k,Detailed Molecular Dynamics Simulations of a Model NaPSS in Water,d848b61c6257
"Polymer: poly(styrene)-co-styrene sodium sulfonate (NaPSS)
Property: density = 1.08
Additional Info: {""condition"": ""f=0.25, N=17""}
Force Field: AMBER 94 + GAFF + united atom model for backbone
Source: Detailed Molecular Dynamics Simulations of a Model NaPSS in Water
DOI: https://doi.org/10.1021/jp101978k",property,997,poly(styrene)-co-styrene sodium sulfonate (NaPSS),AMBER 94 + GAFF + united atom model for backbone,density,1.08,"{""condition"": ""f=0.25, N=17""}",https://doi.org/10.1021/jp101978k,Detailed Molecular Dynamics Simulations of a Model NaPSS in Water,3aaf9bb37a63
"Polymer: poly(styrene)-co-styrene sodium sulfonate (NaPSS)
Property: density = 1.09
Additional Info: {""condition"": ""f=0.5, N=33""}
Force Field: AMBER 94 + GAFF + united atom model for backbone
Source: Detailed Molecular Dynamics Simulations of a Model NaPSS in Water
DOI: https://doi.org/10.1021/jp101978k",property,998,poly(styrene)-co-styrene sodium sulfonate (NaPSS),AMBER 94 + GAFF + united atom model for backbone,density,1.09,"{""condition"": ""f=0.5, N=33""}",https://doi.org/10.1021/jp101978k,Detailed Molecular Dynamics Simulations of a Model NaPSS in Water,c378e40c506d
"Polymer: poly(styrene)-co-styrene sodium sulfonate (NaPSS)
Property: density = 1.08
Additional Info: {""condition"": ""f=0.333, N=31""}
Force Field: AMBER 94 + GAFF + united atom model for backbone
Source: Detailed Molecular Dynamics Simulations of a Model NaPSS in Water
DOI: https://doi.org/10.1021/jp101978k",property,999,poly(styrene)-co-styrene sodium sulfonate (NaPSS),AMBER 94 + GAFF + united atom model for backbone,density,1.08,"{""condition"": ""f=0.333, N=31""}",https://doi.org/10.1021/jp101978k,Detailed Molecular Dynamics Simulations of a Model NaPSS in Water,9743e0c59213
"Polymer: poly(styrene)-co-styrene sodium sulfonate (NaPSS)
Property: density = 1.08
Additional Info: {""condition"": ""f=0.25, N=33""}
Force Field: AMBER 94 + GAFF + united atom model for backbone
Source: Detailed Molecular Dynamics Simulations of a Model NaPSS in Water
DOI: https://doi.org/10.1021/jp101978k",property,1000,poly(styrene)-co-styrene sodium sulfonate (NaPSS),AMBER 94 + GAFF + united atom model for backbone,density,1.08,"{""condition"": ""f=0.25, N=33""}",https://doi.org/10.1021/jp101978k,Detailed Molecular Dynamics Simulations of a Model NaPSS in Water,83a56c858777
"Polymer: poly(styrene)-co-styrene sodium sulfonate (NaPSS)
Property: density = 1.1
Additional Info: {""condition"": ""f=0.5, N=41""}
Force Field: AMBER 94 + GAFF + united atom model for backbone
Source: Detailed Molecular Dynamics Simulations of a Model NaPSS in Water
DOI: https://doi.org/10.1021/jp101978k",property,1001,poly(styrene)-co-styrene sodium sulfonate (NaPSS),AMBER 94 + GAFF + united atom model for backbone,density,1.1,"{""condition"": ""f=0.5, N=41""}",https://doi.org/10.1021/jp101978k,Detailed Molecular Dynamics Simulations of a Model NaPSS in Water,d285628e38b7
"Polymer: poly(styrene)-co-styrene sodium sulfonate (NaPSS)
Property: density = 1.11
Additional Info: {""condition"": ""f=0.5, N=49""}
Force Field: AMBER 94 + GAFF + united atom model for backbone
Source: Detailed Molecular Dynamics Simulations of a Model NaPSS in Water
DOI: https://doi.org/10.1021/jp101978k",property,1002,poly(styrene)-co-styrene sodium sulfonate (NaPSS),AMBER 94 + GAFF + united atom model for backbone,density,1.11,"{""condition"": ""f=0.5, N=49""}",https://doi.org/10.1021/jp101978k,Detailed Molecular Dynamics Simulations of a Model NaPSS in Water,9c902a4871b9
"Polymer: poly(styrene)-co-styrene sodium sulfonate (NaPSS)
Property: density = 1.09
Additional Info: {""condition"": ""f=0.5, N=57""}
Force Field: AMBER 94 + GAFF + united atom model for backbone
Source: Detailed Molecular Dynamics Simulations of a Model NaPSS in Water
DOI: https://doi.org/10.1021/jp101978k",property,1003,poly(styrene)-co-styrene sodium sulfonate (NaPSS),AMBER 94 + GAFF + united atom model for backbone,density,1.09,"{""condition"": ""f=0.5, N=57""}",https://doi.org/10.1021/jp101978k,Detailed Molecular Dynamics Simulations of a Model NaPSS in Water,8c651ab95117
"Polymer: poly(styrene)-co-styrene sodium sulfonate (NaPSS)
Property: density = 1.1
Additional Info: {""condition"": ""f=0.5, N=65""}
Force Field: AMBER 94 + GAFF + united atom model for backbone
Source: Detailed Molecular Dynamics Simulations of a Model NaPSS in Water
DOI: https://doi.org/10.1021/jp101978k",property,1004,poly(styrene)-co-styrene sodium sulfonate (NaPSS),AMBER 94 + GAFF + united atom model for backbone,density,1.1,"{""condition"": ""f=0.5, N=65""}",https://doi.org/10.1021/jp101978k,Detailed Molecular Dynamics Simulations of a Model NaPSS in Water,a35875b10c9f
"Polymer: poly(styrene)-co-styrene sodium sulfonate (NaPSS)
Property: density = 1.08
Additional Info: {""condition"": ""f=0.333, N=64""}
Force Field: AMBER 94 + GAFF + united atom model for backbone
Source: Detailed Molecular Dynamics Simulations of a Model NaPSS in Water
DOI: https://doi.org/10.1021/jp101978k",property,1005,poly(styrene)-co-styrene sodium sulfonate (NaPSS),AMBER 94 + GAFF + united atom model for backbone,density,1.08,"{""condition"": ""f=0.333, N=64""}",https://doi.org/10.1021/jp101978k,Detailed Molecular Dynamics Simulations of a Model NaPSS in Water,7728f9ab278f
"Polymer: poly(styrene)-co-styrene sodium sulfonate (NaPSS)
Property: density = 1.08
Additional Info: {""condition"": ""f=0.25, N=65""}
Force Field: AMBER 94 + GAFF + united atom model for backbone
Source: Detailed Molecular Dynamics Simulations of a Model NaPSS in Water
DOI: https://doi.org/10.1021/jp101978k",property,1006,poly(styrene)-co-styrene sodium sulfonate (NaPSS),AMBER 94 + GAFF + united atom model for backbone,density,1.08,"{""condition"": ""f=0.25, N=65""}",https://doi.org/10.1021/jp101978k,Detailed Molecular Dynamics Simulations of a Model NaPSS in Water,b9ed8221f4a9
"Polymer: poly[bis-4-(4-cyanatophenoxy)phenyl sulphone]
Property: density = 1.2
Additional Info: {""condition"": ""Cyanate ester network precursor""}
Force Field: RDA-DR2.21_Inv
Source: Developing predictive models for polycyanurates through a comparative study of molecular simulation and empirical thermo-mechanical data
DOI: https://doi.org/10.1016/j.polymer.2005.11.082",property,1007,poly[bis-4-(4-cyanatophenoxy)phenyl sulphone],RDA-DR2.21_Inv,density,1.2,"{""condition"": ""Cyanate ester network precursor""}",https://doi.org/10.1016/j.polymer.2005.11.082,Developing predictive models for polycyanurates through a comparative study of molecular simulation and empirical thermo-mechanical data,a53c793a1a86
"Polymer: poly[bis-4-(4-cyanatophenoxy)phenyl sulphone]
Property: glass_transition_temp = 510-520
Additional Info: {""condition"": ""Cyanate ester network precursor""}
Force Field: RDA-DR2.21_Inv
Source: Developing predictive models for polycyanurates through a comparative study of molecular simulation and empirical thermo-mechanical data
DOI: https://doi.org/10.1016/j.polymer.2005.11.082",property,1008,poly[bis-4-(4-cyanatophenoxy)phenyl sulphone],RDA-DR2.21_Inv,glass_transition_temp,510-520,"{""condition"": ""Cyanate ester network precursor""}",https://doi.org/10.1016/j.polymer.2005.11.082,Developing predictive models for polycyanurates through a comparative study of molecular simulation and empirical thermo-mechanical data,a6828a0119dc
"Polymer: poly[bis-4-(4-cyanatophenoxy)phenyl sulphone]
Property: youngs_modulus = 3.38
Additional Info: {""condition"": ""Cyanate ester network precursor""}
Force Field: RDA-DR2.21_Inv
Source: Developing predictive models for polycyanurates through a comparative study of molecular simulation and empirical thermo-mechanical data
DOI: https://doi.org/10.1016/j.polymer.2005.11.082",property,1009,poly[bis-4-(4-cyanatophenoxy)phenyl sulphone],RDA-DR2.21_Inv,youngs_modulus,3.38,"{""condition"": ""Cyanate ester network precursor""}",https://doi.org/10.1016/j.polymer.2005.11.082,Developing predictive models for polycyanurates through a comparative study of molecular simulation and empirical thermo-mechanical data,8c8ef6a21c41
"Polymer: poly[bis-4-(4-cyanatophenoxy)phenyl sulphone]
Property: glass_transition_temp = 450
Additional Info: {""condition"": ""Cyanate ester network precursor""}
Force Field: RDA-DR2.21_Inv
Source: Developing predictive models for polycyanurates through a comparative study of molecular simulation and empirical thermo-mechanical data
DOI: https://doi.org/10.1016/j.polymer.2005.11.082",property,1010,poly[bis-4-(4-cyanatophenoxy)phenyl sulphone],RDA-DR2.21_Inv,glass_transition_temp,450,"{""condition"": ""Cyanate ester network precursor""}",https://doi.org/10.1016/j.polymer.2005.11.082,Developing predictive models for polycyanurates through a comparative study of molecular simulation and empirical thermo-mechanical data,9217f7e3405a
"Polymer: 1,4-Polybutadiene
Property: glass_transition_temp = 175
Additional Info: {}
Force Field: Smith–Paul type UA
Source: Dielectric ≈í¬±-relaxation of 1,4-polybutadiene confined between graphite walls
DOI: https://doi.org/10.1140/epje/i2015-15037-0",property,1012,"1,4-Polybutadiene",Smith–Paul type UA,glass_transition_temp,175,{},https://doi.org/10.1140/epje/i2015-15037-0,"Dielectric ≈í¬±-relaxation of 1,4-polybutadiene confined between graphite walls",91f55e0d459d
"Polymer: Single-site Linear Low-Density Polyethylene
Property: density = 0.7587
Additional Info: {""condition"": ""10 branches/1000 C, 373_K solid-state, higher tie molecule content""}
Force Field: modified Dreiding
Source: Differences in the Solid-State Structures of Single-Site and Ziegler‚Äö√†√≠Natta Linear Low-Density Polyethylenes As Revealed by Molecular Dynamics Simulation
DOI: https://doi.org/10.1021/ma060516o",property,1013,Single-site Linear Low-Density Polyethylene,modified Dreiding,density,0.7587,"{""condition"": ""10 branches/1000 C, 373_K solid-state, higher tie molecule content""}",https://doi.org/10.1021/ma060516o,Differences in the Solid-State Structures of Single-Site and Ziegler‚Äö√†√≠Natta Linear Low-Density Polyethylenes As Revealed by Molecular Dynamics Simulation,2dec726af4cb
"Polymer: Single-site Linear Low-Density Polyethylene
Property: radius_gyration = 2.35
Additional Info: {""condition"": ""10 branches/1000 C, 373_K solid-state, higher tie molecule content""}
Force Field: modified Dreiding
Source: Differences in the Solid-State Structures of Single-Site and Ziegler‚Äö√†√≠Natta Linear Low-Density Polyethylenes As Revealed by Molecular Dynamics Simulation
DOI: https://doi.org/10.1021/ma060516o",property,1014,Single-site Linear Low-Density Polyethylene,modified Dreiding,radius_gyration,2.35,"{""condition"": ""10 branches/1000 C, 373_K solid-state, higher tie molecule content""}",https://doi.org/10.1021/ma060516o,Differences in the Solid-State Structures of Single-Site and Ziegler‚Äö√†√≠Natta Linear Low-Density Polyethylenes As Revealed by Molecular Dynamics Simulation,99c54433360d
"Polymer: Ziegler-Natta Linear Low-Density Polyethylene
Property: density = 0.7587
Additional Info: {""condition"": ""10 branches/1000 C, 373_K solid-state, higher crystallinity, longer stems""}
Force Field: modified Dreiding
Source: Differences in the Solid-State Structures of Single-Site and Ziegler‚Äö√†√≠Natta Linear Low-Density Polyethylenes As Revealed by Molecular Dynamics Simulation
DOI: https://doi.org/10.1021/ma060516o",property,1015,Ziegler-Natta Linear Low-Density Polyethylene,modified Dreiding,density,0.7587,"{""condition"": ""10 branches/1000 C, 373_K solid-state, higher crystallinity, longer stems""}",https://doi.org/10.1021/ma060516o,Differences in the Solid-State Structures of Single-Site and Ziegler‚Äö√†√≠Natta Linear Low-Density Polyethylenes As Revealed by Molecular Dynamics Simulation,06519d2ed021
"Polymer: Ziegler-Natta Linear Low-Density Polyethylene
Property: radius_gyration = 3.02
Additional Info: {""condition"": ""10 branches/1000 C, 373_K solid-state, higher crystallinity, longer stems""}
Force Field: modified Dreiding
Source: Differences in the Solid-State Structures of Single-Site and Ziegler‚Äö√†√≠Natta Linear Low-Density Polyethylenes As Revealed by Molecular Dynamics Simulation
DOI: https://doi.org/10.1021/ma060516o",property,1016,Ziegler-Natta Linear Low-Density Polyethylene,modified Dreiding,radius_gyration,3.02,"{""condition"": ""10 branches/1000 C, 373_K solid-state, higher crystallinity, longer stems""}",https://doi.org/10.1021/ma060516o,Differences in the Solid-State Structures of Single-Site and Ziegler‚Äö√†√≠Natta Linear Low-Density Polyethylenes As Revealed by Molecular Dynamics Simulation,8b3ace386e36
"Polymer: Polyethylene
Property: diffusion_coefficient = 6.2e-11
Additional Info: {}
Force Field: COMPASS
Source: Diffusion of 1,2,3-Benzotriazole as a Volatile Corrosion Inhibitor through Common Polymer Films Using the Molecular Dynamics Simulation Method
DOI: https://doi.org/10.1080/00222348.2016.1146979",property,1017,Polyethylene,COMPASS,diffusion_coefficient,6.2e-11,{},https://doi.org/10.1080/00222348.2016.1146979,"Diffusion of 1,2,3-Benzotriazole as a Volatile Corrosion Inhibitor through Common Polymer Films Using the Molecular Dynamics Simulation Method",1d74f89c95d0
"Polymer: Polypropylene
Property: diffusion_coefficient = 8.6e-11
Additional Info: {}
Force Field: COMPASS
Source: Diffusion of 1,2,3-Benzotriazole as a Volatile Corrosion Inhibitor through Common Polymer Films Using the Molecular Dynamics Simulation Method
DOI: https://doi.org/10.1080/00222348.2016.1146979",property,1018,Polypropylene,COMPASS,diffusion_coefficient,8.6e-11,{},https://doi.org/10.1080/00222348.2016.1146979,"Diffusion of 1,2,3-Benzotriazole as a Volatile Corrosion Inhibitor through Common Polymer Films Using the Molecular Dynamics Simulation Method",9f78ddc5a00c
"Polymer: Polyvinyl Chloride
Property: diffusion_coefficient = 2e-10
Additional Info: {}
Force Field: COMPASS
Source: Diffusion of 1,2,3-Benzotriazole as a Volatile Corrosion Inhibitor through Common Polymer Films Using the Molecular Dynamics Simulation Method
DOI: https://doi.org/10.1080/00222348.2016.1146979",property,1019,Polyvinyl Chloride,COMPASS,diffusion_coefficient,2e-10,{},https://doi.org/10.1080/00222348.2016.1146979,"Diffusion of 1,2,3-Benzotriazole as a Volatile Corrosion Inhibitor through Common Polymer Films Using the Molecular Dynamics Simulation Method",8fecce0f1195
"Polymer: Polyamide 6 (Nylon 6)
Property: diffusion_coefficient = 2.2e-11
Additional Info: {}
Force Field: COMPASS
Source: Diffusion of 1,2,3-Benzotriazole as a Volatile Corrosion Inhibitor through Common Polymer Films Using the Molecular Dynamics Simulation Method
DOI: https://doi.org/10.1080/00222348.2016.1146979",property,1020,Polyamide 6 (Nylon 6),COMPASS,diffusion_coefficient,2.2e-11,{},https://doi.org/10.1080/00222348.2016.1146979,"Diffusion of 1,2,3-Benzotriazole as a Volatile Corrosion Inhibitor through Common Polymer Films Using the Molecular Dynamics Simulation Method",77e37cbf8af5
"Polymer: Polyethylene
Property: density = 0.854
Additional Info: {}
Force Field: Anisotropic united atom potentials (Pant et al.)
Source: Diffusivity of n-hexane in poly(ethylene-stat-octene)s assessed by molecular dynamics simulation
DOI: https://doi.org/10.1016/j.polymer.2007.06.051",property,1021,Polyethylene,Anisotropic united atom potentials (Pant et al.),density,0.854,{},https://doi.org/10.1016/j.polymer.2007.06.051,Diffusivity of n-hexane in poly(ethylene-stat-octene)s assessed by molecular dynamics simulation,5eb8050dc97f
"Polymer: Poly(ethylene-stat-octene)
Property: density = 0.84
Additional Info: {""condition"": ""Amorphous, 1.0 mol% octene""}
Force Field: Anisotropic united atom potentials (Pant et al.)
Source: Diffusivity of n-hexane in poly(ethylene-stat-octene)s assessed by molecular dynamics simulation
DOI: https://doi.org/10.1016/j.polymer.2007.06.051",property,1023,Poly(ethylene-stat-octene),Anisotropic united atom potentials (Pant et al.),density,0.84,"{""condition"": ""Amorphous, 1.0 mol% octene""}",https://doi.org/10.1016/j.polymer.2007.06.051,Diffusivity of n-hexane in poly(ethylene-stat-octene)s assessed by molecular dynamics simulation,dfa144659a1e
"Polymer: Poly(ethylene-stat-octene)
Property: density = 0.83
Additional Info: {""condition"": ""Amorphous, 2.7 mol% octene""}
Force Field: Anisotropic united atom potentials (Pant et al.)
Source: Diffusivity of n-hexane in poly(ethylene-stat-octene)s assessed by molecular dynamics simulation
DOI: https://doi.org/10.1016/j.polymer.2007.06.051",property,1025,Poly(ethylene-stat-octene),Anisotropic united atom potentials (Pant et al.),density,0.83,"{""condition"": ""Amorphous, 2.7 mol% octene""}",https://doi.org/10.1016/j.polymer.2007.06.051,Diffusivity of n-hexane in poly(ethylene-stat-octene)s assessed by molecular dynamics simulation,621e19e62336
"Polymer: Poly(ethylene-stat-octene)
Property: density = 0.815
Additional Info: {""condition"": ""Amorphous, 5.9 mol% octene""}
Force Field: Anisotropic united atom potentials (Pant et al.)
Source: Diffusivity of n-hexane in poly(ethylene-stat-octene)s assessed by molecular dynamics simulation
DOI: https://doi.org/10.1016/j.polymer.2007.06.051",property,1027,Poly(ethylene-stat-octene),Anisotropic united atom potentials (Pant et al.),density,0.815,"{""condition"": ""Amorphous, 5.9 mol% octene""}",https://doi.org/10.1016/j.polymer.2007.06.051,Diffusivity of n-hexane in poly(ethylene-stat-octene)s assessed by molecular dynamics simulation,f4f7dfaa6c7a
"Polymer: Polyethylene
Property: density = 0.766
Additional Info: {}
Force Field: Karayiannis et al. force field (TraPPE + Toxvaerd torsion)
Source: Dissipative particle dynamics simulations of polymer melts. I. Building potential of mean force for polyethylene and cis-polybutadiene
DOI: https://doi.org/10.1063/1.1786917",property,1031,Polyethylene,Karayiannis et al. force field (TraPPE + Toxvaerd torsion),density,0.766,{},https://doi.org/10.1063/1.1786917,Dissipative particle dynamics simulations of polymer melts. I. Building potential of mean force for polyethylene and cis-polybutadiene,0942bd79eff8
"Polymer: cis-Polybutadiene
Property: density = 0.824
Additional Info: {}
Force Field: Gee et al. anisotropic united atom potential
Source: Dissipative particle dynamics simulations of polymer melts. I. Building potential of mean force for polyethylene and cis-polybutadiene
DOI: https://doi.org/10.1063/1.1786917",property,1032,cis-Polybutadiene,Gee et al. anisotropic united atom potential,density,0.824,{},https://doi.org/10.1063/1.1786917,Dissipative particle dynamics simulations of polymer melts. I. Building potential of mean force for polyethylene and cis-polybutadiene,aecc49ff0d0e
"Polymer: Poly(ethyl ethylene)-block-poly(ethylene oxide)
Property: radius_gyration = 4.4
Additional Info: {""condition"": ""DPD simulation; E4O11 chain length;""}
Force Field: Standard DPD Force Field
Source: Dissipative particle dynamics study on the multicompartment micelles self-assembled from the mixture of diblock copolymer poly(ethyl ethylene)-block-poly(ethylene oxide) and homopolymer poly(propylene
DOI: https://doi.org/10.1016/j.polymer.2009.09.014",property,1033,Poly(ethyl ethylene)-block-poly(ethylene oxide),Standard DPD Force Field,radius_gyration,4.4,"{""condition"": ""DPD simulation; E4O11 chain length;""}",https://doi.org/10.1016/j.polymer.2009.09.014,Dissipative particle dynamics study on the multicompartment micelles self-assembled from the mixture of diblock copolymer poly(ethyl ethylene)-block-poly(ethylene oxide) and homopolymer poly(propylene,15b6c15ed9d6
"Polymer: Poly(ethyl ethylene)-block-poly(ethylene oxide)
Property: radius_gyration = 4.8
Additional Info: {""condition"": ""DPD simulation; E5O8 chain length""}
Force Field: Standard DPD Force Field
Source: Dissipative particle dynamics study on the multicompartment micelles self-assembled from the mixture of diblock copolymer poly(ethyl ethylene)-block-poly(ethylene oxide) and homopolymer poly(propylene
DOI: https://doi.org/10.1016/j.polymer.2009.09.014",property,1034,Poly(ethyl ethylene)-block-poly(ethylene oxide),Standard DPD Force Field,radius_gyration,4.8,"{""condition"": ""DPD simulation; E5O8 chain length""}",https://doi.org/10.1016/j.polymer.2009.09.014,Dissipative particle dynamics study on the multicompartment micelles self-assembled from the mixture of diblock copolymer poly(ethyl ethylene)-block-poly(ethylene oxide) and homopolymer poly(propylene,6e74dcd091fb
"Polymer: Poly(ethyl ethylene)-block-poly(ethylene oxide)
Property: radius_gyration = 4.8
Additional Info: {""condition"": ""DPD simulation; E5O13 chain length""}
Force Field: Standard DPD Force Field
Source: Dissipative particle dynamics study on the multicompartment micelles self-assembled from the mixture of diblock copolymer poly(ethyl ethylene)-block-poly(ethylene oxide) and homopolymer poly(propylene
DOI: https://doi.org/10.1016/j.polymer.2009.09.014",property,1035,Poly(ethyl ethylene)-block-poly(ethylene oxide),Standard DPD Force Field,radius_gyration,4.8,"{""condition"": ""DPD simulation; E5O13 chain length""}",https://doi.org/10.1016/j.polymer.2009.09.014,Dissipative particle dynamics study on the multicompartment micelles self-assembled from the mixture of diblock copolymer poly(ethyl ethylene)-block-poly(ethylene oxide) and homopolymer poly(propylene,925a95697ea1
"Polymer: Poly(ethyl ethylene)-block-poly(ethylene oxide)
Property: radius_gyration = 4.8
Additional Info: {""condition"": ""DPD simulation; E5O15 chain length""}
Force Field: Standard DPD Force Field
Source: Dissipative particle dynamics study on the multicompartment micelles self-assembled from the mixture of diblock copolymer poly(ethyl ethylene)-block-poly(ethylene oxide) and homopolymer poly(propylene
DOI: https://doi.org/10.1016/j.polymer.2009.09.014",property,1036,Poly(ethyl ethylene)-block-poly(ethylene oxide),Standard DPD Force Field,radius_gyration,4.8,"{""condition"": ""DPD simulation; E5O15 chain length""}",https://doi.org/10.1016/j.polymer.2009.09.014,Dissipative particle dynamics study on the multicompartment micelles self-assembled from the mixture of diblock copolymer poly(ethyl ethylene)-block-poly(ethylene oxide) and homopolymer poly(propylene,dff2102595bc
"Polymer: Poly(ethyl ethylene)-block-poly(ethylene oxide)
Property: radius_gyration = 5.1
Additional Info: {""condition"": ""DPD simulation; E5O20 chain length""}
Force Field: Standard DPD Force Field
Source: Dissipative particle dynamics study on the multicompartment micelles self-assembled from the mixture of diblock copolymer poly(ethyl ethylene)-block-poly(ethylene oxide) and homopolymer poly(propylene
DOI: https://doi.org/10.1016/j.polymer.2009.09.014",property,1037,Poly(ethyl ethylene)-block-poly(ethylene oxide),Standard DPD Force Field,radius_gyration,5.1,"{""condition"": ""DPD simulation; E5O20 chain length""}",https://doi.org/10.1016/j.polymer.2009.09.014,Dissipative particle dynamics study on the multicompartment micelles self-assembled from the mixture of diblock copolymer poly(ethyl ethylene)-block-poly(ethylene oxide) and homopolymer poly(propylene,383272faa464
"Polymer: PEE-b-PEO E4O11 blended with PPO (length 5)
Property: radius_gyration = 9.7
Additional Info: {""condition"": ""DPD simulation; PPO length 5""}
Force Field: Standard DPD Force Field
Source: Dissipative particle dynamics study on the multicompartment micelles self-assembled from the mixture of diblock copolymer poly(ethyl ethylene)-block-poly(ethylene oxide) and homopolymer poly(propylene
DOI: https://doi.org/10.1016/j.polymer.2009.09.014",property,1038,PEE-b-PEO E4O11 blended with PPO (length 5),Standard DPD Force Field,radius_gyration,9.7,"{""condition"": ""DPD simulation; PPO length 5""}",https://doi.org/10.1016/j.polymer.2009.09.014,Dissipative particle dynamics study on the multicompartment micelles self-assembled from the mixture of diblock copolymer poly(ethyl ethylene)-block-poly(ethylene oxide) and homopolymer poly(propylene,180657c856df
"Polymer: PEE-b-PEO E4O11 blended with PPO (length 15)
Property: radius_gyration = 4.7
Additional Info: {""condition"": ""DPD simulation; PPO length 15""}
Force Field: Standard DPD Force Field
Source: Dissipative particle dynamics study on the multicompartment micelles self-assembled from the mixture of diblock copolymer poly(ethyl ethylene)-block-poly(ethylene oxide) and homopolymer poly(propylene
DOI: https://doi.org/10.1016/j.polymer.2009.09.014",property,1039,PEE-b-PEO E4O11 blended with PPO (length 15),Standard DPD Force Field,radius_gyration,4.7,"{""condition"": ""DPD simulation; PPO length 15""}",https://doi.org/10.1016/j.polymer.2009.09.014,Dissipative particle dynamics study on the multicompartment micelles self-assembled from the mixture of diblock copolymer poly(ethyl ethylene)-block-poly(ethylene oxide) and homopolymer poly(propylene,58b4488bfb85
"Polymer: PEE-b-PEO E4O11 blended with PPO (length 30)
Property: radius_gyration = 8.5
Additional Info: {""condition"": ""DPD simulation; PPO length 30""}
Force Field: Standard DPD Force Field
Source: Dissipative particle dynamics study on the multicompartment micelles self-assembled from the mixture of diblock copolymer poly(ethyl ethylene)-block-poly(ethylene oxide) and homopolymer poly(propylene
DOI: https://doi.org/10.1016/j.polymer.2009.09.014",property,1040,PEE-b-PEO E4O11 blended with PPO (length 30),Standard DPD Force Field,radius_gyration,8.5,"{""condition"": ""DPD simulation; PPO length 30""}",https://doi.org/10.1016/j.polymer.2009.09.014,Dissipative particle dynamics study on the multicompartment micelles self-assembled from the mixture of diblock copolymer poly(ethyl ethylene)-block-poly(ethylene oxide) and homopolymer poly(propylene,18455fc33a99
"Polymer: PEE-b-PEO E5O15 blended with PPO (length 5)
Property: radius_gyration = 11
Additional Info: {""condition"": ""DPD simulation; PPO length 5""}
Force Field: Standard DPD Force Field
Source: Dissipative particle dynamics study on the multicompartment micelles self-assembled from the mixture of diblock copolymer poly(ethyl ethylene)-block-poly(ethylene oxide) and homopolymer poly(propylene
DOI: https://doi.org/10.1016/j.polymer.2009.09.014",property,1041,PEE-b-PEO E5O15 blended with PPO (length 5),Standard DPD Force Field,radius_gyration,11,"{""condition"": ""DPD simulation; PPO length 5""}",https://doi.org/10.1016/j.polymer.2009.09.014,Dissipative particle dynamics study on the multicompartment micelles self-assembled from the mixture of diblock copolymer poly(ethyl ethylene)-block-poly(ethylene oxide) and homopolymer poly(propylene,cfb407c02a88
"Polymer: PEE-b-PEO E5O15 blended with PPO (length 20)
Property: radius_gyration = 4.9
Additional Info: {""condition"": ""DPD simulation; PPO length 20""}
Force Field: Standard DPD Force Field
Source: Dissipative particle dynamics study on the multicompartment micelles self-assembled from the mixture of diblock copolymer poly(ethyl ethylene)-block-poly(ethylene oxide) and homopolymer poly(propylene
DOI: https://doi.org/10.1016/j.polymer.2009.09.014",property,1042,PEE-b-PEO E5O15 blended with PPO (length 20),Standard DPD Force Field,radius_gyration,4.9,"{""condition"": ""DPD simulation; PPO length 20""}",https://doi.org/10.1016/j.polymer.2009.09.014,Dissipative particle dynamics study on the multicompartment micelles self-assembled from the mixture of diblock copolymer poly(ethyl ethylene)-block-poly(ethylene oxide) and homopolymer poly(propylene,6d9e026acf20
"Polymer: PEE-b-PEO E5O15 blended with PPO (length 30)
Property: radius_gyration = 9.2
Additional Info: {""condition"": ""DPD simulation; PPO length 30""}
Force Field: Standard DPD Force Field
Source: Dissipative particle dynamics study on the multicompartment micelles self-assembled from the mixture of diblock copolymer poly(ethyl ethylene)-block-poly(ethylene oxide) and homopolymer poly(propylene
DOI: https://doi.org/10.1016/j.polymer.2009.09.014",property,1043,PEE-b-PEO E5O15 blended with PPO (length 30),Standard DPD Force Field,radius_gyration,9.2,"{""condition"": ""DPD simulation; PPO length 30""}",https://doi.org/10.1016/j.polymer.2009.09.014,Dissipative particle dynamics study on the multicompartment micelles self-assembled from the mixture of diblock copolymer poly(ethyl ethylene)-block-poly(ethylene oxide) and homopolymer poly(propylene,6878fe73df72
"Polymer: Polyethylene Oxide / Polymethyl Methacrylate Blend
Property: density = 1.08
Additional Info: {""condition"": ""PEO 10 wt% in PMMA""}
Force Field: Polymer Consortium Force Field (PCFF)
Source: Dynamics of poly(ethylene oxide) in a blend with poly(methyl methacrylate): A quasielastic neutron scattering and molecular dynamics simulations study
DOI: https://doi.org/10.1103/physreve.72.031808",property,1049,Polyethylene Oxide / Polymethyl Methacrylate Blend,Polymer Consortium Force Field (PCFF),density,1.08,"{""condition"": ""PEO 10 wt% in PMMA""}",https://doi.org/10.1103/physreve.72.031808,Dynamics of poly(ethylene oxide) in a blend with poly(methyl methacrylate): A quasielastic neutron scattering and molecular dynamics simulations study,954d25e76876
"Polymer: Polyethylene
Property: density = 0.66
Additional Info: {""condition"": ""Chain length 10""}
Force Field: Custom CG PE force field: harmonic bonded terms + LJ (12-6)
Source: Dynamics response of polyethylene polymer nanocomposites to shock wave loading
DOI: https://doi.org/10.1002/polb.23758",property,1051,Polyethylene,Custom CG PE force field: harmonic bonded terms + LJ (12-6),density,0.66,"{""condition"": ""Chain length 10""}",https://doi.org/10.1002/polb.23758,Dynamics response of polyethylene polymer nanocomposites to shock wave loading,fd4d031a2b85
"Polymer: Polyethylene
Property: youngs_modulus = 0.32
Additional Info: {""condition"": ""Chain length 10, Young's modulus (E) of 0.32 GPa under tension for pure PE with chain length (lc)""}
Force Field: Custom CG PE force field: harmonic bonded terms + LJ (12-6)
Source: Dynamics response of polyethylene polymer nanocomposites to shock wave loading
DOI: https://doi.org/10.1002/polb.23758",property,1052,Polyethylene,Custom CG PE force field: harmonic bonded terms + LJ (12-6),youngs_modulus,0.32,"{""condition"": ""Chain length 10, Young's modulus (E) of 0.32 GPa under tension for pure PE with chain length (lc)""}",https://doi.org/10.1002/polb.23758,Dynamics response of polyethylene polymer nanocomposites to shock wave loading,2520b424c6c2
"Polymer: Polyethylene
Property: youngs_modulus = 0.38
Additional Info: {""condition"": ""Chain length 10, Young's modulus (E) under compression for pure PE with chain length (lc)""}
Force Field: Custom CG PE force field: harmonic bonded terms + LJ (12-6)
Source: Dynamics response of polyethylene polymer nanocomposites to shock wave loading
DOI: https://doi.org/10.1002/polb.23758",property,1054,Polyethylene,Custom CG PE force field: harmonic bonded terms + LJ (12-6),youngs_modulus,0.38,"{""condition"": ""Chain length 10, Young's modulus (E) under compression for pure PE with chain length (lc)""}",https://doi.org/10.1002/polb.23758,Dynamics response of polyethylene polymer nanocomposites to shock wave loading,7beae667d001
"Polymer: Polyethylene
Property: density = 0.78
Additional Info: {""condition"": ""Chain length 500""}
Force Field: Custom CG PE force field: harmonic bonded terms + LJ (12-6)
Source: Dynamics response of polyethylene polymer nanocomposites to shock wave loading
DOI: https://doi.org/10.1002/polb.23758",property,1055,Polyethylene,Custom CG PE force field: harmonic bonded terms + LJ (12-6),density,0.78,"{""condition"": ""Chain length 500""}",https://doi.org/10.1002/polb.23758,Dynamics response of polyethylene polymer nanocomposites to shock wave loading,068d4f628149
"Polymer: Polyethylene
Property: youngs_modulus = 1.62
Additional Info: {""condition"": ""Chain length 500, Youngs Modulus under tension""}
Force Field: Custom CG PE force field: harmonic bonded terms + LJ (12-6)
Source: Dynamics response of polyethylene polymer nanocomposites to shock wave loading
DOI: https://doi.org/10.1002/polb.23758",property,1056,Polyethylene,Custom CG PE force field: harmonic bonded terms + LJ (12-6),youngs_modulus,1.62,"{""condition"": ""Chain length 500, Youngs Modulus under tension""}",https://doi.org/10.1002/polb.23758,Dynamics response of polyethylene polymer nanocomposites to shock wave loading,7544b0876551
"Polymer: Polyethylene
Property: youngs_modulus = 2.08
Additional Info: {""condition"": ""Chain length 500,  Youngs Modulus under compression""}
Force Field: Custom CG PE force field: harmonic bonded terms + LJ (12-6)
Source: Dynamics response of polyethylene polymer nanocomposites to shock wave loading
DOI: https://doi.org/10.1002/polb.23758",property,1058,Polyethylene,Custom CG PE force field: harmonic bonded terms + LJ (12-6),youngs_modulus,2.08,"{""condition"": ""Chain length 500,  Youngs Modulus under compression""}",https://doi.org/10.1002/polb.23758,Dynamics response of polyethylene polymer nanocomposites to shock wave loading,3db693b38663
"Polymer: Polyethylene
Property: density = 0.64
Additional Info: {""condition"": ""Chain length 10, 11% NP volume fraction""}
Force Field: Custom CG PE force field: harmonic bonded terms + LJ (12-6)
Source: Dynamics response of polyethylene polymer nanocomposites to shock wave loading
DOI: https://doi.org/10.1002/polb.23758",property,1059,Polyethylene,Custom CG PE force field: harmonic bonded terms + LJ (12-6),density,0.64,"{""condition"": ""Chain length 10, 11% NP volume fraction""}",https://doi.org/10.1002/polb.23758,Dynamics response of polyethylene polymer nanocomposites to shock wave loading,08ba81e8aac0
"Polymer: Polyethylene
Property: youngs_modulus = 0.84
Additional Info: {""condition"": ""Chain length 10, 11% NP volume fraction,  Youngs Modulus under  tension""}
Force Field: Custom CG PE force field: harmonic bonded terms + LJ (12-6)
Source: Dynamics response of polyethylene polymer nanocomposites to shock wave loading
DOI: https://doi.org/10.1002/polb.23758",property,1060,Polyethylene,Custom CG PE force field: harmonic bonded terms + LJ (12-6),youngs_modulus,0.84,"{""condition"": ""Chain length 10, 11% NP volume fraction,  Youngs Modulus under  tension""}",https://doi.org/10.1002/polb.23758,Dynamics response of polyethylene polymer nanocomposites to shock wave loading,805738f512ae
"Polymer: Polyethylene
Property: youngs_modulus = 1.29
Additional Info: {""condition"": ""Chain length 10, 11% NP volume fraction,  Youngs Modulus under compression""}
Force Field: Custom CG PE force field: harmonic bonded terms + LJ (12-6)
Source: Dynamics response of polyethylene polymer nanocomposites to shock wave loading
DOI: https://doi.org/10.1002/polb.23758",property,1062,Polyethylene,Custom CG PE force field: harmonic bonded terms + LJ (12-6),youngs_modulus,1.29,"{""condition"": ""Chain length 10, 11% NP volume fraction,  Youngs Modulus under compression""}",https://doi.org/10.1002/polb.23758,Dynamics response of polyethylene polymer nanocomposites to shock wave loading,874d731630b6
"Polymer: Polyethylene
Property: density = 0.73
Additional Info: {""condition"": ""Chain length 500, 11% NP volume fraction""}
Force Field: Custom CG PE force field: harmonic bonded terms + LJ (12-6)
Source: Dynamics response of polyethylene polymer nanocomposites to shock wave loading
DOI: https://doi.org/10.1002/polb.23758",property,1063,Polyethylene,Custom CG PE force field: harmonic bonded terms + LJ (12-6),density,0.73,"{""condition"": ""Chain length 500, 11% NP volume fraction""}",https://doi.org/10.1002/polb.23758,Dynamics response of polyethylene polymer nanocomposites to shock wave loading,da5e5d124833
"Polymer: Polyethylene
Property: youngs_modulus = 2.24
Additional Info: {""condition"": ""Chain length 500, 11% NP volume fraction,  Youngs Modulus under tension""}
Force Field: Custom CG PE force field: harmonic bonded terms + LJ (12-6)
Source: Dynamics response of polyethylene polymer nanocomposites to shock wave loading
DOI: https://doi.org/10.1002/polb.23758",property,1064,Polyethylene,Custom CG PE force field: harmonic bonded terms + LJ (12-6),youngs_modulus,2.24,"{""condition"": ""Chain length 500, 11% NP volume fraction,  Youngs Modulus under tension""}",https://doi.org/10.1002/polb.23758,Dynamics response of polyethylene polymer nanocomposites to shock wave loading,3ea2827249c1
"Polymer: Polyethylene
Property: youngs_modulus = 3.33
Additional Info: {""condition"": ""Chain length 500, 11% NP volume fraction,  Youngs Modulus under compression""}
Force Field: Custom CG PE force field: harmonic bonded terms + LJ (12-6)
Source: Dynamics response of polyethylene polymer nanocomposites to shock wave loading
DOI: https://doi.org/10.1002/polb.23758",property,1066,Polyethylene,Custom CG PE force field: harmonic bonded terms + LJ (12-6),youngs_modulus,3.33,"{""condition"": ""Chain length 500, 11% NP volume fraction,  Youngs Modulus under compression""}",https://doi.org/10.1002/polb.23758,Dynamics response of polyethylene polymer nanocomposites to shock wave loading,77ddca004cce
"Polymer: Polyethylene
Property: density = 0.61
Additional Info: {""condition"": ""Chain length 10, 20% NP volume fraction""}
Force Field: Custom CG PE force field: harmonic bonded terms + LJ (12-6)
Source: Dynamics response of polyethylene polymer nanocomposites to shock wave loading
DOI: https://doi.org/10.1002/polb.23758",property,1067,Polyethylene,Custom CG PE force field: harmonic bonded terms + LJ (12-6),density,0.61,"{""condition"": ""Chain length 10, 20% NP volume fraction""}",https://doi.org/10.1002/polb.23758,Dynamics response of polyethylene polymer nanocomposites to shock wave loading,a6bb8f63814b
"Polymer: Polyethylene
Property: youngs_modulus = 1.23
Additional Info: {""condition"": ""Chain length 10, 20% NP volume fraction,  Youngs Modulus under tension""}
Force Field: Custom CG PE force field: harmonic bonded terms + LJ (12-6)
Source: Dynamics response of polyethylene polymer nanocomposites to shock wave loading
DOI: https://doi.org/10.1002/polb.23758",property,1068,Polyethylene,Custom CG PE force field: harmonic bonded terms + LJ (12-6),youngs_modulus,1.23,"{""condition"": ""Chain length 10, 20% NP volume fraction,  Youngs Modulus under tension""}",https://doi.org/10.1002/polb.23758,Dynamics response of polyethylene polymer nanocomposites to shock wave loading,5f845ee19985
"Polymer: Polyethylene
Property: youngs_modulus = 1.96
Additional Info: {""condition"": ""Chain length 10, 20% NP volume fraction,  Youngs Modulus under compression""}
Force Field: Custom CG PE force field: harmonic bonded terms + LJ (12-6)
Source: Dynamics response of polyethylene polymer nanocomposites to shock wave loading
DOI: https://doi.org/10.1002/polb.23758",property,1070,Polyethylene,Custom CG PE force field: harmonic bonded terms + LJ (12-6),youngs_modulus,1.96,"{""condition"": ""Chain length 10, 20% NP volume fraction,  Youngs Modulus under compression""}",https://doi.org/10.1002/polb.23758,Dynamics response of polyethylene polymer nanocomposites to shock wave loading,c189afa4957d
"Polymer: Polyethylene
Property: density = 0.66
Additional Info: {""condition"": ""Chain length 500, 20% NP volume fraction""}
Force Field: Custom CG PE force field: harmonic bonded terms + LJ (12-6)
Source: Dynamics response of polyethylene polymer nanocomposites to shock wave loading
DOI: https://doi.org/10.1002/polb.23758",property,1071,Polyethylene,Custom CG PE force field: harmonic bonded terms + LJ (12-6),density,0.66,"{""condition"": ""Chain length 500, 20% NP volume fraction""}",https://doi.org/10.1002/polb.23758,Dynamics response of polyethylene polymer nanocomposites to shock wave loading,d2d949d3f986
"Polymer: Polyethylene
Property: youngs_modulus = 2.58
Additional Info: {""condition"": ""Chain length 500, 20% NP volume fraction,  Youngs Modulus under tension""}
Force Field: Custom CG PE force field: harmonic bonded terms + LJ (12-6)
Source: Dynamics response of polyethylene polymer nanocomposites to shock wave loading
DOI: https://doi.org/10.1002/polb.23758",property,1072,Polyethylene,Custom CG PE force field: harmonic bonded terms + LJ (12-6),youngs_modulus,2.58,"{""condition"": ""Chain length 500, 20% NP volume fraction,  Youngs Modulus under tension""}",https://doi.org/10.1002/polb.23758,Dynamics response of polyethylene polymer nanocomposites to shock wave loading,6fab548eb387
"Polymer: Polyethylene
Property: youngs_modulus = 3.85
Additional Info: {""condition"": ""Chain length 500, 20% NP volume fraction,  Youngs Modulus under compression""}
Force Field: Custom CG PE force field: harmonic bonded terms + LJ (12-6)
Source: Dynamics response of polyethylene polymer nanocomposites to shock wave loading
DOI: https://doi.org/10.1002/polb.23758",property,1074,Polyethylene,Custom CG PE force field: harmonic bonded terms + LJ (12-6),youngs_modulus,3.85,"{""condition"": ""Chain length 500, 20% NP volume fraction,  Youngs Modulus under compression""}",https://doi.org/10.1002/polb.23758,Dynamics response of polyethylene polymer nanocomposites to shock wave loading,c4f67df26a03
"Polymer: Polyethylene
Property: density = 0.58
Additional Info: {""condition"": ""Chain length 10, 26% NP volume fraction""}
Force Field: Custom CG PE force field: harmonic bonded terms + LJ (12-6)
Source: Dynamics response of polyethylene polymer nanocomposites to shock wave loading
DOI: https://doi.org/10.1002/polb.23758",property,1075,Polyethylene,Custom CG PE force field: harmonic bonded terms + LJ (12-6),density,0.58,"{""condition"": ""Chain length 10, 26% NP volume fraction""}",https://doi.org/10.1002/polb.23758,Dynamics response of polyethylene polymer nanocomposites to shock wave loading,28521d3bf5b9
"Polymer: Polyethylene
Property: youngs_modulus = 1.65
Additional Info: {""condition"": ""Chain length 10, 26% NP volume fraction,  Youngs Modulus under tension""}
Force Field: Custom CG PE force field: harmonic bonded terms + LJ (12-6)
Source: Dynamics response of polyethylene polymer nanocomposites to shock wave loading
DOI: https://doi.org/10.1002/polb.23758",property,1076,Polyethylene,Custom CG PE force field: harmonic bonded terms + LJ (12-6),youngs_modulus,1.65,"{""condition"": ""Chain length 10, 26% NP volume fraction,  Youngs Modulus under tension""}",https://doi.org/10.1002/polb.23758,Dynamics response of polyethylene polymer nanocomposites to shock wave loading,9d37868f99ed
"Polymer: Polyethylene
Property: youngs_modulus = 2.62
Additional Info: {""condition"": ""Chain length 10, 26% NP volume fraction,  Youngs Modulus under compression""}
Force Field: Custom CG PE force field: harmonic bonded terms + LJ (12-6)
Source: Dynamics response of polyethylene polymer nanocomposites to shock wave loading
DOI: https://doi.org/10.1002/polb.23758",property,1078,Polyethylene,Custom CG PE force field: harmonic bonded terms + LJ (12-6),youngs_modulus,2.62,"{""condition"": ""Chain length 10, 26% NP volume fraction,  Youngs Modulus under compression""}",https://doi.org/10.1002/polb.23758,Dynamics response of polyethylene polymer nanocomposites to shock wave loading,c3cbc69cfd18
"Polymer: Polyethylene
Property: density = 0.62
Additional Info: {""condition"": ""Chain length 500, 26% NP volume fraction""}
Force Field: Custom CG PE force field: harmonic bonded terms + LJ (12-6)
Source: Dynamics response of polyethylene polymer nanocomposites to shock wave loading
DOI: https://doi.org/10.1002/polb.23758",property,1079,Polyethylene,Custom CG PE force field: harmonic bonded terms + LJ (12-6),density,0.62,"{""condition"": ""Chain length 500, 26% NP volume fraction""}",https://doi.org/10.1002/polb.23758,Dynamics response of polyethylene polymer nanocomposites to shock wave loading,261a3cd9aec7
"Polymer: Polyethylene
Property: youngs_modulus = 2.65
Additional Info: {""condition"": ""Chain length 500, 26% NP volume fraction,  Youngs Modulus under tension""}
Force Field: Custom CG PE force field: harmonic bonded terms + LJ (12-6)
Source: Dynamics response of polyethylene polymer nanocomposites to shock wave loading
DOI: https://doi.org/10.1002/polb.23758",property,1080,Polyethylene,Custom CG PE force field: harmonic bonded terms + LJ (12-6),youngs_modulus,2.65,"{""condition"": ""Chain length 500, 26% NP volume fraction,  Youngs Modulus under tension""}",https://doi.org/10.1002/polb.23758,Dynamics response of polyethylene polymer nanocomposites to shock wave loading,791b216e260e
"Polymer: Polyethylene
Property: youngs_modulus = 3.87
Additional Info: {""condition"": ""Chain length 500, 26% NP volume fraction ,  Youngs Modulus under compression""}
Force Field: Custom CG PE force field: harmonic bonded terms + LJ (12-6)
Source: Dynamics response of polyethylene polymer nanocomposites to shock wave loading
DOI: https://doi.org/10.1002/polb.23758",property,1082,Polyethylene,Custom CG PE force field: harmonic bonded terms + LJ (12-6),youngs_modulus,3.87,"{""condition"": ""Chain length 500, 26% NP volume fraction ,  Youngs Modulus under compression""}",https://doi.org/10.1002/polb.23758,Dynamics response of polyethylene polymer nanocomposites to shock wave loading,b010b48d86e0
"Polymer: Polyethylene
Property: density = 0.56
Additional Info: {""condition"": ""Chain length 10, 31% NP volume fraction""}
Force Field: Custom CG PE force field: harmonic bonded terms + LJ (12-6)
Source: Dynamics response of polyethylene polymer nanocomposites to shock wave loading
DOI: https://doi.org/10.1002/polb.23758",property,1083,Polyethylene,Custom CG PE force field: harmonic bonded terms + LJ (12-6),density,0.56,"{""condition"": ""Chain length 10, 31% NP volume fraction""}",https://doi.org/10.1002/polb.23758,Dynamics response of polyethylene polymer nanocomposites to shock wave loading,9def612a8963
"Polymer: Polyethylene
Property: youngs_modulus = 1.86
Additional Info: {""condition"": ""Chain length 10, 31% NP volume fraction,  Youngs Modulus under tension""}
Force Field: Custom CG PE force field: harmonic bonded terms + LJ (12-6)
Source: Dynamics response of polyethylene polymer nanocomposites to shock wave loading
DOI: https://doi.org/10.1002/polb.23758",property,1084,Polyethylene,Custom CG PE force field: harmonic bonded terms + LJ (12-6),youngs_modulus,1.86,"{""condition"": ""Chain length 10, 31% NP volume fraction,  Youngs Modulus under tension""}",https://doi.org/10.1002/polb.23758,Dynamics response of polyethylene polymer nanocomposites to shock wave loading,3f65197a47a2
"Polymer: Polyethylene
Property: youngs_modulus = 2.44
Additional Info: {""condition"": ""Chain length 10, 31% NP volume fraction,  Youngs Modulus under compression""}
Force Field: Custom CG PE force field: harmonic bonded terms + LJ (12-6)
Source: Dynamics response of polyethylene polymer nanocomposites to shock wave loading
DOI: https://doi.org/10.1002/polb.23758",property,1086,Polyethylene,Custom CG PE force field: harmonic bonded terms + LJ (12-6),youngs_modulus,2.44,"{""condition"": ""Chain length 10, 31% NP volume fraction,  Youngs Modulus under compression""}",https://doi.org/10.1002/polb.23758,Dynamics response of polyethylene polymer nanocomposites to shock wave loading,8a4a60ace87c
"Polymer: Polyethylene
Property: density = 0.59
Additional Info: {""condition"": ""Chain length 500, 31% NP volume fraction""}
Force Field: Custom CG PE force field: harmonic bonded terms + LJ (12-6)
Source: Dynamics response of polyethylene polymer nanocomposites to shock wave loading
DOI: https://doi.org/10.1002/polb.23758",property,1087,Polyethylene,Custom CG PE force field: harmonic bonded terms + LJ (12-6),density,0.59,"{""condition"": ""Chain length 500, 31% NP volume fraction""}",https://doi.org/10.1002/polb.23758,Dynamics response of polyethylene polymer nanocomposites to shock wave loading,dfcc41ff0d6d
"Polymer: Polyethylene
Property: youngs_modulus = 2.45
Additional Info: {""condition"": ""Chain length 500, 31% NP volume fraction,  Youngs Modulus under tension""}
Force Field: Custom CG PE force field: harmonic bonded terms + LJ (12-6)
Source: Dynamics response of polyethylene polymer nanocomposites to shock wave loading
DOI: https://doi.org/10.1002/polb.23758",property,1088,Polyethylene,Custom CG PE force field: harmonic bonded terms + LJ (12-6),youngs_modulus,2.45,"{""condition"": ""Chain length 500, 31% NP volume fraction,  Youngs Modulus under tension""}",https://doi.org/10.1002/polb.23758,Dynamics response of polyethylene polymer nanocomposites to shock wave loading,621bef7d25ae
"Polymer: Polyethylene
Property: youngs_modulus = 3.9
Additional Info: {""condition"": ""Chain length 500, 31% NP volume fraction,  Youngs Modulus under  compression""}
Force Field: Custom CG PE force field: harmonic bonded terms + LJ (12-6)
Source: Dynamics response of polyethylene polymer nanocomposites to shock wave loading
DOI: https://doi.org/10.1002/polb.23758",property,1090,Polyethylene,Custom CG PE force field: harmonic bonded terms + LJ (12-6),youngs_modulus,3.9,"{""condition"": ""Chain length 500, 31% NP volume fraction,  Youngs Modulus under  compression""}",https://doi.org/10.1002/polb.23758,Dynamics response of polyethylene polymer nanocomposites to shock wave loading,86e0bdb39c61
"Polymer: Partially Hydrolyzed Polyacrylamide (20% hydrolyzed) [20-mer]
Property: radius_gyration = 0.83
Additional Info: {""condition"": ""Hydrolysis degree 20%, 20-mer""}
Force Field: OPLS-AA
Source: Dynamics, Aggregation, and Interfacial Properties of the Partially Hydrolyzed Polyacrylamide Polymer for Enhanced Oil Recovery Applications: Insights from Molecular Dynamics Simulations
DOI: https://doi.org/10.1021/acs.energyfuels.8b00010",property,1091,Partially Hydrolyzed Polyacrylamide (20% hydrolyzed) [20-mer],OPLS-AA,radius_gyration,0.83,"{""condition"": ""Hydrolysis degree 20%, 20-mer""}",https://doi.org/10.1021/acs.energyfuels.8b00010,"Dynamics, Aggregation, and Interfacial Properties of the Partially Hydrolyzed Polyacrylamide Polymer for Enhanced Oil Recovery Applications: Insights from Molecular Dynamics Simulations",74743c54f798
"Polymer: Partially Hydrolyzed Polyacrylamide (20% hydrolyzed)[50-mer]
Property: radius_gyration = 1.07
Additional Info: {""condition"": ""Hydrolysis degree 20%, 50-mer""}
Force Field: OPLS-AA
Source: Dynamics, Aggregation, and Interfacial Properties of the Partially Hydrolyzed Polyacrylamide Polymer for Enhanced Oil Recovery Applications: Insights from Molecular Dynamics Simulations
DOI: https://doi.org/10.1021/acs.energyfuels.8b00010",property,1092,Partially Hydrolyzed Polyacrylamide (20% hydrolyzed)[50-mer],OPLS-AA,radius_gyration,1.07,"{""condition"": ""Hydrolysis degree 20%, 50-mer""}",https://doi.org/10.1021/acs.energyfuels.8b00010,"Dynamics, Aggregation, and Interfacial Properties of the Partially Hydrolyzed Polyacrylamide Polymer for Enhanced Oil Recovery Applications: Insights from Molecular Dynamics Simulations",90265b185fd2
"Polymer: Partially Hydrolyzed Polyacrylamide (20% hydrolyzed)[100-mer]
Property: radius_gyration = 2.94
Additional Info: {""condition"": ""Hydrolysis degree 20% , 100-mer""}
Force Field: OPLS-AA
Source: Dynamics, Aggregation, and Interfacial Properties of the Partially Hydrolyzed Polyacrylamide Polymer for Enhanced Oil Recovery Applications: Insights from Molecular Dynamics Simulations
DOI: https://doi.org/10.1021/acs.energyfuels.8b00010",property,1093,Partially Hydrolyzed Polyacrylamide (20% hydrolyzed)[100-mer],OPLS-AA,radius_gyration,2.94,"{""condition"": ""Hydrolysis degree 20% , 100-mer""}",https://doi.org/10.1021/acs.energyfuels.8b00010,"Dynamics, Aggregation, and Interfacial Properties of the Partially Hydrolyzed Polyacrylamide Polymer for Enhanced Oil Recovery Applications: Insights from Molecular Dynamics Simulations",33ab1e946ef0
"Polymer: Poly(butyl acrylate)
Property: youngs_modulus = 0.00089
Additional Info: {}
Force Field: OPLS-AA
Source: Effect of adding epoxy groups to poly (butyl acrylate) on electro- viscoelastic response: Insight from molecular dynamics simulation
DOI: https://doi.org/10.1016/j.polymer.2020.122349",property,1098,Poly(butyl acrylate),OPLS-AA,youngs_modulus,0.00089,{},https://doi.org/10.1016/j.polymer.2020.122349,Effect of adding epoxy groups to poly (butyl acrylate) on electro- viscoelastic response: Insight from molecular dynamics simulation,286659355646
"Polymer: Poly(butyl acrylate-co-glycidyl methacrylate)
Property: youngs_modulus = 0.00334
Additional Info: {""condition"": ""Copolymer with 11% GMA""}
Force Field: OPLS-AA
Source: Effect of adding epoxy groups to poly (butyl acrylate) on electro- viscoelastic response: Insight from molecular dynamics simulation
DOI: https://doi.org/10.1016/j.polymer.2020.122349",property,1099,Poly(butyl acrylate-co-glycidyl methacrylate),OPLS-AA,youngs_modulus,0.00334,"{""condition"": ""Copolymer with 11% GMA""}",https://doi.org/10.1016/j.polymer.2020.122349,Effect of adding epoxy groups to poly (butyl acrylate) on electro- viscoelastic response: Insight from molecular dynamics simulation,7d274152fbfd
"Polymer: Poly(butyl acrylate-co-glycidyl methacrylate)
Property: youngs_modulus = 0.0037
Additional Info: {""condition"": ""Copolymer with 22% GMA""}
Force Field: OPLS-AA
Source: Effect of adding epoxy groups to poly (butyl acrylate) on electro- viscoelastic response: Insight from molecular dynamics simulation
DOI: https://doi.org/10.1016/j.polymer.2020.122349",property,1100,Poly(butyl acrylate-co-glycidyl methacrylate),OPLS-AA,youngs_modulus,0.0037,"{""condition"": ""Copolymer with 22% GMA""}",https://doi.org/10.1016/j.polymer.2020.122349,Effect of adding epoxy groups to poly (butyl acrylate) on electro- viscoelastic response: Insight from molecular dynamics simulation,4cbca0ae0fa2
"Polymer: Poly(butyl acrylate-co-glycidyl methacrylate)
Property: youngs_modulus = 0.00452
Additional Info: {""condition"": ""Copolymer with 33% GMA""}
Force Field: OPLS-AA
Source: Effect of adding epoxy groups to poly (butyl acrylate) on electro- viscoelastic response: Insight from molecular dynamics simulation
DOI: https://doi.org/10.1016/j.polymer.2020.122349",property,1101,Poly(butyl acrylate-co-glycidyl methacrylate),OPLS-AA,youngs_modulus,0.00452,"{""condition"": ""Copolymer with 33% GMA""}",https://doi.org/10.1016/j.polymer.2020.122349,Effect of adding epoxy groups to poly (butyl acrylate) on electro- viscoelastic response: Insight from molecular dynamics simulation,a9a7bb02e808
"Polymer: cis-1,4-Polybutadiene
Property: glass_transition_temp = 154
Additional Info: {""condition"": ""Chain structure I""}
Force Field: united atom model
Source: Effect of chain structure on the glass transition temperature and viscoelastic property of cis‚Äê1,4‚Äêpolybutadiene via molecular simulation
DOI: https://doi.org/10.1002/polb.24342",property,1102,"cis-1,4-Polybutadiene",united atom model,glass_transition_temp,154,"{""condition"": ""Chain structure I""}",https://doi.org/10.1002/polb.24342,"Effect of chain structure on the glass transition temperature and viscoelastic property of cis‚Äê1,4‚Äêpolybutadiene via molecular simulation",3f7451a6a230
"Polymer: cis-1,4-Polybutadiene
Property: glass_transition_temp = 162
Additional Info: {""condition"": ""Chain structure II""}
Force Field: united atom model
Source: Effect of chain structure on the glass transition temperature and viscoelastic property of cis‚Äê1,4‚Äêpolybutadiene via molecular simulation
DOI: https://doi.org/10.1002/polb.24342",property,1103,"cis-1,4-Polybutadiene",united atom model,glass_transition_temp,162,"{""condition"": ""Chain structure II""}",https://doi.org/10.1002/polb.24342,"Effect of chain structure on the glass transition temperature and viscoelastic property of cis‚Äê1,4‚Äêpolybutadiene via molecular simulation",5a5f6d2a08c5
"Polymer: cis-1,4-Polybutadiene
Property: glass_transition_temp = 169
Additional Info: {""condition"": ""Chain structure III""}
Force Field: united atom model
Source: Effect of chain structure on the glass transition temperature and viscoelastic property of cis‚Äê1,4‚Äêpolybutadiene via molecular simulation
DOI: https://doi.org/10.1002/polb.24342",property,1104,"cis-1,4-Polybutadiene",united atom model,glass_transition_temp,169,"{""condition"": ""Chain structure III""}",https://doi.org/10.1002/polb.24342,"Effect of chain structure on the glass transition temperature and viscoelastic property of cis‚Äê1,4‚Äêpolybutadiene via molecular simulation",3f3d6047d94d
"Polymer: cis-1,4-Polybutadiene
Property: glass_transition_temp = 173
Additional Info: {""condition"": ""Chain structure IV""}
Force Field: united atom model
Source: Effect of chain structure on the glass transition temperature and viscoelastic property of cis‚Äê1,4‚Äêpolybutadiene via molecular simulation
DOI: https://doi.org/10.1002/polb.24342",property,1105,"cis-1,4-Polybutadiene",united atom model,glass_transition_temp,173,"{""condition"": ""Chain structure IV""}",https://doi.org/10.1002/polb.24342,"Effect of chain structure on the glass transition temperature and viscoelastic property of cis‚Äê1,4‚Äêpolybutadiene via molecular simulation",2af0b913dc5c
"Polymer: Polyethylene (linear)
Property: density = 0.7684
Additional Info: {""condition"": ""Linear""}
Force Field: TraPPE united atom model
Source: Effect of short-chain branching on interfacial polymer structure and dynamics under shear flow
DOI: https://doi.org/10.1039/c7sm01644a",property,1107,Polyethylene (linear),TraPPE united atom model,density,0.7684,"{""condition"": ""Linear""}",https://doi.org/10.1039/c7sm01644a,Effect of short-chain branching on interfacial polymer structure and dynamics under shear flow,a92bf22915b9
"Polymer: Polyethylene (short-chain branched)
Property: density = 0.7745
Additional Info: {""condition"": ""Short-chain branched (SCB)""}
Force Field: TraPPE united atom model
Source: Effect of short-chain branching on interfacial polymer structure and dynamics under shear flow
DOI: https://doi.org/10.1039/c7sm01644a",property,1108,Polyethylene (short-chain branched),TraPPE united atom model,density,0.7745,"{""condition"": ""Short-chain branched (SCB)""}",https://doi.org/10.1039/c7sm01644a,Effect of short-chain branching on interfacial polymer structure and dynamics under shear flow,a1e350c03f4d
"Polymer: Polyethylene (short branch with C10H22 melt)
Property: density = 0.62
Additional Info: {""condition"": ""Short branch C10H22 melt""}
Force Field: TraPPE united atom model
Source: Effect of short-chain branching on interfacial polymer structure and dynamics under shear flow
DOI: https://doi.org/10.1039/c7sm01644a",property,1109,Polyethylene (short branch with C10H22 melt),TraPPE united atom model,density,0.62,"{""condition"": ""Short branch C10H22 melt""}",https://doi.org/10.1039/c7sm01644a,Effect of short-chain branching on interfacial polymer structure and dynamics under shear flow,bf75a4122110
"Polymer: Polyvinyl Formal
Property: density = 1.202
Additional Info: {}
Force Field: COMPASS
Source: Effect of water in amorphous polyvinyl formal: insights from molecular dynamics simulation
DOI: https://doi.org/10.1007/s00894-014-2551-7",property,1110,Polyvinyl Formal,COMPASS,density,1.202,{},https://doi.org/10.1007/s00894-014-2551-7,Effect of water in amorphous polyvinyl formal: insights from molecular dynamics simulation,3b76d6d11561
"Polymer: Polyethylene Oxide with Lithium bis(trifluoromethanesulfonyl)imide
Property: glass_transition_temp = 304
Additional Info: {""condition"": ""PEO + LiTFSI salt""}
Force Field: GAFF
Source: Effects of Solvent Polarity on Li-ion Diffusion in Polymer Electrolytes: An All-Atom Molecular Dynamics Study with Charge Scaling
DOI: https://doi.org/10.1021/acs.jpcb.0c05108",property,1111,Polyethylene Oxide with Lithium bis(trifluoromethanesulfonyl)imide,GAFF,glass_transition_temp,304,"{""condition"": ""PEO + LiTFSI salt""}",https://doi.org/10.1021/acs.jpcb.0c05108,Effects of Solvent Polarity on Li-ion Diffusion in Polymer Electrolytes: An All-Atom Molecular Dynamics Study with Charge Scaling,2d0828ad4b53
"Polymer: Polyethylene Oxide with Lithium bis(trifluoromethanesulfonyl)imide
Property: glass_transition_temp = 317
Additional Info: {""condition"": ""PEO + LiTFSI salt""}
Force Field: GAFF
Source: Effects of Solvent Polarity on Li-ion Diffusion in Polymer Electrolytes: An All-Atom Molecular Dynamics Study with Charge Scaling
DOI: https://doi.org/10.1021/acs.jpcb.0c05108",property,1112,Polyethylene Oxide with Lithium bis(trifluoromethanesulfonyl)imide,GAFF,glass_transition_temp,317,"{""condition"": ""PEO + LiTFSI salt""}",https://doi.org/10.1021/acs.jpcb.0c05108,Effects of Solvent Polarity on Li-ion Diffusion in Polymer Electrolytes: An All-Atom Molecular Dynamics Study with Charge Scaling,39487df7f4e4
"Polymer: Polyethylene Oxide with Lithium bis(trifluoromethanesulfonyl)imide
Property: glass_transition_temp = 308
Additional Info: {""condition"": ""PEO + LiTFSI salt""}
Force Field: GAFF
Source: Effects of Solvent Polarity on Li-ion Diffusion in Polymer Electrolytes: An All-Atom Molecular Dynamics Study with Charge Scaling
DOI: https://doi.org/10.1021/acs.jpcb.0c05108",property,1113,Polyethylene Oxide with Lithium bis(trifluoromethanesulfonyl)imide,GAFF,glass_transition_temp,308,"{""condition"": ""PEO + LiTFSI salt""}",https://doi.org/10.1021/acs.jpcb.0c05108,Effects of Solvent Polarity on Li-ion Diffusion in Polymer Electrolytes: An All-Atom Molecular Dynamics Study with Charge Scaling,4907a4c9a4c0
"Polymer: Polyethylene Oxide with Lithium bis(trifluoromethanesulfonyl)imide
Property: glass_transition_temp = 295
Additional Info: {""condition"": ""PEO + LiTFSI salt""}
Force Field: GAFF
Source: Effects of Solvent Polarity on Li-ion Diffusion in Polymer Electrolytes: An All-Atom Molecular Dynamics Study with Charge Scaling
DOI: https://doi.org/10.1021/acs.jpcb.0c05108",property,1114,Polyethylene Oxide with Lithium bis(trifluoromethanesulfonyl)imide,GAFF,glass_transition_temp,295,"{""condition"": ""PEO + LiTFSI salt""}",https://doi.org/10.1021/acs.jpcb.0c05108,Effects of Solvent Polarity on Li-ion Diffusion in Polymer Electrolytes: An All-Atom Molecular Dynamics Study with Charge Scaling,1410325a50d7
"Polymer: Polyethylene Oxide with Lithium bis(trifluoromethanesulfonyl)imide
Property: glass_transition_temp = 283
Additional Info: {""condition"": ""PEO + LiTFSI salt""}
Force Field: GAFF
Source: Effects of Solvent Polarity on Li-ion Diffusion in Polymer Electrolytes: An All-Atom Molecular Dynamics Study with Charge Scaling
DOI: https://doi.org/10.1021/acs.jpcb.0c05108",property,1115,Polyethylene Oxide with Lithium bis(trifluoromethanesulfonyl)imide,GAFF,glass_transition_temp,283,"{""condition"": ""PEO + LiTFSI salt""}",https://doi.org/10.1021/acs.jpcb.0c05108,Effects of Solvent Polarity on Li-ion Diffusion in Polymer Electrolytes: An All-Atom Molecular Dynamics Study with Charge Scaling,c49b0652285b
"Polymer: Polyethylene Oxide with Lithium bis(trifluoromethanesulfonyl)imide
Property: glass_transition_temp = 310
Additional Info: {""condition"": ""PEO + LiTFSI salt""}
Force Field: GAFF
Source: Effects of Solvent Polarity on Li-ion Diffusion in Polymer Electrolytes: An All-Atom Molecular Dynamics Study with Charge Scaling
DOI: https://doi.org/10.1021/acs.jpcb.0c05108",property,1116,Polyethylene Oxide with Lithium bis(trifluoromethanesulfonyl)imide,GAFF,glass_transition_temp,310,"{""condition"": ""PEO + LiTFSI salt""}",https://doi.org/10.1021/acs.jpcb.0c05108,Effects of Solvent Polarity on Li-ion Diffusion in Polymer Electrolytes: An All-Atom Molecular Dynamics Study with Charge Scaling,2d460f778518
"Polymer: Polyethylene Oxide with Lithium bis(trifluoromethanesulfonyl)imide
Property: glass_transition_temp = 304
Additional Info: {""condition"": ""PEO + LiTFSI salt""}
Force Field: GAFF
Source: Effects of Solvent Polarity on Li-ion Diffusion in Polymer Electrolytes: An All-Atom Molecular Dynamics Study with Charge Scaling
DOI: https://doi.org/10.1021/acs.jpcb.0c05108",property,1117,Polyethylene Oxide with Lithium bis(trifluoromethanesulfonyl)imide,GAFF,glass_transition_temp,304,"{""condition"": ""PEO + LiTFSI salt""}",https://doi.org/10.1021/acs.jpcb.0c05108,Effects of Solvent Polarity on Li-ion Diffusion in Polymer Electrolytes: An All-Atom Molecular Dynamics Study with Charge Scaling,2d0828ad4b53
"Polymer: Polyethylene Oxide with Lithium bis(trifluoromethanesulfonyl)imide
Property: glass_transition_temp = 299
Additional Info: {""condition"": ""PEO + LiTFSI salt""}
Force Field: GAFF
Source: Effects of Solvent Polarity on Li-ion Diffusion in Polymer Electrolytes: An All-Atom Molecular Dynamics Study with Charge Scaling
DOI: https://doi.org/10.1021/acs.jpcb.0c05108",property,1118,Polyethylene Oxide with Lithium bis(trifluoromethanesulfonyl)imide,GAFF,glass_transition_temp,299,"{""condition"": ""PEO + LiTFSI salt""}",https://doi.org/10.1021/acs.jpcb.0c05108,Effects of Solvent Polarity on Li-ion Diffusion in Polymer Electrolytes: An All-Atom Molecular Dynamics Study with Charge Scaling,f4a531dd787f
"Polymer: Polyethylene Oxide with Lithium bis(trifluoromethanesulfonyl)imide
Property: glass_transition_temp = 294
Additional Info: {""condition"": ""PEO + LiTFSI salt""}
Force Field: GAFF
Source: Effects of Solvent Polarity on Li-ion Diffusion in Polymer Electrolytes: An All-Atom Molecular Dynamics Study with Charge Scaling
DOI: https://doi.org/10.1021/acs.jpcb.0c05108",property,1119,Polyethylene Oxide with Lithium bis(trifluoromethanesulfonyl)imide,GAFF,glass_transition_temp,294,"{""condition"": ""PEO + LiTFSI salt""}",https://doi.org/10.1021/acs.jpcb.0c05108,Effects of Solvent Polarity on Li-ion Diffusion in Polymer Electrolytes: An All-Atom Molecular Dynamics Study with Charge Scaling,de185c9b900d
"Polymer: Polyethylene Oxide with Lithium bis(trifluoromethanesulfonyl)imide
Property: glass_transition_temp = 284
Additional Info: {""condition"": ""PEO + LiTFSI salt""}
Force Field: GAFF
Source: Effects of Solvent Polarity on Li-ion Diffusion in Polymer Electrolytes: An All-Atom Molecular Dynamics Study with Charge Scaling
DOI: https://doi.org/10.1021/acs.jpcb.0c05108",property,1120,Polyethylene Oxide with Lithium bis(trifluoromethanesulfonyl)imide,GAFF,glass_transition_temp,284,"{""condition"": ""PEO + LiTFSI salt""}",https://doi.org/10.1021/acs.jpcb.0c05108,Effects of Solvent Polarity on Li-ion Diffusion in Polymer Electrolytes: An All-Atom Molecular Dynamics Study with Charge Scaling,d461b448e0af
"Polymer: Polyethylene Oxide with Lithium bis(trifluoromethanesulfonyl)imide
Property: glass_transition_temp = 277
Additional Info: {""condition"": ""PEO + LiTFSI salt""}
Force Field: GAFF
Source: Effects of Solvent Polarity on Li-ion Diffusion in Polymer Electrolytes: An All-Atom Molecular Dynamics Study with Charge Scaling
DOI: https://doi.org/10.1021/acs.jpcb.0c05108",property,1121,Polyethylene Oxide with Lithium bis(trifluoromethanesulfonyl)imide,GAFF,glass_transition_temp,277,"{""condition"": ""PEO + LiTFSI salt""}",https://doi.org/10.1021/acs.jpcb.0c05108,Effects of Solvent Polarity on Li-ion Diffusion in Polymer Electrolytes: An All-Atom Molecular Dynamics Study with Charge Scaling,f395e6156669
"Polymer: Polyethylene Oxide with Lithium bis(trifluoromethanesulfonyl)imide
Property: glass_transition_temp = 269
Additional Info: {""condition"": ""PEO + LiTFSI salt""}
Force Field: GAFF
Source: Effects of Solvent Polarity on Li-ion Diffusion in Polymer Electrolytes: An All-Atom Molecular Dynamics Study with Charge Scaling
DOI: https://doi.org/10.1021/acs.jpcb.0c05108",property,1122,Polyethylene Oxide with Lithium bis(trifluoromethanesulfonyl)imide,GAFF,glass_transition_temp,269,"{""condition"": ""PEO + LiTFSI salt""}",https://doi.org/10.1021/acs.jpcb.0c05108,Effects of Solvent Polarity on Li-ion Diffusion in Polymer Electrolytes: An All-Atom Molecular Dynamics Study with Charge Scaling,a394507002c2
"Polymer: Polyethylene Oxide
Property: glass_transition_temp = 302
Additional Info: {""condition"": ""Neat PEO""}
Force Field: GAFF
Source: Effects of Solvent Polarity on Li-ion Diffusion in Polymer Electrolytes: An All-Atom Molecular Dynamics Study with Charge Scaling
DOI: https://doi.org/10.1021/acs.jpcb.0c05108",property,1123,Polyethylene Oxide,GAFF,glass_transition_temp,302,"{""condition"": ""Neat PEO""}",https://doi.org/10.1021/acs.jpcb.0c05108,Effects of Solvent Polarity on Li-ion Diffusion in Polymer Electrolytes: An All-Atom Molecular Dynamics Study with Charge Scaling,318e1354f9c4
"Polymer: Polyethylene Oxide
Property: glass_transition_temp = 286
Additional Info: {""condition"": ""Neat PEO""}
Force Field: GAFF
Source: Effects of Solvent Polarity on Li-ion Diffusion in Polymer Electrolytes: An All-Atom Molecular Dynamics Study with Charge Scaling
DOI: https://doi.org/10.1021/acs.jpcb.0c05108",property,1124,Polyethylene Oxide,GAFF,glass_transition_temp,286,"{""condition"": ""Neat PEO""}",https://doi.org/10.1021/acs.jpcb.0c05108,Effects of Solvent Polarity on Li-ion Diffusion in Polymer Electrolytes: An All-Atom Molecular Dynamics Study with Charge Scaling,2caed9a13608
"Polymer: Polyethylene Oxide
Property: glass_transition_temp = 280
Additional Info: {""condition"": ""Neat PEO""}
Force Field: GAFF
Source: Effects of Solvent Polarity on Li-ion Diffusion in Polymer Electrolytes: An All-Atom Molecular Dynamics Study with Charge Scaling
DOI: https://doi.org/10.1021/acs.jpcb.0c05108",property,1125,Polyethylene Oxide,GAFF,glass_transition_temp,280,"{""condition"": ""Neat PEO""}",https://doi.org/10.1021/acs.jpcb.0c05108,Effects of Solvent Polarity on Li-ion Diffusion in Polymer Electrolytes: An All-Atom Molecular Dynamics Study with Charge Scaling,24d9a0ae948b
"Polymer: Polyethylene Oxide
Property: glass_transition_temp = 272
Additional Info: {""condition"": ""Neat PEO""}
Force Field: GAFF
Source: Effects of Solvent Polarity on Li-ion Diffusion in Polymer Electrolytes: An All-Atom Molecular Dynamics Study with Charge Scaling
DOI: https://doi.org/10.1021/acs.jpcb.0c05108",property,1126,Polyethylene Oxide,GAFF,glass_transition_temp,272,"{""condition"": ""Neat PEO""}",https://doi.org/10.1021/acs.jpcb.0c05108,Effects of Solvent Polarity on Li-ion Diffusion in Polymer Electrolytes: An All-Atom Molecular Dynamics Study with Charge Scaling,c3ee3266d716
"Polymer: Poly(3'-hexylthiophene)
Property: density = 1.24
Additional Info: {}
Force Field: DREIDING
Source: Effects of intra/inter-molecular potential parameters, length and grafting density of side-chains on the self-assembling behavior of poly(3‚Ä≤-alkylthiophene)s in the ordered state
DOI: https://doi.org/10.1016/j.polymer.2015.09.028",property,1127,Poly(3'-hexylthiophene),DREIDING,density,1.24,{},https://doi.org/10.1016/j.polymer.2015.09.028,"Effects of intra/inter-molecular potential parameters, length and grafting density of side-chains on the self-assembling behavior of poly(3‚Ä≤-alkylthiophene)s in the ordered state",7ba695b08ae5
"Polymer: Poly(3'-dodecylthiophene)
Property: density = 1.16
Additional Info: {}
Force Field: DREIDING
Source: Effects of intra/inter-molecular potential parameters, length and grafting density of side-chains on the self-assembling behavior of poly(3‚Ä≤-alkylthiophene)s in the ordered state
DOI: https://doi.org/10.1016/j.polymer.2015.09.028",property,1128,Poly(3'-dodecylthiophene),DREIDING,density,1.16,{},https://doi.org/10.1016/j.polymer.2015.09.028,"Effects of intra/inter-molecular potential parameters, length and grafting density of side-chains on the self-assembling behavior of poly(3‚Ä≤-alkylthiophene)s in the ordered state",1c9e05aa4f2a
"Polymer: Polystyrene
Property: density = 0.94936
Additional Info: {""condition"": ""Degree of polymerization N=10""}
Force Field: IBI-derived CG model with MD-SCF
Source: Fast relaxation of coarse-grained models of polymer interphases by hybrid particle-field molecular dynamics: Polystyrene-silica nanocomposites as an example
DOI: https://doi.org/10.1140/epjst/e2016-60127-0",property,1136,Polystyrene,IBI-derived CG model with MD-SCF,density,0.94936,"{""condition"": ""Degree of polymerization N=10""}",https://doi.org/10.1140/epjst/e2016-60127-0,Fast relaxation of coarse-grained models of polymer interphases by hybrid particle-field molecular dynamics: Polystyrene-silica nanocomposites as an example,19e15d288db5
"Polymer: Polystyrene
Property: glass_transition_temp = 170
Additional Info: {""condition"": ""Degree of polymerization N=10""}
Force Field: IBI-derived CG model with MD-SCF
Source: Fast relaxation of coarse-grained models of polymer interphases by hybrid particle-field molecular dynamics: Polystyrene-silica nanocomposites as an example
DOI: https://doi.org/10.1140/epjst/e2016-60127-0",property,1137,Polystyrene,IBI-derived CG model with MD-SCF,glass_transition_temp,170,"{""condition"": ""Degree of polymerization N=10""}",https://doi.org/10.1140/epjst/e2016-60127-0,Fast relaxation of coarse-grained models of polymer interphases by hybrid particle-field molecular dynamics: Polystyrene-silica nanocomposites as an example,6fe4bbb49e8d
"Polymer: Polystyrene
Property: radius_gyration = 0.63
Additional Info: {""condition"": ""Degree of polymerization N=10""}
Force Field: IBI-derived CG model with MD-SCF
Source: Fast relaxation of coarse-grained models of polymer interphases by hybrid particle-field molecular dynamics: Polystyrene-silica nanocomposites as an example
DOI: https://doi.org/10.1140/epjst/e2016-60127-0",property,1138,Polystyrene,IBI-derived CG model with MD-SCF,radius_gyration,0.63,"{""condition"": ""Degree of polymerization N=10""}",https://doi.org/10.1140/epjst/e2016-60127-0,Fast relaxation of coarse-grained models of polymer interphases by hybrid particle-field molecular dynamics: Polystyrene-silica nanocomposites as an example,99724f9a042f
"Polymer: Polystyrene
Property: density = 0.945
Additional Info: {""condition"": ""Degree of polymerization N=200""}
Force Field: IBI-derived CG model with MD-SCF
Source: Fast relaxation of coarse-grained models of polymer interphases by hybrid particle-field molecular dynamics: Polystyrene-silica nanocomposites as an example
DOI: https://doi.org/10.1140/epjst/e2016-60127-0",property,1139,Polystyrene,IBI-derived CG model with MD-SCF,density,0.945,"{""condition"": ""Degree of polymerization N=200""}",https://doi.org/10.1140/epjst/e2016-60127-0,Fast relaxation of coarse-grained models of polymer interphases by hybrid particle-field molecular dynamics: Polystyrene-silica nanocomposites as an example,d90608cd4319
"Polymer: Polystyrene
Property: diffusion_coefficient = 1.18e-11
Additional Info: {""condition"": ""Degree of polymerization N=200""}
Force Field: IBI-derived CG model with MD-SCF
Source: Fast relaxation of coarse-grained models of polymer interphases by hybrid particle-field molecular dynamics: Polystyrene-silica nanocomposites as an example
DOI: https://doi.org/10.1140/epjst/e2016-60127-0",property,1140,Polystyrene,IBI-derived CG model with MD-SCF,diffusion_coefficient,1.18e-11,"{""condition"": ""Degree of polymerization N=200""}",https://doi.org/10.1140/epjst/e2016-60127-0,Fast relaxation of coarse-grained models of polymer interphases by hybrid particle-field molecular dynamics: Polystyrene-silica nanocomposites as an example,1b578c8bf665
"Polymer: Polystyrene
Property: glass_transition_temp = 170
Additional Info: {""condition"": ""Degree of polymerization N=200""}
Force Field: IBI-derived CG model with MD-SCF
Source: Fast relaxation of coarse-grained models of polymer interphases by hybrid particle-field molecular dynamics: Polystyrene-silica nanocomposites as an example
DOI: https://doi.org/10.1140/epjst/e2016-60127-0",property,1141,Polystyrene,IBI-derived CG model with MD-SCF,glass_transition_temp,170,"{""condition"": ""Degree of polymerization N=200""}",https://doi.org/10.1140/epjst/e2016-60127-0,Fast relaxation of coarse-grained models of polymer interphases by hybrid particle-field molecular dynamics: Polystyrene-silica nanocomposites as an example,b58708d4fbc6
"Polymer: Polystyrene
Property: radius_gyration = 2.4
Additional Info: {""condition"": ""Degree of polymerization N=200""}
Force Field: IBI-derived CG model with MD-SCF
Source: Fast relaxation of coarse-grained models of polymer interphases by hybrid particle-field molecular dynamics: Polystyrene-silica nanocomposites as an example
DOI: https://doi.org/10.1140/epjst/e2016-60127-0",property,1142,Polystyrene,IBI-derived CG model with MD-SCF,radius_gyration,2.4,"{""condition"": ""Degree of polymerization N=200""}",https://doi.org/10.1140/epjst/e2016-60127-0,Fast relaxation of coarse-grained models of polymer interphases by hybrid particle-field molecular dynamics: Polystyrene-silica nanocomposites as an example,1b9c0d70ad0e
"Polymer: Polystyrene
Property: density = 0.97464
Additional Info: {""condition"": ""Degree of polymerization N=600""}
Force Field: IBI-derived CG model with MD-SCF
Source: Fast relaxation of coarse-grained models of polymer interphases by hybrid particle-field molecular dynamics: Polystyrene-silica nanocomposites as an example
DOI: https://doi.org/10.1140/epjst/e2016-60127-0",property,1143,Polystyrene,IBI-derived CG model with MD-SCF,density,0.97464,"{""condition"": ""Degree of polymerization N=600""}",https://doi.org/10.1140/epjst/e2016-60127-0,Fast relaxation of coarse-grained models of polymer interphases by hybrid particle-field molecular dynamics: Polystyrene-silica nanocomposites as an example,4d8da06f0048
"Polymer: Polystyrene
Property: diffusion_coefficient = 6e-11
Additional Info: {""condition"": ""Degree of polymerization N=600""}
Force Field: IBI-derived CG model with MD-SCF
Source: Fast relaxation of coarse-grained models of polymer interphases by hybrid particle-field molecular dynamics: Polystyrene-silica nanocomposites as an example
DOI: https://doi.org/10.1140/epjst/e2016-60127-0",property,1144,Polystyrene,IBI-derived CG model with MD-SCF,diffusion_coefficient,6e-11,"{""condition"": ""Degree of polymerization N=600""}",https://doi.org/10.1140/epjst/e2016-60127-0,Fast relaxation of coarse-grained models of polymer interphases by hybrid particle-field molecular dynamics: Polystyrene-silica nanocomposites as an example,097459578f40
"Polymer: Polystyrene
Property: glass_transition_temp = 170
Additional Info: {""condition"": ""Degree of polymerization N=600""}
Force Field: IBI-derived CG model with MD-SCF
Source: Fast relaxation of coarse-grained models of polymer interphases by hybrid particle-field molecular dynamics: Polystyrene-silica nanocomposites as an example
DOI: https://doi.org/10.1140/epjst/e2016-60127-0",property,1145,Polystyrene,IBI-derived CG model with MD-SCF,glass_transition_temp,170,"{""condition"": ""Degree of polymerization N=600""}",https://doi.org/10.1140/epjst/e2016-60127-0,Fast relaxation of coarse-grained models of polymer interphases by hybrid particle-field molecular dynamics: Polystyrene-silica nanocomposites as an example,5d79ac69c412
"Polymer: Polystyrene
Property: radius_gyration = 5.7
Additional Info: {""condition"": ""Degree of polymerization N=600""}
Force Field: IBI-derived CG model with MD-SCF
Source: Fast relaxation of coarse-grained models of polymer interphases by hybrid particle-field molecular dynamics: Polystyrene-silica nanocomposites as an example
DOI: https://doi.org/10.1140/epjst/e2016-60127-0",property,1146,Polystyrene,IBI-derived CG model with MD-SCF,radius_gyration,5.7,"{""condition"": ""Degree of polymerization N=600""}",https://doi.org/10.1140/epjst/e2016-60127-0,Fast relaxation of coarse-grained models of polymer interphases by hybrid particle-field molecular dynamics: Polystyrene-silica nanocomposites as an example,f3465fc11dba
"Polymer: Polystyrene
Property: density = 0.97464
Additional Info: {""condition"": ""Degree of polymerization N=2400""}
Force Field: IBI-derived CG model with MD-SCF
Source: Fast relaxation of coarse-grained models of polymer interphases by hybrid particle-field molecular dynamics: Polystyrene-silica nanocomposites as an example
DOI: https://doi.org/10.1140/epjst/e2016-60127-0",property,1147,Polystyrene,IBI-derived CG model with MD-SCF,density,0.97464,"{""condition"": ""Degree of polymerization N=2400""}",https://doi.org/10.1140/epjst/e2016-60127-0,Fast relaxation of coarse-grained models of polymer interphases by hybrid particle-field molecular dynamics: Polystyrene-silica nanocomposites as an example,4fdab3d204d2
"Polymer: Polystyrene
Property: glass_transition_temp = 170
Additional Info: {""condition"": ""Degree of polymerization N=2400""}
Force Field: IBI-derived CG model with MD-SCF
Source: Fast relaxation of coarse-grained models of polymer interphases by hybrid particle-field molecular dynamics: Polystyrene-silica nanocomposites as an example
DOI: https://doi.org/10.1140/epjst/e2016-60127-0",property,1148,Polystyrene,IBI-derived CG model with MD-SCF,glass_transition_temp,170,"{""condition"": ""Degree of polymerization N=2400""}",https://doi.org/10.1140/epjst/e2016-60127-0,Fast relaxation of coarse-grained models of polymer interphases by hybrid particle-field molecular dynamics: Polystyrene-silica nanocomposites as an example,354c1b9d76cf
"Polymer: Polystyrene Nanocomposite with Nanoparticle
Property: density = 0.97811
Additional Info: {""condition"": ""Nanocomposite with NP, chain length N=200""}
Force Field: IBI-derived CG model with MD-SCF
Source: Fast relaxation of coarse-grained models of polymer interphases by hybrid particle-field molecular dynamics: Polystyrene-silica nanocomposites as an example
DOI: https://doi.org/10.1140/epjst/e2016-60127-0",property,1149,Polystyrene Nanocomposite with Nanoparticle,IBI-derived CG model with MD-SCF,density,0.97811,"{""condition"": ""Nanocomposite with NP, chain length N=200""}",https://doi.org/10.1140/epjst/e2016-60127-0,Fast relaxation of coarse-grained models of polymer interphases by hybrid particle-field molecular dynamics: Polystyrene-silica nanocomposites as an example,ee4f4ec6793e
"Polymer: Polystyrene Nanocomposite with Nanoparticle
Property: diffusion_coefficient = 7e-11
Additional Info: {""condition"": ""Nanocomposite with NP, chain length N=200""}
Force Field: IBI-derived CG model with MD-SCF
Source: Fast relaxation of coarse-grained models of polymer interphases by hybrid particle-field molecular dynamics: Polystyrene-silica nanocomposites as an example
DOI: https://doi.org/10.1140/epjst/e2016-60127-0",property,1150,Polystyrene Nanocomposite with Nanoparticle,IBI-derived CG model with MD-SCF,diffusion_coefficient,7e-11,"{""condition"": ""Nanocomposite with NP, chain length N=200""}",https://doi.org/10.1140/epjst/e2016-60127-0,Fast relaxation of coarse-grained models of polymer interphases by hybrid particle-field molecular dynamics: Polystyrene-silica nanocomposites as an example,083c07c33dc3
"Polymer: Polystyrene Nanocomposite with Nanoparticle
Property: glass_transition_temp = 170
Additional Info: {""condition"": ""Nanocomposite with NP, chain length N=200""}
Force Field: IBI-derived CG model with MD-SCF
Source: Fast relaxation of coarse-grained models of polymer interphases by hybrid particle-field molecular dynamics: Polystyrene-silica nanocomposites as an example
DOI: https://doi.org/10.1140/epjst/e2016-60127-0",property,1151,Polystyrene Nanocomposite with Nanoparticle,IBI-derived CG model with MD-SCF,glass_transition_temp,170,"{""condition"": ""Nanocomposite with NP, chain length N=200""}",https://doi.org/10.1140/epjst/e2016-60127-0,Fast relaxation of coarse-grained models of polymer interphases by hybrid particle-field molecular dynamics: Polystyrene-silica nanocomposites as an example,6564e80fa860
"Polymer: Polystyrene Nanocomposite with Nanoparticle
Property: radius_gyration = 3.2
Additional Info: {""condition"": ""Nanocomposite with NP, chain length N=200""}
Force Field: IBI-derived CG model with MD-SCF
Source: Fast relaxation of coarse-grained models of polymer interphases by hybrid particle-field molecular dynamics: Polystyrene-silica nanocomposites as an example
DOI: https://doi.org/10.1140/epjst/e2016-60127-0",property,1152,Polystyrene Nanocomposite with Nanoparticle,IBI-derived CG model with MD-SCF,radius_gyration,3.2,"{""condition"": ""Nanocomposite with NP, chain length N=200""}",https://doi.org/10.1140/epjst/e2016-60127-0,Fast relaxation of coarse-grained models of polymer interphases by hybrid particle-field molecular dynamics: Polystyrene-silica nanocomposites as an example,3e3d457eff47
"Polymer: Polystyrene Nanocomposite with Nanoparticle
Property: density = 0.94515
Additional Info: {""condition"": ""Nanocomposite with NP, chain length N=600""}
Force Field: IBI-derived CG model with MD-SCF
Source: Fast relaxation of coarse-grained models of polymer interphases by hybrid particle-field molecular dynamics: Polystyrene-silica nanocomposites as an example
DOI: https://doi.org/10.1140/epjst/e2016-60127-0",property,1153,Polystyrene Nanocomposite with Nanoparticle,IBI-derived CG model with MD-SCF,density,0.94515,"{""condition"": ""Nanocomposite with NP, chain length N=600""}",https://doi.org/10.1140/epjst/e2016-60127-0,Fast relaxation of coarse-grained models of polymer interphases by hybrid particle-field molecular dynamics: Polystyrene-silica nanocomposites as an example,fccb01df40cf
"Polymer: Polystyrene Nanocomposite with Nanoparticle
Property: diffusion_coefficient = 1.7e-11
Additional Info: {""condition"": ""Nanocomposite with NP, chain length N=600""}
Force Field: IBI-derived CG model with MD-SCF
Source: Fast relaxation of coarse-grained models of polymer interphases by hybrid particle-field molecular dynamics: Polystyrene-silica nanocomposites as an example
DOI: https://doi.org/10.1140/epjst/e2016-60127-0",property,1154,Polystyrene Nanocomposite with Nanoparticle,IBI-derived CG model with MD-SCF,diffusion_coefficient,1.7e-11,"{""condition"": ""Nanocomposite with NP, chain length N=600""}",https://doi.org/10.1140/epjst/e2016-60127-0,Fast relaxation of coarse-grained models of polymer interphases by hybrid particle-field molecular dynamics: Polystyrene-silica nanocomposites as an example,20bf6ca68f4c
"Polymer: Polystyrene Nanocomposite with Nanoparticle
Property: glass_transition_temp = 170
Additional Info: {""condition"": ""Nanocomposite with NP, chain length N=600""}
Force Field: IBI-derived CG model with MD-SCF
Source: Fast relaxation of coarse-grained models of polymer interphases by hybrid particle-field molecular dynamics: Polystyrene-silica nanocomposites as an example
DOI: https://doi.org/10.1140/epjst/e2016-60127-0",property,1155,Polystyrene Nanocomposite with Nanoparticle,IBI-derived CG model with MD-SCF,glass_transition_temp,170,"{""condition"": ""Nanocomposite with NP, chain length N=600""}",https://doi.org/10.1140/epjst/e2016-60127-0,Fast relaxation of coarse-grained models of polymer interphases by hybrid particle-field molecular dynamics: Polystyrene-silica nanocomposites as an example,7814b373cb5f
"Polymer: Polystyrene Nanocomposite with Nanoparticle
Property: density = 0.94515
Additional Info: {""condition"": ""Nanocomposite with NP, chain length N=2400""}
Force Field: IBI-derived CG model with MD-SCF
Source: Fast relaxation of coarse-grained models of polymer interphases by hybrid particle-field molecular dynamics: Polystyrene-silica nanocomposites as an example
DOI: https://doi.org/10.1140/epjst/e2016-60127-0",property,1156,Polystyrene Nanocomposite with Nanoparticle,IBI-derived CG model with MD-SCF,density,0.94515,"{""condition"": ""Nanocomposite with NP, chain length N=2400""}",https://doi.org/10.1140/epjst/e2016-60127-0,Fast relaxation of coarse-grained models of polymer interphases by hybrid particle-field molecular dynamics: Polystyrene-silica nanocomposites as an example,0c98be33bca1
"Polymer: Polystyrene Nanocomposite with Nanoparticle
Property: diffusion_coefficient = 7e-12
Additional Info: {""condition"": ""Nanocomposite with NP, chain length N=2400""}
Force Field: IBI-derived CG model with MD-SCF
Source: Fast relaxation of coarse-grained models of polymer interphases by hybrid particle-field molecular dynamics: Polystyrene-silica nanocomposites as an example
DOI: https://doi.org/10.1140/epjst/e2016-60127-0",property,1157,Polystyrene Nanocomposite with Nanoparticle,IBI-derived CG model with MD-SCF,diffusion_coefficient,7e-12,"{""condition"": ""Nanocomposite with NP, chain length N=2400""}",https://doi.org/10.1140/epjst/e2016-60127-0,Fast relaxation of coarse-grained models of polymer interphases by hybrid particle-field molecular dynamics: Polystyrene-silica nanocomposites as an example,4f171fa3e004
"Polymer: Polystyrene Nanocomposite with Nanoparticle
Property: glass_transition_temp = 170
Additional Info: {""condition"": ""Nanocomposite with NP, chain length N=2400""}
Force Field: IBI-derived CG model with MD-SCF
Source: Fast relaxation of coarse-grained models of polymer interphases by hybrid particle-field molecular dynamics: Polystyrene-silica nanocomposites as an example
DOI: https://doi.org/10.1140/epjst/e2016-60127-0",property,1158,Polystyrene Nanocomposite with Nanoparticle,IBI-derived CG model with MD-SCF,glass_transition_temp,170,"{""condition"": ""Nanocomposite with NP, chain length N=2400""}",https://doi.org/10.1140/epjst/e2016-60127-0,Fast relaxation of coarse-grained models of polymer interphases by hybrid particle-field molecular dynamics: Polystyrene-silica nanocomposites as an example,799be855c22c
"Polymer: cis-1,4-Polybutadiene
Property: density = 0.894
Additional Info: {""condition"": ""Cross-linked""}
Force Field: PCFF
Source: Filler reinforcement in cross-linked elastomer nanocomposites: insights from fully atomistic molecular dynamics simulation
DOI: https://doi.org/10.1039/c6sm00543h",property,1159,"cis-1,4-Polybutadiene",PCFF,density,0.894,"{""condition"": ""Cross-linked""}",https://doi.org/10.1039/c6sm00543h,Filler reinforcement in cross-linked elastomer nanocomposites: insights from fully atomistic molecular dynamics simulation,aef63df96c8c
"Polymer: cis-1,4-Polybutadiene
Property: glass_transition_temp = 200
Additional Info: {""condition"": ""Cross-linked""}
Force Field: PCFF
Source: Filler reinforcement in cross-linked elastomer nanocomposites: insights from fully atomistic molecular dynamics simulation
DOI: https://doi.org/10.1039/c6sm00543h",property,1160,"cis-1,4-Polybutadiene",PCFF,glass_transition_temp,200,"{""condition"": ""Cross-linked""}",https://doi.org/10.1039/c6sm00543h,Filler reinforcement in cross-linked elastomer nanocomposites: insights from fully atomistic molecular dynamics simulation,7b90d0f689af
"Polymer: cis-1,4-Polybutadiene
Property: density = 0.984
Additional Info: {""condition"": ""Silica-filled, Cross-linked""}
Force Field: PCFF
Source: Filler reinforcement in cross-linked elastomer nanocomposites: insights from fully atomistic molecular dynamics simulation
DOI: https://doi.org/10.1039/c6sm00543h",property,1161,"cis-1,4-Polybutadiene",PCFF,density,0.984,"{""condition"": ""Silica-filled, Cross-linked""}",https://doi.org/10.1039/c6sm00543h,Filler reinforcement in cross-linked elastomer nanocomposites: insights from fully atomistic molecular dynamics simulation,7e104f59f08c
"Polymer: cis-1,4-Polybutadiene
Property: glass_transition_temp = 210
Additional Info: {""condition"": ""Silica-filled, Cross-linked""}
Force Field: PCFF
Source: Filler reinforcement in cross-linked elastomer nanocomposites: insights from fully atomistic molecular dynamics simulation
DOI: https://doi.org/10.1039/c6sm00543h",property,1162,"cis-1,4-Polybutadiene",PCFF,glass_transition_temp,210,"{""condition"": ""Silica-filled, Cross-linked""}",https://doi.org/10.1039/c6sm00543h,Filler reinforcement in cross-linked elastomer nanocomposites: insights from fully atomistic molecular dynamics simulation,0922c4aae010
"Polymer: cis-1,4-Polybutadiene
Property: youngs_modulus = 0.0019
Additional Info: {""condition"": ""Cross-linked, Lower Bound Value""}
Force Field: PCFF
Source: Filler reinforcement in cross-linked elastomer nanocomposites: insights from fully atomistic molecular dynamics simulation
DOI: https://doi.org/10.1039/c6sm00543h",property,1163,"cis-1,4-Polybutadiene",PCFF,youngs_modulus,0.0019,"{""condition"": ""Cross-linked, Lower Bound Value""}",https://doi.org/10.1039/c6sm00543h,Filler reinforcement in cross-linked elastomer nanocomposites: insights from fully atomistic molecular dynamics simulation,24ce43a3df9f
"Polymer: cis-1,4-Polybutadiene
Property: youngs_modulus = 0.0049
Additional Info: {""condition"": ""Silica-filled, Cross-linked, Lower bound value""}
Force Field: PCFF
Source: Filler reinforcement in cross-linked elastomer nanocomposites: insights from fully atomistic molecular dynamics simulation
DOI: https://doi.org/10.1039/c6sm00543h",property,1164,"cis-1,4-Polybutadiene",PCFF,youngs_modulus,0.0049,"{""condition"": ""Silica-filled, Cross-linked, Lower bound value""}",https://doi.org/10.1039/c6sm00543h,Filler reinforcement in cross-linked elastomer nanocomposites: insights from fully atomistic molecular dynamics simulation,530d12db8659
"Polymer: Polymethyl Methacrylate
Property: density = 1.156
Additional Info: {""condition"": ""1% initiator ratio""}
Force Field: Combined PCFF-TraPPE (UA)
Source: Free radical polymerization simulation and molecular entanglement effect on large deformation behavior
DOI: https://doi.org/10.1016/j.eurpolymj.2019.02.042",property,1171,Polymethyl Methacrylate,Combined PCFF-TraPPE (UA),density,1.156,"{""condition"": ""1% initiator ratio""}",https://doi.org/10.1016/j.eurpolymj.2019.02.042,Free radical polymerization simulation and molecular entanglement effect on large deformation behavior,8c7dc0fd9cd1
"Polymer: Polymethyl Methacrylate
Property: glass_transition_temp = 413
Additional Info: {""condition"": ""1% initiator ratio""}
Force Field: Combined PCFF-TraPPE (UA)
Source: Free radical polymerization simulation and molecular entanglement effect on large deformation behavior
DOI: https://doi.org/10.1016/j.eurpolymj.2019.02.042",property,1172,Polymethyl Methacrylate,Combined PCFF-TraPPE (UA),glass_transition_temp,413,"{""condition"": ""1% initiator ratio""}",https://doi.org/10.1016/j.eurpolymj.2019.02.042,Free radical polymerization simulation and molecular entanglement effect on large deformation behavior,eaac8cbf087c
"Polymer: Polymethyl Methacrylate
Property: glass_transition_temp = 408
Additional Info: {""condition"": ""5% initiator ratio""}
Force Field: Combined PCFF-TraPPE (UA)
Source: Free radical polymerization simulation and molecular entanglement effect on large deformation behavior
DOI: https://doi.org/10.1016/j.eurpolymj.2019.02.042",property,1173,Polymethyl Methacrylate,Combined PCFF-TraPPE (UA),glass_transition_temp,408,"{""condition"": ""5% initiator ratio""}",https://doi.org/10.1016/j.eurpolymj.2019.02.042,Free radical polymerization simulation and molecular entanglement effect on large deformation behavior,68bdbc913a3e
"Polymer: Polymethyl Methacrylate
Property: radius_gyration = 0.5 to 14
Additional Info: {""condition"": ""1% initiator ratio""}
Force Field: Combined PCFF-TraPPE (UA)
Source: Free radical polymerization simulation and molecular entanglement effect on large deformation behavior
DOI: https://doi.org/10.1016/j.eurpolymj.2019.02.042",property,1174,Polymethyl Methacrylate,Combined PCFF-TraPPE (UA),radius_gyration,0.5 to 14,"{""condition"": ""1% initiator ratio""}",https://doi.org/10.1016/j.eurpolymj.2019.02.042,Free radical polymerization simulation and molecular entanglement effect on large deformation behavior,936e88c10b7e
"Polymer: 2,2-bistrifluoromethyl-4,5-difluoro-1,3-dioxole-co-tetrafluoroethylene (PDD-TFE) copolymers
Property: density = 1.98
Additional Info: {""condition"": ""PT-27 composition""}
Force Field: COMPASS
Source: Free volume characteristics of 2,2‚Äêbistrifluoromethyl‚Äê4,5‚Äêdifluoro‚Äê1,3‚Äêdioxole‚Äêco‚Äêtetrafluoroethylene copolymers: Effect of composition and molecular weight
DOI: https://doi.org/10.1002/pol.20200834",property,1176,"2,2-bistrifluoromethyl-4,5-difluoro-1,3-dioxole-co-tetrafluoroethylene (PDD-TFE) copolymers",COMPASS,density,1.98,"{""condition"": ""PT-27 composition""}",https://doi.org/10.1002/pol.20200834,"Free volume characteristics of 2,2‚Äêbistrifluoromethyl‚Äê4,5‚Äêdifluoro‚Äê1,3‚Äêdioxole‚Äêco‚Äêtetrafluoroethylene copolymers: Effect of composition and molecular weight",020d43e6efa9
"Polymer: 2,2-bistrifluoromethyl-4,5-difluoro-1,3-dioxole-co-tetrafluoroethylene (PDD-TFE) copolymers
Property: density = 1.94
Additional Info: {""condition"": ""PT-35 composition""}
Force Field: COMPASS
Source: Free volume characteristics of 2,2‚Äêbistrifluoromethyl‚Äê4,5‚Äêdifluoro‚Äê1,3‚Äêdioxole‚Äêco‚Äêtetrafluoroethylene copolymers: Effect of composition and molecular weight
DOI: https://doi.org/10.1002/pol.20200834",property,1177,"2,2-bistrifluoromethyl-4,5-difluoro-1,3-dioxole-co-tetrafluoroethylene (PDD-TFE) copolymers",COMPASS,density,1.94,"{""condition"": ""PT-35 composition""}",https://doi.org/10.1002/pol.20200834,"Free volume characteristics of 2,2‚Äêbistrifluoromethyl‚Äê4,5‚Äêdifluoro‚Äê1,3‚Äêdioxole‚Äêco‚Äêtetrafluoroethylene copolymers: Effect of composition and molecular weight",71afda8aea94
"Polymer: 2,2-bistrifluoromethyl-4,5-difluoro-1,3-dioxole-co-tetrafluoroethylene (PDD-TFE) copolymers
Property: density = 1.92
Additional Info: {""condition"": ""PT-72 composition""}
Force Field: COMPASS
Source: Free volume characteristics of 2,2‚Äêbistrifluoromethyl‚Äê4,5‚Äêdifluoro‚Äê1,3‚Äêdioxole‚Äêco‚Äêtetrafluoroethylene copolymers: Effect of composition and molecular weight
DOI: https://doi.org/10.1002/pol.20200834",property,1178,"2,2-bistrifluoromethyl-4,5-difluoro-1,3-dioxole-co-tetrafluoroethylene (PDD-TFE) copolymers",COMPASS,density,1.92,"{""condition"": ""PT-72 composition""}",https://doi.org/10.1002/pol.20200834,"Free volume characteristics of 2,2‚Äêbistrifluoromethyl‚Äê4,5‚Äêdifluoro‚Äê1,3‚Äêdioxole‚Äêco‚Äêtetrafluoroethylene copolymers: Effect of composition and molecular weight",b182a9ed5ff2
"Polymer: 2,2-bistrifluoromethyl-4,5-difluoro-1,3-dioxole-co-tetrafluoroethylene (PDD-TFE) copolymers
Property: density = 1.9
Additional Info: {""condition"": ""PT-84 composition""}
Force Field: COMPASS
Source: Free volume characteristics of 2,2‚Äêbistrifluoromethyl‚Äê4,5‚Äêdifluoro‚Äê1,3‚Äêdioxole‚Äêco‚Äêtetrafluoroethylene copolymers: Effect of composition and molecular weight
DOI: https://doi.org/10.1002/pol.20200834",property,1179,"2,2-bistrifluoromethyl-4,5-difluoro-1,3-dioxole-co-tetrafluoroethylene (PDD-TFE) copolymers",COMPASS,density,1.9,"{""condition"": ""PT-84 composition""}",https://doi.org/10.1002/pol.20200834,"Free volume characteristics of 2,2‚Äêbistrifluoromethyl‚Äê4,5‚Äêdifluoro‚Äê1,3‚Äêdioxole‚Äêco‚Äêtetrafluoroethylene copolymers: Effect of composition and molecular weight",066686b3d3e2
"Polymer: cis-1,4-Polybutadiene
Property: density = 0.894
Additional Info: {}
Force Field: PCFF
Source: Fully atomistic molecular dynamics simulation of nanosilica-filled crosslinked polybutadiene
DOI: https://doi.org/10.1016/j.cplett.2016.04.061",property,1180,"cis-1,4-Polybutadiene",PCFF,density,0.894,{},https://doi.org/10.1016/j.cplett.2016.04.061,Fully atomistic molecular dynamics simulation of nanosilica-filled crosslinked polybutadiene,8db60db18d71
"Polymer: cis-1,4-Polybutadiene
Property: glass_transition_temp = 200
Additional Info: {}
Force Field: PCFF
Source: Fully atomistic molecular dynamics simulation of nanosilica-filled crosslinked polybutadiene
DOI: https://doi.org/10.1016/j.cplett.2016.04.061",property,1181,"cis-1,4-Polybutadiene",PCFF,glass_transition_temp,200,{},https://doi.org/10.1016/j.cplett.2016.04.061,Fully atomistic molecular dynamics simulation of nanosilica-filled crosslinked polybutadiene,730c5f0ddf2a
"Polymer: cis-1,4-Polybutadiene
Property: youngs_modulus = 0.0019
Additional Info: {""condition"":""unfilled""}
Force Field: PCFF
Source: Fully atomistic molecular dynamics simulation of nanosilica-filled crosslinked polybutadiene
DOI: https://doi.org/10.1016/j.cplett.2016.04.061",property,1182,"cis-1,4-Polybutadiene",PCFF,youngs_modulus,0.0019,"{""condition"":""unfilled""}",https://doi.org/10.1016/j.cplett.2016.04.061,Fully atomistic molecular dynamics simulation of nanosilica-filled crosslinked polybutadiene,75962db1411e
"Polymer: cis-1,4-Polybutadiene
Property: density = 0.984
Additional Info: {""condition"": ""Nanosilica-filled""}
Force Field: PCFF
Source: Fully atomistic molecular dynamics simulation of nanosilica-filled crosslinked polybutadiene
DOI: https://doi.org/10.1016/j.cplett.2016.04.061",property,1183,"cis-1,4-Polybutadiene",PCFF,density,0.984,"{""condition"": ""Nanosilica-filled""}",https://doi.org/10.1016/j.cplett.2016.04.061,Fully atomistic molecular dynamics simulation of nanosilica-filled crosslinked polybutadiene,dcbb95e107ce
"Polymer: cis-1,4-Polybutadiene
Property: glass_transition_temp = 210
Additional Info: {""condition"": ""Nanosilica-filled""}
Force Field: PCFF
Source: Fully atomistic molecular dynamics simulation of nanosilica-filled crosslinked polybutadiene
DOI: https://doi.org/10.1016/j.cplett.2016.04.061",property,1184,"cis-1,4-Polybutadiene",PCFF,glass_transition_temp,210,"{""condition"": ""Nanosilica-filled""}",https://doi.org/10.1016/j.cplett.2016.04.061,Fully atomistic molecular dynamics simulation of nanosilica-filled crosslinked polybutadiene,68e63a8cce12
"Polymer: cis-1,4-Polybutadiene
Property: youngs_modulus = 0.0049
Additional Info: {""condition"": ""Nanosilica-filled""}
Force Field: PCFF
Source: Fully atomistic molecular dynamics simulation of nanosilica-filled crosslinked polybutadiene
DOI: https://doi.org/10.1016/j.cplett.2016.04.061",property,1185,"cis-1,4-Polybutadiene",PCFF,youngs_modulus,0.0049,"{""condition"": ""Nanosilica-filled""}",https://doi.org/10.1016/j.cplett.2016.04.061,Fully atomistic molecular dynamics simulation of nanosilica-filled crosslinked polybutadiene,d8b27596b5bd
"Polymer: Polymethyl methacrylate
Property: radius_gyration = 10.4
Additional Info: {}
Force Field: Not explicitly specified (force field from Refs. 64-65)
Source: Generation of Well-Relaxed All-Atom Models of Large Molecular Weight Polymer Melts: A Hybrid Particle-Continuum Approach Based on Particle-Field Molecular Dynamics Simulations
DOI: https://doi.org/10.1021/ct500492h",property,1186,Polymethyl methacrylate,Not explicitly specified (force field from Refs. 64-65),radius_gyration,10.4,{},https://doi.org/10.1021/ct500492h,Generation of Well-Relaxed All-Atom Models of Large Molecular Weight Polymer Melts: A Hybrid Particle-Continuum Approach Based on Particle-Field Molecular Dynamics Simulations,3d78439c6f4f
"Polymer: Polyethylene (H-shaped)
Property: diffusion_coefficient = 5.5e-11
Additional Info: {""condition"": ""Backbone C48, Arm C24""}
Force Field: united-atom model with Lennard-Jones potentials (TraPPE and Nath-Khare parameters)
Source: Hierarchical Modeling of the Dynamics of Polymers with a Nonlinear Molecular Architecture: Calculation of Branch Point Friction and Chain Reptation Time of H-Shaped Polyethylene Melts from Long Molecu
DOI: https://doi.org/10.1021/ma050989f",property,1193,Polyethylene (H-shaped),united-atom model with Lennard-Jones potentials (TraPPE and Nath-Khare parameters),diffusion_coefficient,5.5e-11,"{""condition"": ""Backbone C48, Arm C24""}",https://doi.org/10.1021/ma050989f,Hierarchical Modeling of the Dynamics of Polymers with a Nonlinear Molecular Architecture: Calculation of Branch Point Friction and Chain Reptation Time of H-Shaped Polyethylene Melts from Long Molecu,bd339401bff2
"Polymer: Polyethylene (H-shaped)
Property: diffusion_coefficient = 4.7e-11
Additional Info: {""condition"": ""Backbone C78, Arm C24""}
Force Field: united-atom model with Lennard-Jones potentials (TraPPE and Nath-Khare parameters)
Source: Hierarchical Modeling of the Dynamics of Polymers with a Nonlinear Molecular Architecture: Calculation of Branch Point Friction and Chain Reptation Time of H-Shaped Polyethylene Melts from Long Molecu
DOI: https://doi.org/10.1021/ma050989f",property,1194,Polyethylene (H-shaped),united-atom model with Lennard-Jones potentials (TraPPE and Nath-Khare parameters),diffusion_coefficient,4.7e-11,"{""condition"": ""Backbone C78, Arm C24""}",https://doi.org/10.1021/ma050989f,Hierarchical Modeling of the Dynamics of Polymers with a Nonlinear Molecular Architecture: Calculation of Branch Point Friction and Chain Reptation Time of H-Shaped Polyethylene Melts from Long Molecu,42704eb3534b
"Polymer: Polyethylene (H-shaped)
Property: diffusion_coefficient = 1.5e-11
Additional Info: {""condition"": ""Backbone C78, Arm C48""}
Force Field: united-atom model with Lennard-Jones potentials (TraPPE and Nath-Khare parameters)
Source: Hierarchical Modeling of the Dynamics of Polymers with a Nonlinear Molecular Architecture: Calculation of Branch Point Friction and Chain Reptation Time of H-Shaped Polyethylene Melts from Long Molecu
DOI: https://doi.org/10.1021/ma050989f",property,1195,Polyethylene (H-shaped),united-atom model with Lennard-Jones potentials (TraPPE and Nath-Khare parameters),diffusion_coefficient,1.5e-11,"{""condition"": ""Backbone C78, Arm C48""}",https://doi.org/10.1021/ma050989f,Hierarchical Modeling of the Dynamics of Polymers with a Nonlinear Molecular Architecture: Calculation of Branch Point Friction and Chain Reptation Time of H-Shaped Polyethylene Melts from Long Molecu,7132f9893412
"Polymer: Polyethylene (H-shaped)
Property: diffusion_coefficient = 3.1e-11
Additional Info: {""condition"": ""Backbone C128, Arm C24""}
Force Field: united-atom model with Lennard-Jones potentials (TraPPE and Nath-Khare parameters)
Source: Hierarchical Modeling of the Dynamics of Polymers with a Nonlinear Molecular Architecture: Calculation of Branch Point Friction and Chain Reptation Time of H-Shaped Polyethylene Melts from Long Molecu
DOI: https://doi.org/10.1021/ma050989f",property,1196,Polyethylene (H-shaped),united-atom model with Lennard-Jones potentials (TraPPE and Nath-Khare parameters),diffusion_coefficient,3.1e-11,"{""condition"": ""Backbone C128, Arm C24""}",https://doi.org/10.1021/ma050989f,Hierarchical Modeling of the Dynamics of Polymers with a Nonlinear Molecular Architecture: Calculation of Branch Point Friction and Chain Reptation Time of H-Shaped Polyethylene Melts from Long Molecu,75071af8d08d
"Polymer: Polyethylene (H-shaped)
Property: diffusion_coefficient = 1.4e-11
Additional Info: {""condition"": ""Backbone C128, Arm C48""}
Force Field: united-atom model with Lennard-Jones potentials (TraPPE and Nath-Khare parameters)
Source: Hierarchical Modeling of the Dynamics of Polymers with a Nonlinear Molecular Architecture: Calculation of Branch Point Friction and Chain Reptation Time of H-Shaped Polyethylene Melts from Long Molecu
DOI: https://doi.org/10.1021/ma050989f",property,1197,Polyethylene (H-shaped),united-atom model with Lennard-Jones potentials (TraPPE and Nath-Khare parameters),diffusion_coefficient,1.4e-11,"{""condition"": ""Backbone C128, Arm C48""}",https://doi.org/10.1021/ma050989f,Hierarchical Modeling of the Dynamics of Polymers with a Nonlinear Molecular Architecture: Calculation of Branch Point Friction and Chain Reptation Time of H-Shaped Polyethylene Melts from Long Molecu,96afc698a41f
"Polymer: Polyethylene (H-shaped)
Property: diffusion_coefficient = 4.9e-12
Additional Info: {""condition"": ""Backbone C300, Arm C50""}
Force Field: united-atom model with Lennard-Jones potentials (TraPPE and Nath-Khare parameters)
Source: Hierarchical Modeling of the Dynamics of Polymers with a Nonlinear Molecular Architecture: Calculation of Branch Point Friction and Chain Reptation Time of H-Shaped Polyethylene Melts from Long Molecu
DOI: https://doi.org/10.1021/ma050989f",property,1198,Polyethylene (H-shaped),united-atom model with Lennard-Jones potentials (TraPPE and Nath-Khare parameters),diffusion_coefficient,4.9e-12,"{""condition"": ""Backbone C300, Arm C50""}",https://doi.org/10.1021/ma050989f,Hierarchical Modeling of the Dynamics of Polymers with a Nonlinear Molecular Architecture: Calculation of Branch Point Friction and Chain Reptation Time of H-Shaped Polyethylene Melts from Long Molecu,6b5a5b426b3d
"Polymer: Polyimide from PMDA and BIA
Property: density = 1.29
Additional Info: {""condition"": ""Membrane (simulation model)""}
Force Field: COMPASS
Source: Hierarchical multiscale analysis of polyimide films by molecular dynamics simulation: Investigation of thermo-mechanical properties
DOI: https://doi.org/10.1016/j.polymer.2019.121645",property,1199,Polyimide from PMDA and BIA,COMPASS,density,1.29,"{""condition"": ""Membrane (simulation model)""}",https://doi.org/10.1016/j.polymer.2019.121645,Hierarchical multiscale analysis of polyimide films by molecular dynamics simulation: Investigation of thermo-mechanical properties,11d46c91713e
"Polymer: Polyimide from PMDA and BIA
Property: glass_transition_temp = 754
Additional Info: {""condition"": ""Membrane (simulation model)""}
Force Field: COMPASS
Source: Hierarchical multiscale analysis of polyimide films by molecular dynamics simulation: Investigation of thermo-mechanical properties
DOI: https://doi.org/10.1016/j.polymer.2019.121645",property,1200,Polyimide from PMDA and BIA,COMPASS,glass_transition_temp,754,"{""condition"": ""Membrane (simulation model)""}",https://doi.org/10.1016/j.polymer.2019.121645,Hierarchical multiscale analysis of polyimide films by molecular dynamics simulation: Investigation of thermo-mechanical properties,3820df4b401e
"Polymer: Polyimide from PMDA and BIA
Property: radius_gyration = 3.93
Additional Info: {""condition"": ""Membrane (simulation model)""}
Force Field: COMPASS
Source: Hierarchical multiscale analysis of polyimide films by molecular dynamics simulation: Investigation of thermo-mechanical properties
DOI: https://doi.org/10.1016/j.polymer.2019.121645",property,1201,Polyimide from PMDA and BIA,COMPASS,radius_gyration,3.93,"{""condition"": ""Membrane (simulation model)""}",https://doi.org/10.1016/j.polymer.2019.121645,Hierarchical multiscale analysis of polyimide films by molecular dynamics simulation: Investigation of thermo-mechanical properties,8741289d1687
"Polymer: Polyimide from PMDA and BIA
Property: youngs_modulus = 5.37
Additional Info: {""condition"": ""Membrane (simulation model)""}
Force Field: COMPASS
Source: Hierarchical multiscale analysis of polyimide films by molecular dynamics simulation: Investigation of thermo-mechanical properties
DOI: https://doi.org/10.1016/j.polymer.2019.121645",property,1202,Polyimide from PMDA and BIA,COMPASS,youngs_modulus,5.37,"{""condition"": ""Membrane (simulation model)""}",https://doi.org/10.1016/j.polymer.2019.121645,Hierarchical multiscale analysis of polyimide films by molecular dynamics simulation: Investigation of thermo-mechanical properties,58e2b88a6086
"Polymer: Polyimide from PMDA and PDA
Property: density = 1.32
Additional Info: {""condition"": ""Membrane (simulation model)""}
Force Field: COMPASS
Source: Hierarchical multiscale analysis of polyimide films by molecular dynamics simulation: Investigation of thermo-mechanical properties
DOI: https://doi.org/10.1016/j.polymer.2019.121645",property,1203,Polyimide from PMDA and PDA,COMPASS,density,1.32,"{""condition"": ""Membrane (simulation model)""}",https://doi.org/10.1016/j.polymer.2019.121645,Hierarchical multiscale analysis of polyimide films by molecular dynamics simulation: Investigation of thermo-mechanical properties,2ee15a52fd51
"Polymer: Polyimide from PMDA and PDA
Property: glass_transition_temp = 734
Additional Info: {""condition"": ""Membrane (simulation model)""}
Force Field: COMPASS
Source: Hierarchical multiscale analysis of polyimide films by molecular dynamics simulation: Investigation of thermo-mechanical properties
DOI: https://doi.org/10.1016/j.polymer.2019.121645",property,1204,Polyimide from PMDA and PDA,COMPASS,glass_transition_temp,734,"{""condition"": ""Membrane (simulation model)""}",https://doi.org/10.1016/j.polymer.2019.121645,Hierarchical multiscale analysis of polyimide films by molecular dynamics simulation: Investigation of thermo-mechanical properties,55c708a236b6
"Polymer: Polyimide from PMDA and PDA
Property: radius_gyration = 3.62
Additional Info: {""condition"": ""Membrane (simulation model)""}
Force Field: COMPASS
Source: Hierarchical multiscale analysis of polyimide films by molecular dynamics simulation: Investigation of thermo-mechanical properties
DOI: https://doi.org/10.1016/j.polymer.2019.121645",property,1205,Polyimide from PMDA and PDA,COMPASS,radius_gyration,3.62,"{""condition"": ""Membrane (simulation model)""}",https://doi.org/10.1016/j.polymer.2019.121645,Hierarchical multiscale analysis of polyimide films by molecular dynamics simulation: Investigation of thermo-mechanical properties,6eba003d1e51
"Polymer: Polyimide from PMDA and PDA
Property: youngs_modulus = 4.99
Additional Info: {""condition"": ""Membrane (simulation model)""}
Force Field: COMPASS
Source: Hierarchical multiscale analysis of polyimide films by molecular dynamics simulation: Investigation of thermo-mechanical properties
DOI: https://doi.org/10.1016/j.polymer.2019.121645",property,1206,Polyimide from PMDA and PDA,COMPASS,youngs_modulus,4.99,"{""condition"": ""Membrane (simulation model)""}",https://doi.org/10.1016/j.polymer.2019.121645,Hierarchical multiscale analysis of polyimide films by molecular dynamics simulation: Investigation of thermo-mechanical properties,8d51d04abcf7
"Polymer: Polyimide from PMDA and ODA
Property: density = 1.33
Additional Info: {""condition"": ""Membrane (simulation model)""}
Force Field: COMPASS
Source: Hierarchical multiscale analysis of polyimide films by molecular dynamics simulation: Investigation of thermo-mechanical properties
DOI: https://doi.org/10.1016/j.polymer.2019.121645",property,1207,Polyimide from PMDA and ODA,COMPASS,density,1.33,"{""condition"": ""Membrane (simulation model)""}",https://doi.org/10.1016/j.polymer.2019.121645,Hierarchical multiscale analysis of polyimide films by molecular dynamics simulation: Investigation of thermo-mechanical properties,7db88b3e09f6
"Polymer: Polyimide from PMDA and ODA
Property: glass_transition_temp = 650
Additional Info: {""condition"": ""Membrane (simulation model)""}
Force Field: COMPASS
Source: Hierarchical multiscale analysis of polyimide films by molecular dynamics simulation: Investigation of thermo-mechanical properties
DOI: https://doi.org/10.1016/j.polymer.2019.121645",property,1208,Polyimide from PMDA and ODA,COMPASS,glass_transition_temp,650,"{""condition"": ""Membrane (simulation model)""}",https://doi.org/10.1016/j.polymer.2019.121645,Hierarchical multiscale analysis of polyimide films by molecular dynamics simulation: Investigation of thermo-mechanical properties,a20f0d49352c
"Polymer: Polyimide from PMDA and ODA
Property: radius_gyration = 2.87
Additional Info: {""condition"": ""Membrane (simulation model)""}
Force Field: COMPASS
Source: Hierarchical multiscale analysis of polyimide films by molecular dynamics simulation: Investigation of thermo-mechanical properties
DOI: https://doi.org/10.1016/j.polymer.2019.121645",property,1209,Polyimide from PMDA and ODA,COMPASS,radius_gyration,2.87,"{""condition"": ""Membrane (simulation model)""}",https://doi.org/10.1016/j.polymer.2019.121645,Hierarchical multiscale analysis of polyimide films by molecular dynamics simulation: Investigation of thermo-mechanical properties,ae80051091fb
"Polymer: Polyimide from PMDA and ODA
Property: youngs_modulus = 2.87
Additional Info: {""condition"": ""Membrane (simulation model)""}
Force Field: COMPASS
Source: Hierarchical multiscale analysis of polyimide films by molecular dynamics simulation: Investigation of thermo-mechanical properties
DOI: https://doi.org/10.1016/j.polymer.2019.121645",property,1210,Polyimide from PMDA and ODA,COMPASS,youngs_modulus,2.87,"{""condition"": ""Membrane (simulation model)""}",https://doi.org/10.1016/j.polymer.2019.121645,Hierarchical multiscale analysis of polyimide films by molecular dynamics simulation: Investigation of thermo-mechanical properties,705996d01a3e
"Polymer: Polyimide from BPDA and BIA
Property: density = 1.26
Additional Info: {""condition"": ""Membrane (simulation model)""}
Force Field: COMPASS
Source: Hierarchical multiscale analysis of polyimide films by molecular dynamics simulation: Investigation of thermo-mechanical properties
DOI: https://doi.org/10.1016/j.polymer.2019.121645",property,1211,Polyimide from BPDA and BIA,COMPASS,density,1.26,"{""condition"": ""Membrane (simulation model)""}",https://doi.org/10.1016/j.polymer.2019.121645,Hierarchical multiscale analysis of polyimide films by molecular dynamics simulation: Investigation of thermo-mechanical properties,89c279e3cf01
"Polymer: Polyimide from BPDA and BIA
Property: glass_transition_temp = 643
Additional Info: {""condition"": ""Membrane (simulation model)""}
Force Field: COMPASS
Source: Hierarchical multiscale analysis of polyimide films by molecular dynamics simulation: Investigation of thermo-mechanical properties
DOI: https://doi.org/10.1016/j.polymer.2019.121645",property,1212,Polyimide from BPDA and BIA,COMPASS,glass_transition_temp,643,"{""condition"": ""Membrane (simulation model)""}",https://doi.org/10.1016/j.polymer.2019.121645,Hierarchical multiscale analysis of polyimide films by molecular dynamics simulation: Investigation of thermo-mechanical properties,9856ed21d88c
"Polymer: Polyimide from BPDA and BIA
Property: radius_gyration = 2.49
Additional Info: {""condition"": ""Membrane (simulation model)""}
Force Field: COMPASS
Source: Hierarchical multiscale analysis of polyimide films by molecular dynamics simulation: Investigation of thermo-mechanical properties
DOI: https://doi.org/10.1016/j.polymer.2019.121645",property,1213,Polyimide from BPDA and BIA,COMPASS,radius_gyration,2.49,"{""condition"": ""Membrane (simulation model)""}",https://doi.org/10.1016/j.polymer.2019.121645,Hierarchical multiscale analysis of polyimide films by molecular dynamics simulation: Investigation of thermo-mechanical properties,625bc933bf47
"Polymer: Polyimide from BPDA and BIA
Property: youngs_modulus = 4.53
Additional Info: {""condition"": ""Membrane (simulation model)""}
Force Field: COMPASS
Source: Hierarchical multiscale analysis of polyimide films by molecular dynamics simulation: Investigation of thermo-mechanical properties
DOI: https://doi.org/10.1016/j.polymer.2019.121645",property,1214,Polyimide from BPDA and BIA,COMPASS,youngs_modulus,4.53,"{""condition"": ""Membrane (simulation model)""}",https://doi.org/10.1016/j.polymer.2019.121645,Hierarchical multiscale analysis of polyimide films by molecular dynamics simulation: Investigation of thermo-mechanical properties,89a473ebc945
"Polymer: Polyimide from BPDA and PDA
Property: density = 1.31
Additional Info: {""condition"": ""Membrane (simulation model)""}
Force Field: COMPASS
Source: Hierarchical multiscale analysis of polyimide films by molecular dynamics simulation: Investigation of thermo-mechanical properties
DOI: https://doi.org/10.1016/j.polymer.2019.121645",property,1215,Polyimide from BPDA and PDA,COMPASS,density,1.31,"{""condition"": ""Membrane (simulation model)""}",https://doi.org/10.1016/j.polymer.2019.121645,Hierarchical multiscale analysis of polyimide films by molecular dynamics simulation: Investigation of thermo-mechanical properties,49272b895364
"Polymer: Polyimide from BPDA and PDA
Property: glass_transition_temp = 634
Additional Info: {""condition"": ""Membrane (simulation model)""}
Force Field: COMPASS
Source: Hierarchical multiscale analysis of polyimide films by molecular dynamics simulation: Investigation of thermo-mechanical properties
DOI: https://doi.org/10.1016/j.polymer.2019.121645",property,1216,Polyimide from BPDA and PDA,COMPASS,glass_transition_temp,634,"{""condition"": ""Membrane (simulation model)""}",https://doi.org/10.1016/j.polymer.2019.121645,Hierarchical multiscale analysis of polyimide films by molecular dynamics simulation: Investigation of thermo-mechanical properties,ff7a8168254d
"Polymer: Polyimide from BPDA and PDA
Property: youngs_modulus = 4.22
Additional Info: {""condition"": ""Membrane (simulation model)""}
Force Field: COMPASS
Source: Hierarchical multiscale analysis of polyimide films by molecular dynamics simulation: Investigation of thermo-mechanical properties
DOI: https://doi.org/10.1016/j.polymer.2019.121645",property,1218,Polyimide from BPDA and PDA,COMPASS,youngs_modulus,4.22,"{""condition"": ""Membrane (simulation model)""}",https://doi.org/10.1016/j.polymer.2019.121645,Hierarchical multiscale analysis of polyimide films by molecular dynamics simulation: Investigation of thermo-mechanical properties,af110ee22c76
"Polymer: Polyimide from BPDA and ODA
Property: density = 1.28
Additional Info: {""condition"": ""Membrane (simulation model)""}
Force Field: COMPASS
Source: Hierarchical multiscale analysis of polyimide films by molecular dynamics simulation: Investigation of thermo-mechanical properties
DOI: https://doi.org/10.1016/j.polymer.2019.121645",property,1219,Polyimide from BPDA and ODA,COMPASS,density,1.28,"{""condition"": ""Membrane (simulation model)""}",https://doi.org/10.1016/j.polymer.2019.121645,Hierarchical multiscale analysis of polyimide films by molecular dynamics simulation: Investigation of thermo-mechanical properties,7d36796f4bb5
"Polymer: Polyimide from BPDA and ODA
Property: glass_transition_temp = 556
Additional Info: {""condition"": ""Membrane (simulation model)""}
Force Field: COMPASS
Source: Hierarchical multiscale analysis of polyimide films by molecular dynamics simulation: Investigation of thermo-mechanical properties
DOI: https://doi.org/10.1016/j.polymer.2019.121645",property,1220,Polyimide from BPDA and ODA,COMPASS,glass_transition_temp,556,"{""condition"": ""Membrane (simulation model)""}",https://doi.org/10.1016/j.polymer.2019.121645,Hierarchical multiscale analysis of polyimide films by molecular dynamics simulation: Investigation of thermo-mechanical properties,cb7be84b88b0
"Polymer: Polyimide from BPDA and ODA
Property: radius_gyration = 2.57
Additional Info: {""condition"": ""Membrane (simulation model)""}
Force Field: COMPASS
Source: Hierarchical multiscale analysis of polyimide films by molecular dynamics simulation: Investigation of thermo-mechanical properties
DOI: https://doi.org/10.1016/j.polymer.2019.121645",property,1221,Polyimide from BPDA and ODA,COMPASS,radius_gyration,2.57,"{""condition"": ""Membrane (simulation model)""}",https://doi.org/10.1016/j.polymer.2019.121645,Hierarchical multiscale analysis of polyimide films by molecular dynamics simulation: Investigation of thermo-mechanical properties,1c4d7ca6b944
"Polymer: Polyimide from BPDA and ODA
Property: youngs_modulus = 2.54
Additional Info: {""condition"": ""Membrane (simulation model)""}
Force Field: COMPASS
Source: Hierarchical multiscale analysis of polyimide films by molecular dynamics simulation: Investigation of thermo-mechanical properties
DOI: https://doi.org/10.1016/j.polymer.2019.121645",property,1222,Polyimide from BPDA and ODA,COMPASS,youngs_modulus,2.54,"{""condition"": ""Membrane (simulation model)""}",https://doi.org/10.1016/j.polymer.2019.121645,Hierarchical multiscale analysis of polyimide films by molecular dynamics simulation: Investigation of thermo-mechanical properties,04eae5317d0b
"Polymer: Polyoxyoctamethylene
Property: glass_transition_temp = 238
Additional Info: {}
Force Field: OPLS3e
Source: High-Throughput Molecular Dynamics Simulations and Validation of Thermophysical Properties of Polymers for Various Applications
DOI: https://doi.org/10.1021/acsapm.0c00524",property,1223,Polyoxyoctamethylene,OPLS3e,glass_transition_temp,238,{},https://doi.org/10.1021/acsapm.0c00524,High-Throughput Molecular Dynamics Simulations and Validation of Thermophysical Properties of Polymers for Various Applications,72acf9c644b5
"Polymer: Poly(methyl methacrylate)
Property: glass_transition_temp = 389
Additional Info: {}
Force Field: coarse-grained model
Source: How Does Monomer Structure Affect the Interfacial Dynamics of Supported Ultrathin Polymer Films?
DOI: https://doi.org/10.1021/acs.macromol.0c01413",property,1224,Poly(methyl methacrylate),coarse-grained model,glass_transition_temp,389,{},https://doi.org/10.1021/acs.macromol.0c01413,How Does Monomer Structure Affect the Interfacial Dynamics of Supported Ultrathin Polymer Films?,251e1740de93
"Polymer: Poly(ethylene oxide)
Property: glass_transition_temp = 270
Additional Info: {}
Force Field: coarse-grained model
Source: How Does Monomer Structure Affect the Interfacial Dynamics of Supported Ultrathin Polymer Films?
DOI: https://doi.org/10.1021/acs.macromol.0c01413",property,1225,Poly(ethylene oxide),coarse-grained model,glass_transition_temp,270,{},https://doi.org/10.1021/acs.macromol.0c01413,How Does Monomer Structure Affect the Interfacial Dynamics of Supported Ultrathin Polymer Films?,1711d60ab0e5
"Polymer: Polyamide-6,6
Property: density = 0.99
Additional Info: {""condition"": ""100-mer chains, CG simulation at 400 K, graphene surface + vacuum""}
Force Field: Coarse-grained (CG) model with potentials from iterative Boltzmann inversion
Source: How Thick is the Interphase in an Ultrathin Polymer Film? Coarse-Grained Molecular Dynamics Simulations of Polyamide-6,6 on Graphene
DOI: https://doi.org/10.1021/jp400142h",property,1226,"Polyamide-6,6",Coarse-grained (CG) model with potentials from iterative Boltzmann inversion,density,0.99,"{""condition"": ""100-mer chains, CG simulation at 400 K, graphene surface + vacuum""}",https://doi.org/10.1021/jp400142h,"How Thick is the Interphase in an Ultrathin Polymer Film? Coarse-Grained Molecular Dynamics Simulations of Polyamide-6,6 on Graphene",2ef63825272e
"Polymer: Polyamide-6,6
Property: radius_gyration = 6.1
Additional Info: {""condition"": ""100-mer chains, CG simulation at 400 K, graphene surface + vacuum""}
Force Field: Coarse-grained (CG) model with potentials from iterative Boltzmann inversion
Source: How Thick is the Interphase in an Ultrathin Polymer Film? Coarse-Grained Molecular Dynamics Simulations of Polyamide-6,6 on Graphene
DOI: https://doi.org/10.1021/jp400142h",property,1227,"Polyamide-6,6",Coarse-grained (CG) model with potentials from iterative Boltzmann inversion,radius_gyration,6.1,"{""condition"": ""100-mer chains, CG simulation at 400 K, graphene surface + vacuum""}",https://doi.org/10.1021/jp400142h,"How Thick is the Interphase in an Ultrathin Polymer Film? Coarse-Grained Molecular Dynamics Simulations of Polyamide-6,6 on Graphene",7c2fd714f779
"Polymer: Polyvinyl Alcohol
Property: density = 1.305
Additional Info: {}
Force Field: MARTINI
Source: How to predict diffusion of medium-sized molecules in polymer matrices. From atomistic to coarse grain simulations
DOI: https://doi.org/10.1007/s00894-010-0687-7",property,1228,Polyvinyl Alcohol,MARTINI,density,1.305,{},https://doi.org/10.1007/s00894-010-0687-7,How to predict diffusion of medium-sized molecules in polymer matrices. From atomistic to coarse grain simulations,8b052f8ea6e3
"Polymer: Polyvinyl Alcohol with Benzene
Property: diffusion_coefficient = 0.043*
Additional Info: {""condition"": ""Mixture with Benzene""}
Force Field: Hybrid molecular dynamics / multi-particle collision dynamics (MD/MPCD)
Source: Hybrid molecular dynamics simulations of living filaments
DOI: https://doi.org/10.1063/1.3694672",property,1229,Polyvinyl Alcohol with Benzene,Hybrid molecular dynamics / multi-particle collision dynamics (MD/MPCD),diffusion_coefficient,0.043*,"{""condition"": ""Mixture with Benzene""}",https://doi.org/10.1063/1.3694672,Hybrid molecular dynamics simulations of living filaments,5412686eb24a
"Polymer: Polystyrene (PS)
Property: diffusion_coefficient = 2.44e-12
Additional Info: {""condition"":""PS near/with silica nanoparticles""}
Force Field: Coarse-grained MD (IBI potentials)
Source: Influence of Surface Grafted Polymers on the Polymer Dynamics in a Silica_Polystyrene Nanocomposite_ A Coarse-Grained Molecular Dynamics Investigation
DOI: https://doi.org/10.1021/jp407109r",property,323,Polystyrene (PS),Coarse-grained MD (IBI potentials),diffusion_coefficient,2.44e-12,"{""condition"":""PS near/with silica nanoparticles""}",https://doi.org/10.1021/jp407109r,Influence of Surface Grafted Polymers on the Polymer Dynamics in a Silica_Polystyrene Nanocomposite_ A Coarse-Grained Molecular Dynamics Investigation,059f327f166d
"Polymer: Polystyrene (PS)
Property: diffusion_coefficient = 2.25e-12
Additional Info: {""condition"":""silica–PS nanocomposite""}
Force Field: Coarse-grained MD (IBI potentials)
Source: Influence of Surface Grafted Polymers on the Polymer Dynamics in a Silica_Polystyrene Nanocomposite_ A Coarse-Grained Molecular Dynamics Investigation
DOI: https://doi.org/10.1021/jp407109r",property,326,Polystyrene (PS),Coarse-grained MD (IBI potentials),diffusion_coefficient,2.25e-12,"{""condition"":""silica–PS nanocomposite""}",https://doi.org/10.1021/jp407109r,Influence of Surface Grafted Polymers on the Polymer Dynamics in a Silica_Polystyrene Nanocomposite_ A Coarse-Grained Molecular Dynamics Investigation,0b2ae08f0e0d
"Polymer: Polystyrene (PS)
Property: radius_gyration = 2.38
Additional Info: {""condition"":""low grafting density""}
Force Field: Coarse-grained MD (IBI potentials)
Source: Influence of Surface Grafted Polymers on the Polymer Dynamics in a Silica_Polystyrene Nanocomposite_ A Coarse-Grained Molecular Dynamics Investigation
DOI: https://doi.org/10.1021/jp407109r",property,327,Polystyrene (PS),Coarse-grained MD (IBI potentials),radius_gyration,2.38,"{""condition"":""low grafting density""}",https://doi.org/10.1021/jp407109r,Influence of Surface Grafted Polymers on the Polymer Dynamics in a Silica_Polystyrene Nanocomposite_ A Coarse-Grained Molecular Dynamics Investigation,26088b66486e
"Polymer: Polystyrene (PS)
Property: diffusion_coefficient = 1.03e-12
Additional Info: {""condition"":""40-mer free chains + bare NP""}
Force Field: Coarse-grained MD (IBI potentials)
Source: Influence of Surface Grafted Polymers on the Polymer Dynamics in a Silica_Polystyrene Nanocomposite_ A Coarse-Grained Molecular Dynamics Investigation
DOI: https://doi.org/10.1021/jp407109r",property,329,Polystyrene (PS),Coarse-grained MD (IBI potentials),diffusion_coefficient,1.03e-12,"{""condition"":""40-mer free chains + bare NP""}",https://doi.org/10.1021/jp407109r,Influence of Surface Grafted Polymers on the Polymer Dynamics in a Silica_Polystyrene Nanocomposite_ A Coarse-Grained Molecular Dynamics Investigation,d75c45f43b00
"Polymer: Polystyrene (PS)
Property: radius_gyration = 1.01
Additional Info: {}
Force Field: Coarse-grained MD (IBI potentials)
Source: Influence of Surface Grafted Polymers on the Polymer Dynamics in a Silica_Polystyrene Nanocomposite_ A Coarse-Grained Molecular Dynamics Investigation
DOI: https://doi.org/10.1021/jp407109r",property,330,Polystyrene (PS),Coarse-grained MD (IBI potentials),radius_gyration,1.01,{},https://doi.org/10.1021/jp407109r,Influence of Surface Grafted Polymers on the Polymer Dynamics in a Silica_Polystyrene Nanocomposite_ A Coarse-Grained Molecular Dynamics Investigation,eca458f5165a
"Polymer: Polystyrene (PS)
Property: diffusion_coefficient = 3.8e-13
Additional Info: {""condition"":""PS + silica NP""}
Force Field: Coarse-grained MD (IBI potentials)
Source: Influence of Surface Grafted Polymers on the Polymer Dynamics in a Silica_Polystyrene Nanocomposite_ A Coarse-Grained Molecular Dynamics Investigation
DOI: https://doi.org/10.1021/jp407109r",property,332,Polystyrene (PS),Coarse-grained MD (IBI potentials),diffusion_coefficient,3.8e-13,"{""condition"":""PS + silica NP""}",https://doi.org/10.1021/jp407109r,Influence of Surface Grafted Polymers on the Polymer Dynamics in a Silica_Polystyrene Nanocomposite_ A Coarse-Grained Molecular Dynamics Investigation,962ea562fc37
"Polymer: Polystyrene
Property: density = 0.94
Additional Info: {}
Force Field: Coarse-grained (CG) model
Source: Influence of Surface Grafted Polymers on the Polymer Dynamics in a Silica_Polystyrene Nanocomposite_ A Coarse-Grained Molecular Dynamics Investigation
DOI: https://doi.org/10.1021/jp407109r",property,1233,Polystyrene,Coarse-grained (CG) model,density,0.94,{},https://doi.org/10.1021/jp407109r,Influence of Surface Grafted Polymers on the Polymer Dynamics in a Silica_Polystyrene Nanocomposite_ A Coarse-Grained Molecular Dynamics Investigation,f87fad76709b
"Polymer: Polystyrene
Property: radius_gyration = 1.01
Additional Info: {""condition"":""bulk 20-mer PS (reference state)""}
Force Field: Coarse-grained (CG) model
Source: Influence of Surface Grafted Polymers on the Polymer Dynamics in a Silica_Polystyrene Nanocomposite_ A Coarse-Grained Molecular Dynamics Investigation
DOI: https://doi.org/10.1021/jp407109r",property,1235,Polystyrene,Coarse-grained (CG) model,radius_gyration,1.01,"{""condition"":""bulk 20-mer PS (reference state)""}",https://doi.org/10.1021/jp407109r,Influence of Surface Grafted Polymers on the Polymer Dynamics in a Silica_Polystyrene Nanocomposite_ A Coarse-Grained Molecular Dynamics Investigation,ca7f047f8dbd
"Polymer: Polystyrene
Property: radius_gyration = 1.51
Additional Info: {}
Force Field: Coarse-grained (CG) model
Source: Influence of Surface Grafted Polymers on the Polymer Dynamics in a Silica_Polystyrene Nanocomposite_ A Coarse-Grained Molecular Dynamics Investigation
DOI: https://doi.org/10.1021/jp407109r",property,1238,Polystyrene,Coarse-grained (CG) model,radius_gyration,1.51,{},https://doi.org/10.1021/jp407109r,Influence of Surface Grafted Polymers on the Polymer Dynamics in a Silica_Polystyrene Nanocomposite_ A Coarse-Grained Molecular Dynamics Investigation,ea50a205e18b
"Polymer: Polystyrene
Property: diffusion_coefficient = 3.8e-13
Additional Info: {""condition"":""bare NP, 80-mer""}
Force Field: Coarse-grained (CG) model
Source: Influence of Surface Grafted Polymers on the Polymer Dynamics in a Silica_Polystyrene Nanocomposite_ A Coarse-Grained Molecular Dynamics Investigation
DOI: https://doi.org/10.1021/jp407109r",property,1240,Polystyrene,Coarse-grained (CG) model,diffusion_coefficient,3.8e-13,"{""condition"":""bare NP, 80-mer""}",https://doi.org/10.1021/jp407109r,Influence of Surface Grafted Polymers on the Polymer Dynamics in a Silica_Polystyrene Nanocomposite_ A Coarse-Grained Molecular Dynamics Investigation,864fb4f1f2e8
"Polymer: Polystyrene
Property: radius_gyration = 2.2
Additional Info: {""condition"":""bulk 80-mer PS (reference state)""}
Force Field: Coarse-grained (CG) model
Source: Influence of Surface Grafted Polymers on the Polymer Dynamics in a Silica_Polystyrene Nanocomposite_ A Coarse-Grained Molecular Dynamics Investigation
DOI: https://doi.org/10.1021/jp407109r",property,1241,Polystyrene,Coarse-grained (CG) model,radius_gyration,2.2,"{""condition"":""bulk 80-mer PS (reference state)""}",https://doi.org/10.1021/jp407109r,Influence of Surface Grafted Polymers on the Polymer Dynamics in a Silica_Polystyrene Nanocomposite_ A Coarse-Grained Molecular Dynamics Investigation,6d14a3358923
"Polymer: Polystyrene
Property: radius_gyration = 3.4
Additional Info: {""condition"":""bulk 200-mer PS""}
Force Field: Coarse-grained (CG) model
Source: Influence of Surface Grafted Polymers on the Polymer Dynamics in a Silica_Polystyrene Nanocomposite_ A Coarse-Grained Molecular Dynamics Investigation
DOI: https://doi.org/10.1021/jp407109r",property,1243,Polystyrene,Coarse-grained (CG) model,radius_gyration,3.4,"{""condition"":""bulk 200-mer PS""}",https://doi.org/10.1021/jp407109r,Influence of Surface Grafted Polymers on the Polymer Dynamics in a Silica_Polystyrene Nanocomposite_ A Coarse-Grained Molecular Dynamics Investigation,cdd7aac63d91
"Polymer: Ethylene-Propylene-Diene Monomer Copolymer
Property: density = 0.871
Additional Info: {}
Force Field: GAFF
Source: Influence of oxidation on the dynamics in amorphous ethylene-propylene-diene-monomer copolymer: A molecular dynamics simulation
DOI: https://doi.org/10.1016/j.polymdegradstab.2017.12.001",property,1245,Ethylene-Propylene-Diene Monomer Copolymer,GAFF,density,0.871,{},https://doi.org/10.1016/j.polymdegradstab.2017.12.001,Influence of oxidation on the dynamics in amorphous ethylene-propylene-diene-monomer copolymer: A molecular dynamics simulation,932016a78013
"Polymer: Ethylene-Propylene-Diene Monomer Copolymer
Property: diffusion_coefficient = 3.85e-12
Additional Info: {}
Force Field: GAFF
Source: Influence of oxidation on the dynamics in amorphous ethylene-propylene-diene-monomer copolymer: A molecular dynamics simulation
DOI: https://doi.org/10.1016/j.polymdegradstab.2017.12.001",property,1246,Ethylene-Propylene-Diene Monomer Copolymer,GAFF,diffusion_coefficient,3.85e-12,{},https://doi.org/10.1016/j.polymdegradstab.2017.12.001,Influence of oxidation on the dynamics in amorphous ethylene-propylene-diene-monomer copolymer: A molecular dynamics simulation,b5d140383e75
"Polymer: Ethylene-Propylene-Diene Monomer Copolymer
Property: glass_transition_temp = 280
Additional Info: {}
Force Field: GAFF
Source: Influence of oxidation on the dynamics in amorphous ethylene-propylene-diene-monomer copolymer: A molecular dynamics simulation
DOI: https://doi.org/10.1016/j.polymdegradstab.2017.12.001",property,1247,Ethylene-Propylene-Diene Monomer Copolymer,GAFF,glass_transition_temp,280,{},https://doi.org/10.1016/j.polymdegradstab.2017.12.001,Influence of oxidation on the dynamics in amorphous ethylene-propylene-diene-monomer copolymer: A molecular dynamics simulation,2b9e5d0e8cd3
"Polymer: Ethylene-Propylene-Diene Monomer Copolymer
Property: radius_gyration = 2.16
Additional Info: {}
Force Field: GAFF
Source: Influence of oxidation on the dynamics in amorphous ethylene-propylene-diene-monomer copolymer: A molecular dynamics simulation
DOI: https://doi.org/10.1016/j.polymdegradstab.2017.12.001",property,1248,Ethylene-Propylene-Diene Monomer Copolymer,GAFF,radius_gyration,2.16,{},https://doi.org/10.1016/j.polymdegradstab.2017.12.001,Influence of oxidation on the dynamics in amorphous ethylene-propylene-diene-monomer copolymer: A molecular dynamics simulation,5d70076d21ca
"Polymer: Ethylene-Propylene-Diene Monomer Copolymer (oxidized variant k)
Property: density = 0.872
Additional Info: {""condition"": ""Oxidized variant k""}
Force Field: GAFF
Source: Influence of oxidation on the dynamics in amorphous ethylene-propylene-diene-monomer copolymer: A molecular dynamics simulation
DOI: https://doi.org/10.1016/j.polymdegradstab.2017.12.001",property,1249,Ethylene-Propylene-Diene Monomer Copolymer (oxidized variant k),GAFF,density,0.872,"{""condition"": ""Oxidized variant k""}",https://doi.org/10.1016/j.polymdegradstab.2017.12.001,Influence of oxidation on the dynamics in amorphous ethylene-propylene-diene-monomer copolymer: A molecular dynamics simulation,15341b6b3102
"Polymer: Ethylene-Propylene-Diene Monomer Copolymer (oxidized variant k)
Property: diffusion_coefficient = 4.46e-12
Additional Info: {""condition"": ""Oxidized variant k""}
Force Field: GAFF
Source: Influence of oxidation on the dynamics in amorphous ethylene-propylene-diene-monomer copolymer: A molecular dynamics simulation
DOI: https://doi.org/10.1016/j.polymdegradstab.2017.12.001",property,1250,Ethylene-Propylene-Diene Monomer Copolymer (oxidized variant k),GAFF,diffusion_coefficient,4.46e-12,"{""condition"": ""Oxidized variant k""}",https://doi.org/10.1016/j.polymdegradstab.2017.12.001,Influence of oxidation on the dynamics in amorphous ethylene-propylene-diene-monomer copolymer: A molecular dynamics simulation,38bbbe382931
"Polymer: Ethylene-Propylene-Diene Monomer Copolymer (oxidized variant k)
Property: radius_gyration = 2.17
Additional Info: {""condition"": ""Oxidized variant k""}
Force Field: GAFF
Source: Influence of oxidation on the dynamics in amorphous ethylene-propylene-diene-monomer copolymer: A molecular dynamics simulation
DOI: https://doi.org/10.1016/j.polymdegradstab.2017.12.001",property,1251,Ethylene-Propylene-Diene Monomer Copolymer (oxidized variant k),GAFF,radius_gyration,2.17,"{""condition"": ""Oxidized variant k""}",https://doi.org/10.1016/j.polymdegradstab.2017.12.001,Influence of oxidation on the dynamics in amorphous ethylene-propylene-diene-monomer copolymer: A molecular dynamics simulation,7b8922be6f34
"Polymer: Ethylene-Propylene-Diene Monomer Copolymer (oxidized variant l)
Property: density = 0.876
Additional Info: {""condition"": ""Oxidized variant l""}
Force Field: GAFF
Source: Influence of oxidation on the dynamics in amorphous ethylene-propylene-diene-monomer copolymer: A molecular dynamics simulation
DOI: https://doi.org/10.1016/j.polymdegradstab.2017.12.001",property,1252,Ethylene-Propylene-Diene Monomer Copolymer (oxidized variant l),GAFF,density,0.876,"{""condition"": ""Oxidized variant l""}",https://doi.org/10.1016/j.polymdegradstab.2017.12.001,Influence of oxidation on the dynamics in amorphous ethylene-propylene-diene-monomer copolymer: A molecular dynamics simulation,8294ff5caf3c
"Polymer: Ethylene-Propylene-Diene Monomer Copolymer (oxidized variant l)
Property: diffusion_coefficient = 6.19e-12
Additional Info: {""condition"": ""Oxidized variant l""}
Force Field: GAFF
Source: Influence of oxidation on the dynamics in amorphous ethylene-propylene-diene-monomer copolymer: A molecular dynamics simulation
DOI: https://doi.org/10.1016/j.polymdegradstab.2017.12.001",property,1253,Ethylene-Propylene-Diene Monomer Copolymer (oxidized variant l),GAFF,diffusion_coefficient,6.19e-12,"{""condition"": ""Oxidized variant l""}",https://doi.org/10.1016/j.polymdegradstab.2017.12.001,Influence of oxidation on the dynamics in amorphous ethylene-propylene-diene-monomer copolymer: A molecular dynamics simulation,4c5bab26a11b
"Polymer: Ethylene-Propylene-Diene Monomer Copolymer (oxidized variant l)
Property: radius_gyration = 2.16
Additional Info: {""condition"": ""Oxidized variant l""}
Force Field: GAFF
Source: Influence of oxidation on the dynamics in amorphous ethylene-propylene-diene-monomer copolymer: A molecular dynamics simulation
DOI: https://doi.org/10.1016/j.polymdegradstab.2017.12.001",property,1254,Ethylene-Propylene-Diene Monomer Copolymer (oxidized variant l),GAFF,radius_gyration,2.16,"{""condition"": ""Oxidized variant l""}",https://doi.org/10.1016/j.polymdegradstab.2017.12.001,Influence of oxidation on the dynamics in amorphous ethylene-propylene-diene-monomer copolymer: A molecular dynamics simulation,5889a2eb0d9b
"Polymer: Ethylene-Propylene-Diene Monomer Copolymer (oxidized variant m)
Property: density = 0.879
Additional Info: {""condition"": ""Oxidized variant m""}
Force Field: GAFF
Source: Influence of oxidation on the dynamics in amorphous ethylene-propylene-diene-monomer copolymer: A molecular dynamics simulation
DOI: https://doi.org/10.1016/j.polymdegradstab.2017.12.001",property,1255,Ethylene-Propylene-Diene Monomer Copolymer (oxidized variant m),GAFF,density,0.879,"{""condition"": ""Oxidized variant m""}",https://doi.org/10.1016/j.polymdegradstab.2017.12.001,Influence of oxidation on the dynamics in amorphous ethylene-propylene-diene-monomer copolymer: A molecular dynamics simulation,d5e4560dd557
"Polymer: Ethylene-Propylene-Diene Monomer Copolymer (oxidized variant m)
Property: diffusion_coefficient = 1.78e-12
Additional Info: {""condition"": ""Oxidized variant m""}
Force Field: GAFF
Source: Influence of oxidation on the dynamics in amorphous ethylene-propylene-diene-monomer copolymer: A molecular dynamics simulation
DOI: https://doi.org/10.1016/j.polymdegradstab.2017.12.001",property,1256,Ethylene-Propylene-Diene Monomer Copolymer (oxidized variant m),GAFF,diffusion_coefficient,1.78e-12,"{""condition"": ""Oxidized variant m""}",https://doi.org/10.1016/j.polymdegradstab.2017.12.001,Influence of oxidation on the dynamics in amorphous ethylene-propylene-diene-monomer copolymer: A molecular dynamics simulation,cf4c128d07dd
"Polymer: Ethylene-Propylene-Diene Monomer Copolymer (oxidized variant m)
Property: glass_transition_temp = 308
Additional Info: {""condition"": ""Oxidized variant m""}
Force Field: GAFF
Source: Influence of oxidation on the dynamics in amorphous ethylene-propylene-diene-monomer copolymer: A molecular dynamics simulation
DOI: https://doi.org/10.1016/j.polymdegradstab.2017.12.001",property,1257,Ethylene-Propylene-Diene Monomer Copolymer (oxidized variant m),GAFF,glass_transition_temp,308,"{""condition"": ""Oxidized variant m""}",https://doi.org/10.1016/j.polymdegradstab.2017.12.001,Influence of oxidation on the dynamics in amorphous ethylene-propylene-diene-monomer copolymer: A molecular dynamics simulation,41449d81de3c
"Polymer: Ethylene-Propylene-Diene Monomer Copolymer (oxidized variant m)
Property: radius_gyration = 2.19
Additional Info: {""condition"": ""Oxidized variant m""}
Force Field: GAFF
Source: Influence of oxidation on the dynamics in amorphous ethylene-propylene-diene-monomer copolymer: A molecular dynamics simulation
DOI: https://doi.org/10.1016/j.polymdegradstab.2017.12.001",property,1258,Ethylene-Propylene-Diene Monomer Copolymer (oxidized variant m),GAFF,radius_gyration,2.19,"{""condition"": ""Oxidized variant m""}",https://doi.org/10.1016/j.polymdegradstab.2017.12.001,Influence of oxidation on the dynamics in amorphous ethylene-propylene-diene-monomer copolymer: A molecular dynamics simulation,34c22ee09690
"Polymer: Ethylene-Propylene-Diene Monomer Copolymer (oxidized variant p+q)
Property: density = 0.876
Additional Info: {""condition"": ""Oxidized variant p+q""}
Force Field: GAFF
Source: Influence of oxidation on the dynamics in amorphous ethylene-propylene-diene-monomer copolymer: A molecular dynamics simulation
DOI: https://doi.org/10.1016/j.polymdegradstab.2017.12.001",property,1259,Ethylene-Propylene-Diene Monomer Copolymer (oxidized variant p+q),GAFF,density,0.876,"{""condition"": ""Oxidized variant p+q""}",https://doi.org/10.1016/j.polymdegradstab.2017.12.001,Influence of oxidation on the dynamics in amorphous ethylene-propylene-diene-monomer copolymer: A molecular dynamics simulation,60be6888c926
"Polymer: Ethylene-Propylene-Diene Monomer Copolymer (oxidized variant p+q)
Property: diffusion_coefficient = 7.48e-12
Additional Info: {""condition"": ""Oxidized variant p+q""}
Force Field: GAFF
Source: Influence of oxidation on the dynamics in amorphous ethylene-propylene-diene-monomer copolymer: A molecular dynamics simulation
DOI: https://doi.org/10.1016/j.polymdegradstab.2017.12.001",property,1260,Ethylene-Propylene-Diene Monomer Copolymer (oxidized variant p+q),GAFF,diffusion_coefficient,7.48e-12,"{""condition"": ""Oxidized variant p+q""}",https://doi.org/10.1016/j.polymdegradstab.2017.12.001,Influence of oxidation on the dynamics in amorphous ethylene-propylene-diene-monomer copolymer: A molecular dynamics simulation,8b0a281f771d
"Polymer: Ethylene-Propylene-Diene Monomer Copolymer (oxidized variant p+q)
Property: glass_transition_temp = 272
Additional Info: {""condition"": ""Oxidized variant p+q""}
Force Field: GAFF
Source: Influence of oxidation on the dynamics in amorphous ethylene-propylene-diene-monomer copolymer: A molecular dynamics simulation
DOI: https://doi.org/10.1016/j.polymdegradstab.2017.12.001",property,1261,Ethylene-Propylene-Diene Monomer Copolymer (oxidized variant p+q),GAFF,glass_transition_temp,272,"{""condition"": ""Oxidized variant p+q""}",https://doi.org/10.1016/j.polymdegradstab.2017.12.001,Influence of oxidation on the dynamics in amorphous ethylene-propylene-diene-monomer copolymer: A molecular dynamics simulation,febe22809a4f
"Polymer: Ethylene-Propylene-Diene Monomer Copolymer (oxidized variant p+q)
Property: radius_gyration = 2.08
Additional Info: {""condition"": ""Oxidized variant p+q""}
Force Field: GAFF
Source: Influence of oxidation on the dynamics in amorphous ethylene-propylene-diene-monomer copolymer: A molecular dynamics simulation
DOI: https://doi.org/10.1016/j.polymdegradstab.2017.12.001",property,1262,Ethylene-Propylene-Diene Monomer Copolymer (oxidized variant p+q),GAFF,radius_gyration,2.08,"{""condition"": ""Oxidized variant p+q""}",https://doi.org/10.1016/j.polymdegradstab.2017.12.001,Influence of oxidation on the dynamics in amorphous ethylene-propylene-diene-monomer copolymer: A molecular dynamics simulation,9617137837d3
"Polymer: Ethylene-Propylene-Diene Monomer Copolymer (oxidized variant n)
Property: density = 0.885
Additional Info: {""condition"": ""Oxidized variant n""}
Force Field: GAFF
Source: Influence of oxidation on the dynamics in amorphous ethylene-propylene-diene-monomer copolymer: A molecular dynamics simulation
DOI: https://doi.org/10.1016/j.polymdegradstab.2017.12.001",property,1263,Ethylene-Propylene-Diene Monomer Copolymer (oxidized variant n),GAFF,density,0.885,"{""condition"": ""Oxidized variant n""}",https://doi.org/10.1016/j.polymdegradstab.2017.12.001,Influence of oxidation on the dynamics in amorphous ethylene-propylene-diene-monomer copolymer: A molecular dynamics simulation,a5b718b5e6e2
"Polymer: Ethylene-Propylene-Diene Monomer Copolymer (oxidized variant n)
Property: diffusion_coefficient = 2.82e-12
Additional Info: {""condition"": ""Oxidized variant n""}
Force Field: GAFF
Source: Influence of oxidation on the dynamics in amorphous ethylene-propylene-diene-monomer copolymer: A molecular dynamics simulation
DOI: https://doi.org/10.1016/j.polymdegradstab.2017.12.001",property,1264,Ethylene-Propylene-Diene Monomer Copolymer (oxidized variant n),GAFF,diffusion_coefficient,2.82e-12,"{""condition"": ""Oxidized variant n""}",https://doi.org/10.1016/j.polymdegradstab.2017.12.001,Influence of oxidation on the dynamics in amorphous ethylene-propylene-diene-monomer copolymer: A molecular dynamics simulation,3564dcb817f5
"Polymer: Ethylene-Propylene-Diene Monomer Copolymer (crosslinked)
Property: density = 0.873
Additional Info: {""condition"": ""Cross-linked""}
Force Field: GAFF
Source: Influence of oxidation on the dynamics in amorphous ethylene-propylene-diene-monomer copolymer: A molecular dynamics simulation
DOI: https://doi.org/10.1016/j.polymdegradstab.2017.12.001",property,1265,Ethylene-Propylene-Diene Monomer Copolymer (crosslinked),GAFF,density,0.873,"{""condition"": ""Cross-linked""}",https://doi.org/10.1016/j.polymdegradstab.2017.12.001,Influence of oxidation on the dynamics in amorphous ethylene-propylene-diene-monomer copolymer: A molecular dynamics simulation,0f38f1c74ab1
"Polymer: Ethylene-Propylene-Diene Monomer Copolymer (crosslinked)
Property: diffusion_coefficient = 3.4e-12
Additional Info: {""condition"": ""Cross-linked""}
Force Field: GAFF
Source: Influence of oxidation on the dynamics in amorphous ethylene-propylene-diene-monomer copolymer: A molecular dynamics simulation
DOI: https://doi.org/10.1016/j.polymdegradstab.2017.12.001",property,1266,Ethylene-Propylene-Diene Monomer Copolymer (crosslinked),GAFF,diffusion_coefficient,3.4e-12,"{""condition"": ""Cross-linked""}",https://doi.org/10.1016/j.polymdegradstab.2017.12.001,Influence of oxidation on the dynamics in amorphous ethylene-propylene-diene-monomer copolymer: A molecular dynamics simulation,8ab2128b71f3
"Polymer: Ethylene-Propylene-Diene Monomer Copolymer (crosslinked)
Property: glass_transition_temp = 303
Additional Info: {""condition"": ""Cross-linked""}
Force Field: GAFF
Source: Influence of oxidation on the dynamics in amorphous ethylene-propylene-diene-monomer copolymer: A molecular dynamics simulation
DOI: https://doi.org/10.1016/j.polymdegradstab.2017.12.001",property,1267,Ethylene-Propylene-Diene Monomer Copolymer (crosslinked),GAFF,glass_transition_temp,303,"{""condition"": ""Cross-linked""}",https://doi.org/10.1016/j.polymdegradstab.2017.12.001,Influence of oxidation on the dynamics in amorphous ethylene-propylene-diene-monomer copolymer: A molecular dynamics simulation,01dd3f48dbf0
"Polymer: Ethylene-Propylene-Diene Monomer Copolymer (crosslinked)
Property: radius_gyration = 2.04
Additional Info: {""condition"": ""Cross-linked""}
Force Field: GAFF
Source: Influence of oxidation on the dynamics in amorphous ethylene-propylene-diene-monomer copolymer: A molecular dynamics simulation
DOI: https://doi.org/10.1016/j.polymdegradstab.2017.12.001",property,1268,Ethylene-Propylene-Diene Monomer Copolymer (crosslinked),GAFF,radius_gyration,2.04,"{""condition"": ""Cross-linked""}",https://doi.org/10.1016/j.polymdegradstab.2017.12.001,Influence of oxidation on the dynamics in amorphous ethylene-propylene-diene-monomer copolymer: A molecular dynamics simulation,16b131526d02
"Polymer: Poly(3-hexylthiophene)
Property: radius_gyration = 0.825
Additional Info: {""condition"":""P3HT + NW surface adsorption""}
Force Field: PCFF
Source: Interaction between P3HT and Au/Ag/Cu/Al nanowires: A molecular dynamics study
DOI: https://doi.org/10.1016/j.commatsci.2013.03.040",property,1269,Poly(3-hexylthiophene),PCFF,radius_gyration,0.825,"{""condition"":""P3HT + NW surface adsorption""}",https://doi.org/10.1016/j.commatsci.2013.03.040,Interaction between P3HT and Au/Ag/Cu/Al nanowires: A molecular dynamics study,477b124c90a6
"Polymer: Pluronic P85 (PEO-PPO-PEO triblock copolymer)
Property: radius_gyration = 2.13
Additional Info: {}
Force Field: GROMOS96
Source: Interaction of Curcumin with PEO‚ÄìPPO‚ÄìPEO Block Copolymers: A Molecular Dynamics Study
DOI: https://doi.org/10.1021/jp309476u",property,1271,Pluronic P85 (PEO-PPO-PEO triblock copolymer),GROMOS96,radius_gyration,2.13,{},https://doi.org/10.1021/jp309476u,Interaction of Curcumin with PEO‚ÄìPPO‚ÄìPEO Block Copolymers: A Molecular Dynamics Study,c226a6ed3b5e
"Polymer: Pluronic P85 (PEO-PPO-PEO triblock copolymer)
Property: radius_gyration = 5
Additional Info: {}
Force Field: GROMOS96
Source: Interaction of Curcumin with PEO‚ÄìPPO‚ÄìPEO Block Copolymers: A Molecular Dynamics Study
DOI: https://doi.org/10.1021/jp309476u",property,1273,Pluronic P85 (PEO-PPO-PEO triblock copolymer),GROMOS96,radius_gyration,5,{},https://doi.org/10.1021/jp309476u,Interaction of Curcumin with PEO‚ÄìPPO‚ÄìPEO Block Copolymers: A Molecular Dynamics Study,d094e1a2f8ad
"Polymer: Polyethylene (C44H90)
Property: density = 0.788
Additional Info: {""condition"": ""Chain length C44H90, temperature: 400K""}
Force Field: United Atom model
Source: Interface Characteristics of Neat Melts and Binary Mixtures of Polyethylenes from Atomistic Molecular Dynamics Simulations
DOI: https://doi.org/10.3390/polym12051059",property,1274,Polyethylene (C44H90),United Atom model,density,0.788,"{""condition"": ""Chain length C44H90, temperature: 400K""}",https://doi.org/10.3390/polym12051059,Interface Characteristics of Neat Melts and Binary Mixtures of Polyethylenes from Atomistic Molecular Dynamics Simulations,1aae616a2fdd
"Polymer: Polyethylene (C150H302)
Property: density = 0.811
Additional Info: {""condition"": ""Chain length C150H302, temperature: 350K""}
Force Field: United Atom model
Source: Interface Characteristics of Neat Melts and Binary Mixtures of Polyethylenes from Atomistic Molecular Dynamics Simulations
DOI: https://doi.org/10.3390/polym12051059",property,1275,Polyethylene (C150H302),United Atom model,density,0.811,"{""condition"": ""Chain length C150H302, temperature: 350K""}",https://doi.org/10.3390/polym12051059,Interface Characteristics of Neat Melts and Binary Mixtures of Polyethylenes from Atomistic Molecular Dynamics Simulations,0f3dc235802c
"Polymer: Polystyrene
Property: density = 0.984
Additional Info: {}
Force Field: Smith et al. explicit all-atom
Source: Interface characteristics of polystyrene melts in free-standing thin films and on graphite surface from molecular dynamics simulations
DOI: https://doi.org/10.1016/j.polymer.2017.02.078",property,1276,Polystyrene,Smith et al. explicit all-atom,density,0.984,{},https://doi.org/10.1016/j.polymer.2017.02.078,Interface characteristics of polystyrene melts in free-standing thin films and on graphite surface from molecular dynamics simulations,13b0bb88e296
"Polymer: Polyethylene (C128 ring)
Property: density = 0.77
Additional Info: {""condition"": ""Ring chain, C128""}
Force Field: TraPPE and SKS united atom model
Source: Interfacial Molecular Structure and Dynamics of Confined Ring Polymer Melts under Shear Flow
DOI: https://doi.org/10.1021/acs.macromol.8b00395",property,1281,Polyethylene (C128 ring),TraPPE and SKS united atom model,density,0.77,"{""condition"": ""Ring chain, C128""}",https://doi.org/10.1021/acs.macromol.8b00395,Interfacial Molecular Structure and Dynamics of Confined Ring Polymer Melts under Shear Flow,9634304a4a21
"Polymer: Polyethylene (C400 linear)
Property: density = 0.7294
Additional Info: {""condition"": ""Linear chain, C400""}
Force Field: TraPPE and SKS united atom model
Source: Interfacial Molecular Structure and Dynamics of Confined Ring Polymer Melts under Shear Flow
DOI: https://doi.org/10.1021/acs.macromol.8b00395",property,1282,Polyethylene (C400 linear),TraPPE and SKS united atom model,density,0.7294,"{""condition"": ""Linear chain, C400""}",https://doi.org/10.1021/acs.macromol.8b00395,Interfacial Molecular Structure and Dynamics of Confined Ring Polymer Melts under Shear Flow,9f8363964a8b
"Polymer: Polyethylene (C400 ring)
Property: density = 0.739
Additional Info: {""condition"": ""Ring chain, C400""}
Force Field: TraPPE and SKS united atom model
Source: Interfacial Molecular Structure and Dynamics of Confined Ring Polymer Melts under Shear Flow
DOI: https://doi.org/10.1021/acs.macromol.8b00395",property,1283,Polyethylene (C400 ring),TraPPE and SKS united atom model,density,0.739,"{""condition"": ""Ring chain, C400""}",https://doi.org/10.1021/acs.macromol.8b00395,Interfacial Molecular Structure and Dynamics of Confined Ring Polymer Melts under Shear Flow,38fba554d12a
"Polymer: Polyamide (DHBZ-BPDA)
Property: density = 1.3
Additional Info: {}
Force Field: ReaxFF
Source: Interfacial adhesion behavior of polyimides on silica glass: A molecular dynamics study
DOI: https://doi.org/10.1016/j.polymer.2016.06.017",property,1284,Polyamide (DHBZ-BPDA),ReaxFF,density,1.3,{},https://doi.org/10.1016/j.polymer.2016.06.017,Interfacial adhesion behavior of polyimides on silica glass: A molecular dynamics study,84996190cfef
"Polymer: Polyamide (DHBZ-BPDA)
Property: radius_gyration = 3.164
Additional Info: {}
Force Field: ReaxFF
Source: Interfacial adhesion behavior of polyimides on silica glass: A molecular dynamics study
DOI: https://doi.org/10.1016/j.polymer.2016.06.017",property,1285,Polyamide (DHBZ-BPDA),ReaxFF,radius_gyration,3.164,{},https://doi.org/10.1016/j.polymer.2016.06.017,Interfacial adhesion behavior of polyimides on silica glass: A molecular dynamics study,58cea9c61853
"Polymer: Polyamide (DHBZ-BPDA)
Property: youngs_modulus = 8.2
Additional Info: {}
Force Field: ReaxFF
Source: Interfacial adhesion behavior of polyimides on silica glass: A molecular dynamics study
DOI: https://doi.org/10.1016/j.polymer.2016.06.017",property,1286,Polyamide (DHBZ-BPDA),ReaxFF,youngs_modulus,8.2,{},https://doi.org/10.1016/j.polymer.2016.06.017,Interfacial adhesion behavior of polyimides on silica glass: A molecular dynamics study,863280baeb79
"Polymer: Polyamide (DHBZ-BTDA)
Property: density = 1.32
Additional Info: {}
Force Field: ReaxFF
Source: Interfacial adhesion behavior of polyimides on silica glass: A molecular dynamics study
DOI: https://doi.org/10.1016/j.polymer.2016.06.017",property,1287,Polyamide (DHBZ-BTDA),ReaxFF,density,1.32,{},https://doi.org/10.1016/j.polymer.2016.06.017,Interfacial adhesion behavior of polyimides on silica glass: A molecular dynamics study,d149e4015e27
"Polymer: Polyamide (DHBZ-BTDA)
Property: radius_gyration = 2.438
Additional Info: {}
Force Field: ReaxFF
Source: Interfacial adhesion behavior of polyimides on silica glass: A molecular dynamics study
DOI: https://doi.org/10.1016/j.polymer.2016.06.017",property,1288,Polyamide (DHBZ-BTDA),ReaxFF,radius_gyration,2.438,{},https://doi.org/10.1016/j.polymer.2016.06.017,Interfacial adhesion behavior of polyimides on silica glass: A molecular dynamics study,708bbcea159c
"Polymer: Polyamide (DHBZ-BTDA)
Property: youngs_modulus = 5.3
Additional Info: {}
Force Field: ReaxFF
Source: Interfacial adhesion behavior of polyimides on silica glass: A molecular dynamics study
DOI: https://doi.org/10.1016/j.polymer.2016.06.017",property,1289,Polyamide (DHBZ-BTDA),ReaxFF,youngs_modulus,5.3,{},https://doi.org/10.1016/j.polymer.2016.06.017,Interfacial adhesion behavior of polyimides on silica glass: A molecular dynamics study,40d053ca5e79
"Polymer: Polyamide (DHBZ-DTDA)
Property: density = 1.25
Additional Info: {}
Force Field: ReaxFF
Source: Interfacial adhesion behavior of polyimides on silica glass: A molecular dynamics study
DOI: https://doi.org/10.1016/j.polymer.2016.06.017",property,1290,Polyamide (DHBZ-DTDA),ReaxFF,density,1.25,{},https://doi.org/10.1016/j.polymer.2016.06.017,Interfacial adhesion behavior of polyimides on silica glass: A molecular dynamics study,e05f2551648b
"Polymer: Polyamide (DHBZ-DTDA)
Property: radius_gyration = 2.198
Additional Info: {}
Force Field: ReaxFF
Source: Interfacial adhesion behavior of polyimides on silica glass: A molecular dynamics study
DOI: https://doi.org/10.1016/j.polymer.2016.06.017",property,1291,Polyamide (DHBZ-DTDA),ReaxFF,radius_gyration,2.198,{},https://doi.org/10.1016/j.polymer.2016.06.017,Interfacial adhesion behavior of polyimides on silica glass: A molecular dynamics study,dbc4e7ff7f0a
"Polymer: Polyamide (DHBZ-DTDA)
Property: youngs_modulus = 3.2
Additional Info: {}
Force Field: ReaxFF
Source: Interfacial adhesion behavior of polyimides on silica glass: A molecular dynamics study
DOI: https://doi.org/10.1016/j.polymer.2016.06.017",property,1292,Polyamide (DHBZ-DTDA),ReaxFF,youngs_modulus,3.2,{},https://doi.org/10.1016/j.polymer.2016.06.017,Interfacial adhesion behavior of polyimides on silica glass: A molecular dynamics study,4802fe9295f5
"Polymer: Poly(methyl methacrylate)
Property: glass_transition_temp = 388.9
Additional Info: {}
Force Field: AMBER
Source: Investigation by molecular dynamics simulation of the glass transition temperature and elastic properties of amorphous polymers PMMA, PMAAM and PMMA co PMAAM copolymers
DOI: https://doi.org/10.1007/s00289-016-1637-z",property,1293,Poly(methyl methacrylate),AMBER,glass_transition_temp,388.9,{},https://doi.org/10.1007/s00289-016-1637-z,"Investigation by molecular dynamics simulation of the glass transition temperature and elastic properties of amorphous polymers PMMA, PMAAM and PMMA co PMAAM copolymers",2e61f125f353
"Polymer: Poly(methyl methacrylate)
Property: youngs_modulus = 3.19
Additional Info: {}
Force Field: AMBER
Source: Investigation by molecular dynamics simulation of the glass transition temperature and elastic properties of amorphous polymers PMMA, PMAAM and PMMA co PMAAM copolymers
DOI: https://doi.org/10.1007/s00289-016-1637-z",property,1294,Poly(methyl methacrylate),AMBER,youngs_modulus,3.19,{},https://doi.org/10.1007/s00289-016-1637-z,"Investigation by molecular dynamics simulation of the glass transition temperature and elastic properties of amorphous polymers PMMA, PMAAM and PMMA co PMAAM copolymers",c98fe2ae7c8f
"Polymer: Poly(methacrylamide)
Property: glass_transition_temp = 483.4
Additional Info: {}
Force Field: AMBER
Source: Investigation by molecular dynamics simulation of the glass transition temperature and elastic properties of amorphous polymers PMMA, PMAAM and PMMA co PMAAM copolymers
DOI: https://doi.org/10.1007/s00289-016-1637-z",property,1295,Poly(methacrylamide),AMBER,glass_transition_temp,483.4,{},https://doi.org/10.1007/s00289-016-1637-z,"Investigation by molecular dynamics simulation of the glass transition temperature and elastic properties of amorphous polymers PMMA, PMAAM and PMMA co PMAAM copolymers",741fca9aeab3
"Polymer: Poly(methacrylamide)
Property: youngs_modulus = 4.84
Additional Info: {}
Force Field: AMBER
Source: Investigation by molecular dynamics simulation of the glass transition temperature and elastic properties of amorphous polymers PMMA, PMAAM and PMMA co PMAAM copolymers
DOI: https://doi.org/10.1007/s00289-016-1637-z",property,1296,Poly(methacrylamide),AMBER,youngs_modulus,4.84,{},https://doi.org/10.1007/s00289-016-1637-z,"Investigation by molecular dynamics simulation of the glass transition temperature and elastic properties of amorphous polymers PMMA, PMAAM and PMMA co PMAAM copolymers",8c402465797e
"Polymer: Poly(methyl methacrylate-co-methacrylamide)
Property: glass_transition_temp = 422.9
Additional Info: {""condition"": ""80% PMMA / 20% PMAAM""}
Force Field: AMBER
Source: Investigation by molecular dynamics simulation of the glass transition temperature and elastic properties of amorphous polymers PMMA, PMAAM and PMMA co PMAAM copolymers
DOI: https://doi.org/10.1007/s00289-016-1637-z",property,1297,Poly(methyl methacrylate-co-methacrylamide),AMBER,glass_transition_temp,422.9,"{""condition"": ""80% PMMA / 20% PMAAM""}",https://doi.org/10.1007/s00289-016-1637-z,"Investigation by molecular dynamics simulation of the glass transition temperature and elastic properties of amorphous polymers PMMA, PMAAM and PMMA co PMAAM copolymers",2ee15079df46
"Polymer: Poly(methyl methacrylate-co-methacrylamide)
Property: youngs_modulus = 3.02
Additional Info: {""condition"": ""80% PMMA / 20% PMAAM""}
Force Field: AMBER
Source: Investigation by molecular dynamics simulation of the glass transition temperature and elastic properties of amorphous polymers PMMA, PMAAM and PMMA co PMAAM copolymers
DOI: https://doi.org/10.1007/s00289-016-1637-z",property,1298,Poly(methyl methacrylate-co-methacrylamide),AMBER,youngs_modulus,3.02,"{""condition"": ""80% PMMA / 20% PMAAM""}",https://doi.org/10.1007/s00289-016-1637-z,"Investigation by molecular dynamics simulation of the glass transition temperature and elastic properties of amorphous polymers PMMA, PMAAM and PMMA co PMAAM copolymers",33b4d34ad79d
"Polymer: Poly(methyl methacrylate-co-methacrylamide)
Property: glass_transition_temp = 416.2
Additional Info: {""condition"": ""60% PMMA / 40% PMAAM""}
Force Field: AMBER
Source: Investigation by molecular dynamics simulation of the glass transition temperature and elastic properties of amorphous polymers PMMA, PMAAM and PMMA co PMAAM copolymers
DOI: https://doi.org/10.1007/s00289-016-1637-z",property,1299,Poly(methyl methacrylate-co-methacrylamide),AMBER,glass_transition_temp,416.2,"{""condition"": ""60% PMMA / 40% PMAAM""}",https://doi.org/10.1007/s00289-016-1637-z,"Investigation by molecular dynamics simulation of the glass transition temperature and elastic properties of amorphous polymers PMMA, PMAAM and PMMA co PMAAM copolymers",2c3d52a0d88e
"Polymer: Poly(methyl methacrylate-co-methacrylamide)
Property: youngs_modulus = 3.54
Additional Info: {""condition"": ""60% PMMA / 40% PMAAM""}
Force Field: AMBER
Source: Investigation by molecular dynamics simulation of the glass transition temperature and elastic properties of amorphous polymers PMMA, PMAAM and PMMA co PMAAM copolymers
DOI: https://doi.org/10.1007/s00289-016-1637-z",property,1300,Poly(methyl methacrylate-co-methacrylamide),AMBER,youngs_modulus,3.54,"{""condition"": ""60% PMMA / 40% PMAAM""}",https://doi.org/10.1007/s00289-016-1637-z,"Investigation by molecular dynamics simulation of the glass transition temperature and elastic properties of amorphous polymers PMMA, PMAAM and PMMA co PMAAM copolymers",efd6e6b4c212
"Polymer: Poly(methyl methacrylate-co-methacrylamide)
Property: glass_transition_temp = 451.7
Additional Info: {""condition"": ""50% PMMA / 50% PMAAM""}
Force Field: AMBER
Source: Investigation by molecular dynamics simulation of the glass transition temperature and elastic properties of amorphous polymers PMMA, PMAAM and PMMA co PMAAM copolymers
DOI: https://doi.org/10.1007/s00289-016-1637-z",property,1301,Poly(methyl methacrylate-co-methacrylamide),AMBER,glass_transition_temp,451.7,"{""condition"": ""50% PMMA / 50% PMAAM""}",https://doi.org/10.1007/s00289-016-1637-z,"Investigation by molecular dynamics simulation of the glass transition temperature and elastic properties of amorphous polymers PMMA, PMAAM and PMMA co PMAAM copolymers",2e07ee49e702
"Polymer: Poly(methyl methacrylate-co-methacrylamide)
Property: youngs_modulus = 4.12
Additional Info: {""condition"": ""50% PMMA / 50% PMAAM""}
Force Field: AMBER
Source: Investigation by molecular dynamics simulation of the glass transition temperature and elastic properties of amorphous polymers PMMA, PMAAM and PMMA co PMAAM copolymers
DOI: https://doi.org/10.1007/s00289-016-1637-z",property,1302,Poly(methyl methacrylate-co-methacrylamide),AMBER,youngs_modulus,4.12,"{""condition"": ""50% PMMA / 50% PMAAM""}",https://doi.org/10.1007/s00289-016-1637-z,"Investigation by molecular dynamics simulation of the glass transition temperature and elastic properties of amorphous polymers PMMA, PMAAM and PMMA co PMAAM copolymers",01c939097479
"Polymer: Poly(methyl methacrylate-co-methacrylamide)
Property: glass_transition_temp = 464.4
Additional Info: {""condition"": ""20% PMMA / 80% PMAAM""}
Force Field: AMBER
Source: Investigation by molecular dynamics simulation of the glass transition temperature and elastic properties of amorphous polymers PMMA, PMAAM and PMMA co PMAAM copolymers
DOI: https://doi.org/10.1007/s00289-016-1637-z",property,1303,Poly(methyl methacrylate-co-methacrylamide),AMBER,glass_transition_temp,464.4,"{""condition"": ""20% PMMA / 80% PMAAM""}",https://doi.org/10.1007/s00289-016-1637-z,"Investigation by molecular dynamics simulation of the glass transition temperature and elastic properties of amorphous polymers PMMA, PMAAM and PMMA co PMAAM copolymers",4a63065e95c5
"Polymer: Poly(methyl methacrylate-co-methacrylamide)
Property: youngs_modulus = 3.2
Additional Info: {""condition"": ""20% PMMA / 80% PMAAM""}
Force Field: AMBER
Source: Investigation by molecular dynamics simulation of the glass transition temperature and elastic properties of amorphous polymers PMMA, PMAAM and PMMA co PMAAM copolymers
DOI: https://doi.org/10.1007/s00289-016-1637-z",property,1304,Poly(methyl methacrylate-co-methacrylamide),AMBER,youngs_modulus,3.2,"{""condition"": ""20% PMMA / 80% PMAAM""}",https://doi.org/10.1007/s00289-016-1637-z,"Investigation by molecular dynamics simulation of the glass transition temperature and elastic properties of amorphous polymers PMMA, PMAAM and PMMA co PMAAM copolymers",86524de526eb
"Polymer: Poly(methyl methacrylate-co-methacrylamide)
Property: glass_transition_temp = 470.7
Additional Info: {""condition"": ""10% PMMA / 90% PMAAM""}
Force Field: AMBER
Source: Investigation by molecular dynamics simulation of the glass transition temperature and elastic properties of amorphous polymers PMMA, PMAAM and PMMA co PMAAM copolymers
DOI: https://doi.org/10.1007/s00289-016-1637-z",property,1305,Poly(methyl methacrylate-co-methacrylamide),AMBER,glass_transition_temp,470.7,"{""condition"": ""10% PMMA / 90% PMAAM""}",https://doi.org/10.1007/s00289-016-1637-z,"Investigation by molecular dynamics simulation of the glass transition temperature and elastic properties of amorphous polymers PMMA, PMAAM and PMMA co PMAAM copolymers",b77d7dcc8a13
"Polymer: Poly(methyl methacrylate-co-methacrylamide)
Property: youngs_modulus = 3.15
Additional Info: {""condition"": ""10% PMMA / 90% PMAAM""}
Force Field: AMBER
Source: Investigation by molecular dynamics simulation of the glass transition temperature and elastic properties of amorphous polymers PMMA, PMAAM and PMMA co PMAAM copolymers
DOI: https://doi.org/10.1007/s00289-016-1637-z",property,1306,Poly(methyl methacrylate-co-methacrylamide),AMBER,youngs_modulus,3.15,"{""condition"": ""10% PMMA / 90% PMAAM""}",https://doi.org/10.1007/s00289-016-1637-z,"Investigation by molecular dynamics simulation of the glass transition temperature and elastic properties of amorphous polymers PMMA, PMAAM and PMMA co PMAAM copolymers",a140e7485b78
"Polymer: Poly(lactic acid)
Property: density = 1.26
Additional Info: {}
Force Field: COMPASS
Source: Investigation of nanoparticle‚Äö√Ñ√¨polymer interaction in bio-based nanosilica-filled PLA/NR nanocomposites: molecular dynamics simulation
DOI: https://doi.org/10.1007/s00894-020-04431-3",property,1309,Poly(lactic acid),COMPASS,density,1.26,{},https://doi.org/10.1007/s00894-020-04431-3,Investigation of nanoparticle‚Äö√Ñ√¨polymer interaction in bio-based nanosilica-filled PLA/NR nanocomposites: molecular dynamics simulation,de90da1985ec
"Polymer: Poly(lactic acid)
Property: glass_transition_temp = 332
Additional Info: {}
Force Field: COMPASS
Source: Investigation of nanoparticle‚Äö√Ñ√¨polymer interaction in bio-based nanosilica-filled PLA/NR nanocomposites: molecular dynamics simulation
DOI: https://doi.org/10.1007/s00894-020-04431-3",property,1310,Poly(lactic acid),COMPASS,glass_transition_temp,332,{},https://doi.org/10.1007/s00894-020-04431-3,Investigation of nanoparticle‚Äö√Ñ√¨polymer interaction in bio-based nanosilica-filled PLA/NR nanocomposites: molecular dynamics simulation,89e0766e3fe2
"Polymer: PLA + silica nanocomposite (PS1)
Property: density = 1.26
Additional Info: {}
Force Field: COMPASS
Source: Investigation of nanoparticle‚Äö√Ñ√¨polymer interaction in bio-based nanosilica-filled PLA/NR nanocomposites: molecular dynamics simulation
DOI: https://doi.org/10.1007/s00894-020-04431-3",property,1311,PLA + silica nanocomposite (PS1),COMPASS,density,1.26,{},https://doi.org/10.1007/s00894-020-04431-3,Investigation of nanoparticle‚Äö√Ñ√¨polymer interaction in bio-based nanosilica-filled PLA/NR nanocomposites: molecular dynamics simulation,9d3abc319c5e
"Polymer: PLA + 3 parts silica.
Property: density = 1.31
Additional Info: {}
Force Field: COMPASS
Source: Investigation of nanoparticle‚Äö√Ñ√¨polymer interaction in bio-based nanosilica-filled PLA/NR nanocomposites: molecular dynamics simulation
DOI: https://doi.org/10.1007/s00894-020-04431-3",property,1312,PLA + 3 parts silica.,COMPASS,density,1.31,{},https://doi.org/10.1007/s00894-020-04431-3,Investigation of nanoparticle‚Äö√Ñ√¨polymer interaction in bio-based nanosilica-filled PLA/NR nanocomposites: molecular dynamics simulation,b44d3d96f1a2
"Polymer: Natural Rubber
Property: density = 1
Additional Info: {}
Force Field: COMPASS
Source: Investigation of nanoparticle‚Äö√Ñ√¨polymer interaction in bio-based nanosilica-filled PLA/NR nanocomposites: molecular dynamics simulation
DOI: https://doi.org/10.1007/s00894-020-04431-3",property,1313,Natural Rubber,COMPASS,density,1,{},https://doi.org/10.1007/s00894-020-04431-3,Investigation of nanoparticle‚Äö√Ñ√¨polymer interaction in bio-based nanosilica-filled PLA/NR nanocomposites: molecular dynamics simulation,28625b9be247
"Polymer: Natural Rubber
Property: glass_transition_temp = 214
Additional Info: {}
Force Field: COMPASS
Source: Investigation of nanoparticle‚Äö√Ñ√¨polymer interaction in bio-based nanosilica-filled PLA/NR nanocomposites: molecular dynamics simulation
DOI: https://doi.org/10.1007/s00894-020-04431-3",property,1314,Natural Rubber,COMPASS,glass_transition_temp,214,{},https://doi.org/10.1007/s00894-020-04431-3,Investigation of nanoparticle‚Äö√Ñ√¨polymer interaction in bio-based nanosilica-filled PLA/NR nanocomposites: molecular dynamics simulation,450f209da671
"Polymer: Natural Rubber
Property: density = 1.02
Additional Info: {""condition"": ""Nanosphere sample 1""}
Force Field: COMPASS
Source: Investigation of nanoparticle‚Äö√Ñ√¨polymer interaction in bio-based nanosilica-filled PLA/NR nanocomposites: molecular dynamics simulation
DOI: https://doi.org/10.1007/s00894-020-04431-3",property,1315,Natural Rubber,COMPASS,density,1.02,"{""condition"": ""Nanosphere sample 1""}",https://doi.org/10.1007/s00894-020-04431-3,Investigation of nanoparticle‚Äö√Ñ√¨polymer interaction in bio-based nanosilica-filled PLA/NR nanocomposites: molecular dynamics simulation,0c7d9f6e7c6d
"Polymer: NR + 3 parts silica (NS3)
Property: density = 1.07
Additional Info: {""condition"": ""Nanosphere sample 3""}
Force Field: COMPASS
Source: Investigation of nanoparticle‚Äö√Ñ√¨polymer interaction in bio-based nanosilica-filled PLA/NR nanocomposites: molecular dynamics simulation
DOI: https://doi.org/10.1007/s00894-020-04431-3",property,1316,NR + 3 parts silica (NS3),COMPASS,density,1.07,"{""condition"": ""Nanosphere sample 3""}",https://doi.org/10.1007/s00894-020-04431-3,Investigation of nanoparticle‚Äö√Ñ√¨polymer interaction in bio-based nanosilica-filled PLA/NR nanocomposites: molecular dynamics simulation,808925426081
"Polymer: PLA/NR (90/10)
Property: density = 1.24
Additional Info: {}
Force Field: COMPASS
Source: Investigation of nanoparticle‚Äö√Ñ√¨polymer interaction in bio-based nanosilica-filled PLA/NR nanocomposites: molecular dynamics simulation
DOI: https://doi.org/10.1007/s00894-020-04431-3",property,1317,PLA/NR (90/10),COMPASS,density,1.24,{},https://doi.org/10.1007/s00894-020-04431-3,Investigation of nanoparticle‚Äö√Ñ√¨polymer interaction in bio-based nanosilica-filled PLA/NR nanocomposites: molecular dynamics simulation,74e1579bf607
"Polymer: PLA/NR blend (PN)
Property: glass_transition_temp = 331
Additional Info: {}
Force Field: COMPASS
Source: Investigation of nanoparticle‚Äö√Ñ√¨polymer interaction in bio-based nanosilica-filled PLA/NR nanocomposites: molecular dynamics simulation
DOI: https://doi.org/10.1007/s00894-020-04431-3",property,1318,PLA/NR blend (PN),COMPASS,glass_transition_temp,331,{},https://doi.org/10.1007/s00894-020-04431-3,Investigation of nanoparticle‚Äö√Ñ√¨polymer interaction in bio-based nanosilica-filled PLA/NR nanocomposites: molecular dynamics simulation,210aa415c06f
"Polymer: PLA/NR blend with silica
Property: density = 1.24
Additional Info: {""condition"": ""Nanocomposite variant PS1N""}
Force Field: COMPASS
Source: Investigation of nanoparticle‚Äö√Ñ√¨polymer interaction in bio-based nanosilica-filled PLA/NR nanocomposites: molecular dynamics simulation
DOI: https://doi.org/10.1007/s00894-020-04431-3",property,1319,PLA/NR blend with silica,COMPASS,density,1.24,"{""condition"": ""Nanocomposite variant PS1N""}",https://doi.org/10.1007/s00894-020-04431-3,Investigation of nanoparticle‚Äö√Ñ√¨polymer interaction in bio-based nanosilica-filled PLA/NR nanocomposites: molecular dynamics simulation,fcdfdb9a9b16
"Polymer: PLA/NR/silica nanocomposite
Property: density = 1.28
Additional Info: {""condition"": ""Nanocomposite variant PS3N""}
Force Field: COMPASS
Source: Investigation of nanoparticle‚Äö√Ñ√¨polymer interaction in bio-based nanosilica-filled PLA/NR nanocomposites: molecular dynamics simulation
DOI: https://doi.org/10.1007/s00894-020-04431-3",property,1320,PLA/NR/silica nanocomposite,COMPASS,density,1.28,"{""condition"": ""Nanocomposite variant PS3N""}",https://doi.org/10.1007/s00894-020-04431-3,Investigation of nanoparticle‚Äö√Ñ√¨polymer interaction in bio-based nanosilica-filled PLA/NR nanocomposites: molecular dynamics simulation,b5b861de46d3
"Polymer: PLA/NR/silica nanocomposite
Property: glass_transition_temp = 327
Additional Info: {""condition"": ""Nanocomposite variant PS3N""}
Force Field: COMPASS
Source: Investigation of nanoparticle‚Äö√Ñ√¨polymer interaction in bio-based nanosilica-filled PLA/NR nanocomposites: molecular dynamics simulation
DOI: https://doi.org/10.1007/s00894-020-04431-3",property,1321,PLA/NR/silica nanocomposite,COMPASS,glass_transition_temp,327,"{""condition"": ""Nanocomposite variant PS3N""}",https://doi.org/10.1007/s00894-020-04431-3,Investigation of nanoparticle‚Äö√Ñ√¨polymer interaction in bio-based nanosilica-filled PLA/NR nanocomposites: molecular dynamics simulation,33c257d55891
"Polymer: PLA/NR/silica nanocomposite
Property: density = 1.28
Additional Info: {""condition"": ""Nanocomposite variant PS5N""}
Force Field: COMPASS
Source: Investigation of nanoparticle‚Äö√Ñ√¨polymer interaction in bio-based nanosilica-filled PLA/NR nanocomposites: molecular dynamics simulation
DOI: https://doi.org/10.1007/s00894-020-04431-3",property,1322,PLA/NR/silica nanocomposite,COMPASS,density,1.28,"{""condition"": ""Nanocomposite variant PS5N""}",https://doi.org/10.1007/s00894-020-04431-3,Investigation of nanoparticle‚Äö√Ñ√¨polymer interaction in bio-based nanosilica-filled PLA/NR nanocomposites: molecular dynamics simulation,5cef05ab55ad
"Polymer: Polystyrene nanocomposite (PS7 + Nanofiller)
Property: density = 1.33
Additional Info: {""condition"": ""Nanocomposite variant PS7N""}
Force Field: COMPASS
Source: Investigation of nanoparticle‚Äö√Ñ√¨polymer interaction in bio-based nanosilica-filled PLA/NR nanocomposites: molecular dynamics simulation
DOI: https://doi.org/10.1007/s00894-020-04431-3",property,1323,Polystyrene nanocomposite (PS7 + Nanofiller),COMPASS,density,1.33,"{""condition"": ""Nanocomposite variant PS7N""}",https://doi.org/10.1007/s00894-020-04431-3,Investigation of nanoparticle‚Äö√Ñ√¨polymer interaction in bio-based nanosilica-filled PLA/NR nanocomposites: molecular dynamics simulation,94dd0612d85e
"Polymer: Epoxy resin (DGEBA and 1,6-Diaminohexane)
Property: glass_transition_temp = 350
Additional Info: {""condition"": ""Crosslinked network""}
Force Field: COMPASS
Source: Investigation of packaging adhesive properties by molecular dynamics and experiments
DOI: https://doi.org/10.1002/app.49613",property,1325,"Epoxy resin (DGEBA and 1,6-Diaminohexane)",COMPASS,glass_transition_temp,350,"{""condition"": ""Crosslinked network""}",https://doi.org/10.1002/app.49613,Investigation of packaging adhesive properties by molecular dynamics and experiments,4f52611354ba
"Polymer: Epoxy resin (DGEBA and 1,6-Diaminohexane)
Property: youngs_modulus = 4.72
Additional Info: {""condition"": ""Crosslinked network,  for a temperature of 270 K""}
Force Field: COMPASS
Source: Investigation of packaging adhesive properties by molecular dynamics and experiments
DOI: https://doi.org/10.1002/app.49613",property,1326,"Epoxy resin (DGEBA and 1,6-Diaminohexane)",COMPASS,youngs_modulus,4.72,"{""condition"": ""Crosslinked network,  for a temperature of 270 K""}",https://doi.org/10.1002/app.49613,Investigation of packaging adhesive properties by molecular dynamics and experiments,fffb4f663e2a
"Polymer: Chondroitin sulfate-graft-polycaprolactone (low PCL content)
Property: density = 1.37
Additional Info: {""condition"": ""Low PCL content (2.4%), micelle: spheroidal""}
Force Field: COMPASS
Source: Investigation of the self-assembly of CS and PCL copolymers with different molecular weights in water solution by coarse-grained molecular dynamics simulation
DOI: https://doi.org/10.1007/s00894-017-3294-z",property,1327,Chondroitin sulfate-graft-polycaprolactone (low PCL content),COMPASS,density,1.37,"{""condition"": ""Low PCL content (2.4%), micelle: spheroidal""}",https://doi.org/10.1007/s00894-017-3294-z,Investigation of the self-assembly of CS and PCL copolymers with different molecular weights in water solution by coarse-grained molecular dynamics simulation,560f71235e4e
"Polymer: Chondroitin sulfate-graft-polycaprolactone (medium PCL content)
Property: radius_gyration = 4.54
Additional Info: {""condition"": ""Medium PCL content (6.3%), micelle: spheroidal""}
Force Field: COMPASS
Source: Investigation of the self-assembly of CS and PCL copolymers with different molecular weights in water solution by coarse-grained molecular dynamics simulation
DOI: https://doi.org/10.1007/s00894-017-3294-z",property,1332,Chondroitin sulfate-graft-polycaprolactone (medium PCL content),COMPASS,radius_gyration,4.54,"{""condition"": ""Medium PCL content (6.3%), micelle: spheroidal""}",https://doi.org/10.1007/s00894-017-3294-z,Investigation of the self-assembly of CS and PCL copolymers with different molecular weights in water solution by coarse-grained molecular dynamics simulation,6cc5b9678a42
"Polymer: Chondroitin sulfate-graft-polycaprolactone (high PCL content)
Property: radius_gyration = 7.1
Additional Info: {""condition"": ""High PCL content (18.7%), micelle: rod-like""}
Force Field: COMPASS
Source: Investigation of the self-assembly of CS and PCL copolymers with different molecular weights in water solution by coarse-grained molecular dynamics simulation
DOI: https://doi.org/10.1007/s00894-017-3294-z",property,1333,Chondroitin sulfate-graft-polycaprolactone (high PCL content),COMPASS,radius_gyration,7.1,"{""condition"": ""High PCL content (18.7%), micelle: rod-like""}",https://doi.org/10.1007/s00894-017-3294-z,Investigation of the self-assembly of CS and PCL copolymers with different molecular weights in water solution by coarse-grained molecular dynamics simulation,260c5a9c0745
"Polymer: Polystyrene
Property: density = 0.99
Additional Info: {""condition"": ""Disordered""}
Force Field: AMBER-OPLS
Source: Is the alignment of nematics on a polymer slab always along the rubbing direction? A molecular dynamics study
DOI: https://doi.org/10.1080/02678292.2017.1342146",property,1337,Polystyrene,AMBER-OPLS,density,0.99,"{""condition"": ""Disordered""}",https://doi.org/10.1080/02678292.2017.1342146,Is the alignment of nematics on a polymer slab always along the rubbing direction? A molecular dynamics study,42a170412cb3
"Polymer: Polystyrene
Property: radius_gyration = 1.9
Additional Info: {""condition"": ""Disordered""}
Force Field: AMBER-OPLS
Source: Is the alignment of nematics on a polymer slab always along the rubbing direction? A molecular dynamics study
DOI: https://doi.org/10.1080/02678292.2017.1342146",property,1338,Polystyrene,AMBER-OPLS,radius_gyration,1.9,"{""condition"": ""Disordered""}",https://doi.org/10.1080/02678292.2017.1342146,Is the alignment of nematics on a polymer slab always along the rubbing direction? A molecular dynamics study,d3e36b107d60
"Polymer: Polystyrene
Property: radius_gyration = 2.9
Additional Info: {""condition"": ""Ordered""}
Force Field: AMBER-OPLS
Source: Is the alignment of nematics on a polymer slab always along the rubbing direction? A molecular dynamics study
DOI: https://doi.org/10.1080/02678292.2017.1342146",property,1340,Polystyrene,AMBER-OPLS,radius_gyration,2.9,"{""condition"": ""Ordered""}",https://doi.org/10.1080/02678292.2017.1342146,Is the alignment of nematics on a polymer slab always along the rubbing direction? A molecular dynamics study,6423a094239d
"Polymer: Poly(methyl methacrylate)
Property: density = 1.04
Additional Info: {""condition"": ""Disordered""}
Force Field: AMBER-OPLS
Source: Is the alignment of nematics on a polymer slab always along the rubbing direction? A molecular dynamics study
DOI: https://doi.org/10.1080/02678292.2017.1342146",property,1341,Poly(methyl methacrylate),AMBER-OPLS,density,1.04,"{""condition"": ""Disordered""}",https://doi.org/10.1080/02678292.2017.1342146,Is the alignment of nematics on a polymer slab always along the rubbing direction? A molecular dynamics study,52d065d373e7
"Polymer: Poly(methyl methacrylate)
Property: radius_gyration = 2
Additional Info: {""condition"": ""Disordered""}
Force Field: AMBER-OPLS
Source: Is the alignment of nematics on a polymer slab always along the rubbing direction? A molecular dynamics study
DOI: https://doi.org/10.1080/02678292.2017.1342146",property,1343,Poly(methyl methacrylate),AMBER-OPLS,radius_gyration,2,"{""condition"": ""Disordered""}",https://doi.org/10.1080/02678292.2017.1342146,Is the alignment of nematics on a polymer slab always along the rubbing direction? A molecular dynamics study,d91cf13366ca
"Polymer: Poly(methyl methacrylate)
Property: density = 1.07
Additional Info: {""condition"": ""Ordered""}
Force Field: AMBER-OPLS
Source: Is the alignment of nematics on a polymer slab always along the rubbing direction? A molecular dynamics study
DOI: https://doi.org/10.1080/02678292.2017.1342146",property,1344,Poly(methyl methacrylate),AMBER-OPLS,density,1.07,"{""condition"": ""Ordered""}",https://doi.org/10.1080/02678292.2017.1342146,Is the alignment of nematics on a polymer slab always along the rubbing direction? A molecular dynamics study,69916c3f89e5
"Polymer: Poly(methyl methacrylate)
Property: radius_gyration = 2.7
Additional Info: {""condition"": ""Ordered""}
Force Field: AMBER-OPLS
Source: Is the alignment of nematics on a polymer slab always along the rubbing direction? A molecular dynamics study
DOI: https://doi.org/10.1080/02678292.2017.1342146",property,1346,Poly(methyl methacrylate),AMBER-OPLS,radius_gyration,2.7,"{""condition"": ""Ordered""}",https://doi.org/10.1080/02678292.2017.1342146,Is the alignment of nematics on a polymer slab always along the rubbing direction? A molecular dynamics study,fd5ba96103a6
"Polymer: Polyethylene
Property: density = 0.5
Additional Info: {}
Force Field: Coarse-grained (CG) model
Source: Large deformation mechanism of glassy polyethylene polymer nanocomposites: Coarse grain molecular dynamics study
DOI: https://doi.org/10.1016/j.commatsci.2014.06.003",property,1347,Polyethylene,Coarse-grained (CG) model,density,0.5,{},https://doi.org/10.1016/j.commatsci.2014.06.003,Large deformation mechanism of glassy polyethylene polymer nanocomposites: Coarse grain molecular dynamics study,d67e689e1894
"Polymer: Polyethylene
Property: glass_transition_temp = 200-300
Additional Info: {}
Force Field: Coarse-grained (CG) model
Source: Large deformation mechanism of glassy polyethylene polymer nanocomposites: Coarse grain molecular dynamics study
DOI: https://doi.org/10.1016/j.commatsci.2014.06.003",property,1348,Polyethylene,Coarse-grained (CG) model,glass_transition_temp,200-300,{},https://doi.org/10.1016/j.commatsci.2014.06.003,Large deformation mechanism of glassy polyethylene polymer nanocomposites: Coarse grain molecular dynamics study,8f15e8824320
"Polymer: Polyethylene
Property: youngs_modulus = 2.18
Additional Info: {}
Force Field: Coarse-grained (CG) model
Source: Large deformation mechanism of glassy polyethylene polymer nanocomposites: Coarse grain molecular dynamics study
DOI: https://doi.org/10.1016/j.commatsci.2014.06.003",property,1349,Polyethylene,Coarse-grained (CG) model,youngs_modulus,2.18,{},https://doi.org/10.1016/j.commatsci.2014.06.003,Large deformation mechanism of glassy polyethylene polymer nanocomposites: Coarse grain molecular dynamics study,95f941549520
"Polymer: Polyethylene
Property: youngs_modulus = 2.76
Additional Info: {}
Force Field: Coarse-grained (CG) model
Source: Large deformation mechanism of glassy polyethylene polymer nanocomposites: Coarse grain molecular dynamics study
DOI: https://doi.org/10.1016/j.commatsci.2014.06.003",property,1352,Polyethylene,Coarse-grained (CG) model,youngs_modulus,2.76,{},https://doi.org/10.1016/j.commatsci.2014.06.003,Large deformation mechanism of glassy polyethylene polymer nanocomposites: Coarse grain molecular dynamics study,bca3c5486c5e
"Polymer: Poly(ethylene oxide) with LiTFSI (20:1) and 0.66 PYR13TFSI
Property: diffusion_coefficient = 3.54e-11
Additional Info: {""condition"": ""Ternary polymer electrolyte with ionic liquid (0.66 PYR13TFSI fraction)""}
Force Field: AMBER 10 many-body polarizable force field
Source: Lithium Ion Transport Mechanism in Ternary Polymer Electrolyte-Ionic Liquid Mixtures: A Molecular Dynamics Simulation Study
DOI: https://doi.org/10.1021/mz3006457",property,1354,Poly(ethylene oxide) with LiTFSI (20:1) and 0.66 PYR13TFSI,AMBER 10 many-body polarizable force field,diffusion_coefficient,3.54e-11,"{""condition"": ""Ternary polymer electrolyte with ionic liquid (0.66 PYR13TFSI fraction)""}",https://doi.org/10.1021/mz3006457,Lithium Ion Transport Mechanism in Ternary Polymer Electrolyte-Ionic Liquid Mixtures: A Molecular Dynamics Simulation Study,2c6f3a99a6c5
"Polymer: Polyethylene
Property: density = 0.78
Additional Info: {}
Force Field: Smit et al. atomistic force field and IBI coarse-grained force field
Source: Local and global dynamics of multi-resolved polymer chains: Effects of the interactions atoms-beads on the dynamic of the chains
DOI: https://doi.org/10.1063/1.4976645",property,1355,Polyethylene,Smit et al. atomistic force field and IBI coarse-grained force field,density,0.78,{},https://doi.org/10.1063/1.4976645,Local and global dynamics of multi-resolved polymer chains: Effects of the interactions atoms-beads on the dynamic of the chains,0ae8939de42c
"Polymer: Polyethylene (PE-A0)
Property: density = 0.78
Additional Info: {""condition"": ""Resolution: fully coarse-grained (0 atoms, 160 beads)""}
Force Field: IBI coarse-grained force field
Source: Local and global dynamics of multi-resolved polymer chains: Effects of the interactions atoms-beads on the dynamic of the chains
DOI: https://doi.org/10.1063/1.4976645",property,1357,Polyethylene (PE-A0),IBI coarse-grained force field,density,0.78,"{""condition"": ""Resolution: fully coarse-grained (0 atoms, 160 beads)""}",https://doi.org/10.1063/1.4976645,Local and global dynamics of multi-resolved polymer chains: Effects of the interactions atoms-beads on the dynamic of the chains,4b0642047726
"Polymer: Polyethylene (PE-A180)
Property: density = 0.78
Additional Info: {""condition"": ""Resolution: hybrid (180 atoms + 100 beads, _C=0.625)""}
Force Field: Hybrid atomistic/coarse-grained (Smit et al. + IBI)
Source: Local and global dynamics of multi-resolved polymer chains: Effects of the interactions atoms-beads on the dynamic of the chains
DOI: https://doi.org/10.1063/1.4976645",property,1359,Polyethylene (PE-A180),Hybrid atomistic/coarse-grained (Smit et al. + IBI),density,0.78,"{""condition"": ""Resolution: hybrid (180 atoms + 100 beads, _C=0.625)""}",https://doi.org/10.1063/1.4976645,Local and global dynamics of multi-resolved polymer chains: Effects of the interactions atoms-beads on the dynamic of the chains,79ea40359f55
"Polymer: Polyethylene (PE-A330)
Property: density = 0.78
Additional Info: {""condition"": ""Resolution: hybrid (330 atoms + 50 beads, _C=0.3125)""}
Force Field: Hybrid atomistic/coarse-grained (Smit et al. + IBI)
Source: Local and global dynamics of multi-resolved polymer chains: Effects of the interactions atoms-beads on the dynamic of the chains
DOI: https://doi.org/10.1063/1.4976645",property,1361,Polyethylene (PE-A330),Hybrid atomistic/coarse-grained (Smit et al. + IBI),density,0.78,"{""condition"": ""Resolution: hybrid (330 atoms + 50 beads, _C=0.3125)""}",https://doi.org/10.1063/1.4976645,Local and global dynamics of multi-resolved polymer chains: Effects of the interactions atoms-beads on the dynamic of the chains,8131cae585c1
"Polymer: Epoxy resin (DGEBA cured with 3,3'-Diaminodiphenylsulfone)
Property: density = 1.161
Additional Info: {""condition"": ""Crosslinked network (difunctional curing agent)""}
Force Field: DREIDING
Source: Material property prediction of thermoset polymers by molecular dynamics simulations
DOI: https://doi.org/10.1007/s00707-013-1064-2",property,1364,"Epoxy resin (DGEBA cured with 3,3'-Diaminodiphenylsulfone)",DREIDING,density,1.161,"{""condition"": ""Crosslinked network (difunctional curing agent)""}",https://doi.org/10.1007/s00707-013-1064-2,Material property prediction of thermoset polymers by molecular dynamics simulations,3959ae58735e
"Polymer: Epoxy resin (DGEBA cured with 3,3'-Diaminodiphenylsulfone)
Property: glass_transition_temp = 519
Additional Info: {""condition"": ""Crosslinked network (difunctional curing agent)""}
Force Field: DREIDING
Source: Material property prediction of thermoset polymers by molecular dynamics simulations
DOI: https://doi.org/10.1007/s00707-013-1064-2",property,1365,"Epoxy resin (DGEBA cured with 3,3'-Diaminodiphenylsulfone)",DREIDING,glass_transition_temp,519,"{""condition"": ""Crosslinked network (difunctional curing agent)""}",https://doi.org/10.1007/s00707-013-1064-2,Material property prediction of thermoset polymers by molecular dynamics simulations,1c02cbdaf98e
"Polymer: Epoxy resin (DGEBA cured with 3,3'-Diaminodiphenylsulfone)
Property: youngs_modulus = 2.81
Additional Info: {""condition"": ""Crosslinked network (difunctional curing agent)""}
Force Field: DREIDING
Source: Material property prediction of thermoset polymers by molecular dynamics simulations
DOI: https://doi.org/10.1007/s00707-013-1064-2",property,1366,"Epoxy resin (DGEBA cured with 3,3'-Diaminodiphenylsulfone)",DREIDING,youngs_modulus,2.81,"{""condition"": ""Crosslinked network (difunctional curing agent)""}",https://doi.org/10.1007/s00707-013-1064-2,Material property prediction of thermoset polymers by molecular dynamics simulations,c9be4de110c9
"Polymer: Epoxy resin (DGEBA cured with 4,4'-Diaminodiphenylsulfone)
Property: density = 1.156
Additional Info: {""condition"": ""Crosslinked network (difunctional curing agent)""}
Force Field: DREIDING
Source: Material property prediction of thermoset polymers by molecular dynamics simulations
DOI: https://doi.org/10.1007/s00707-013-1064-2",property,1367,"Epoxy resin (DGEBA cured with 4,4'-Diaminodiphenylsulfone)",DREIDING,density,1.156,"{""condition"": ""Crosslinked network (difunctional curing agent)""}",https://doi.org/10.1007/s00707-013-1064-2,Material property prediction of thermoset polymers by molecular dynamics simulations,0742dfeb2d55
"Polymer: Epoxy resin (DGEBA cured with 4,4'-Diaminodiphenylsulfone)
Property: glass_transition_temp = 536
Additional Info: {""condition"": ""Crosslinked network (difunctional curing agent)""}
Force Field: DREIDING
Source: Material property prediction of thermoset polymers by molecular dynamics simulations
DOI: https://doi.org/10.1007/s00707-013-1064-2",property,1368,"Epoxy resin (DGEBA cured with 4,4'-Diaminodiphenylsulfone)",DREIDING,glass_transition_temp,536,"{""condition"": ""Crosslinked network (difunctional curing agent)""}",https://doi.org/10.1007/s00707-013-1064-2,Material property prediction of thermoset polymers by molecular dynamics simulations,82d0867660d1
"Polymer: Epoxy resin (DGEBA cured with 4,4'-Diaminodiphenylsulfone)
Property: youngs_modulus = 2.45
Additional Info: {""condition"": ""Crosslinked network (difunctional curing agent)""}
Force Field: DREIDING
Source: Material property prediction of thermoset polymers by molecular dynamics simulations
DOI: https://doi.org/10.1007/s00707-013-1064-2",property,1369,"Epoxy resin (DGEBA cured with 4,4'-Diaminodiphenylsulfone)",DREIDING,youngs_modulus,2.45,"{""condition"": ""Crosslinked network (difunctional curing agent)""}",https://doi.org/10.1007/s00707-013-1064-2,Material property prediction of thermoset polymers by molecular dynamics simulations,a5ad27c535f9
"Polymer: Epoxy resin (DGEBA cured with APB133)
Property: density = 1.132
Additional Info: {""condition"": ""Crosslinked network (difunctional curing agent, flexible spacer)""}
Force Field: DREIDING
Source: Material property prediction of thermoset polymers by molecular dynamics simulations
DOI: https://doi.org/10.1007/s00707-013-1064-2",property,1370,Epoxy resin (DGEBA cured with APB133),DREIDING,density,1.132,"{""condition"": ""Crosslinked network (difunctional curing agent, flexible spacer)""}",https://doi.org/10.1007/s00707-013-1064-2,Material property prediction of thermoset polymers by molecular dynamics simulations,b4e6d55823fd
"Polymer: Epoxy resin (DGEBA cured with APB133)
Property: glass_transition_temp = 471
Additional Info: {""condition"": ""Crosslinked network (difunctional curing agent, flexible spacer)""}
Force Field: DREIDING
Source: Material property prediction of thermoset polymers by molecular dynamics simulations
DOI: https://doi.org/10.1007/s00707-013-1064-2",property,1371,Epoxy resin (DGEBA cured with APB133),DREIDING,glass_transition_temp,471,"{""condition"": ""Crosslinked network (difunctional curing agent, flexible spacer)""}",https://doi.org/10.1007/s00707-013-1064-2,Material property prediction of thermoset polymers by molecular dynamics simulations,ea6ec6ced9d5
"Polymer: Epoxy resin (DGEBA cured with APB133)
Property: youngs_modulus = 3.15
Additional Info: {""condition"": ""Crosslinked network (difunctional curing agent, flexible spacer)""}
Force Field: DREIDING
Source: Material property prediction of thermoset polymers by molecular dynamics simulations
DOI: https://doi.org/10.1007/s00707-013-1064-2",property,1372,Epoxy resin (DGEBA cured with APB133),DREIDING,youngs_modulus,3.15,"{""condition"": ""Crosslinked network (difunctional curing agent, flexible spacer)""}",https://doi.org/10.1007/s00707-013-1064-2,Material property prediction of thermoset polymers by molecular dynamics simulations,7709cc7303b9
"Polymer: Epoxy resin (DGEBA cured with Tris(2-aminoethyl)amine)
Property: density = 1.112
Additional Info: {""condition"": ""Crosslinked network (trifunctional curing agent)""}
Force Field: DREIDING
Source: Material property prediction of thermoset polymers by molecular dynamics simulations
DOI: https://doi.org/10.1007/s00707-013-1064-2",property,1373,Epoxy resin (DGEBA cured with Tris(2-aminoethyl)amine),DREIDING,density,1.112,"{""condition"": ""Crosslinked network (trifunctional curing agent)""}",https://doi.org/10.1007/s00707-013-1064-2,Material property prediction of thermoset polymers by molecular dynamics simulations,f3734281f510
"Polymer: Epoxy resin (DGEBA cured with Tris(2-aminoethyl)amine)
Property: glass_transition_temp = 509
Additional Info: {""condition"": ""Crosslinked network (trifunctional curing agent)""}
Force Field: DREIDING
Source: Material property prediction of thermoset polymers by molecular dynamics simulations
DOI: https://doi.org/10.1007/s00707-013-1064-2",property,1374,Epoxy resin (DGEBA cured with Tris(2-aminoethyl)amine),DREIDING,glass_transition_temp,509,"{""condition"": ""Crosslinked network (trifunctional curing agent)""}",https://doi.org/10.1007/s00707-013-1064-2,Material property prediction of thermoset polymers by molecular dynamics simulations,255b964d2199
"Polymer: Epoxy resin (DGEBA cured with Tris(2-aminoethyl)amine)
Property: youngs_modulus = 2.89
Additional Info: {""condition"": ""Crosslinked network (trifunctional curing agent)""}
Force Field: DREIDING
Source: Material property prediction of thermoset polymers by molecular dynamics simulations
DOI: https://doi.org/10.1007/s00707-013-1064-2",property,1375,Epoxy resin (DGEBA cured with Tris(2-aminoethyl)amine),DREIDING,youngs_modulus,2.89,"{""condition"": ""Crosslinked network (trifunctional curing agent)""}",https://doi.org/10.1007/s00707-013-1064-2,Material property prediction of thermoset polymers by molecular dynamics simulations,18b364803c05
"Polymer: Epoxy resin (DGEBA cured with Tris(4-aminophenyl)amine)
Property: youngs_modulus = 3.16
Additional Info: {""condition"": ""Crosslinked network (trifunctional curing agent)""}
Force Field: DREIDING
Source: Material property prediction of thermoset polymers by molecular dynamics simulations
DOI: https://doi.org/10.1007/s00707-013-1064-2",property,1377,Epoxy resin (DGEBA cured with Tris(4-aminophenyl)amine),DREIDING,youngs_modulus,3.16,"{""condition"": ""Crosslinked network (trifunctional curing agent)""}",https://doi.org/10.1007/s00707-013-1064-2,Material property prediction of thermoset polymers by molecular dynamics simulations,4f0d2ea82df5
"Polymer: Polyethylene
Property: glass_transition_temp = 280
Additional Info: {}
Force Field: United atom model by Paul et al. with modifications by Bolton et al. and In't Veld and Rutledge
Source: Mechanical Properties of Glassy Polyethylene Nanofibers via Molecular Dynamics Simulations
DOI: https://doi.org/10.1021/ma900250y",property,1378,Polyethylene,United atom model by Paul et al. with modifications by Bolton et al. and In't Veld and Rutledge,glass_transition_temp,280,{},https://doi.org/10.1021/ma900250y,Mechanical Properties of Glassy Polyethylene Nanofibers via Molecular Dynamics Simulations,2655b835e148
"Polymer: Polyethylene
Property: radius_gyration = 1.6
Additional Info: {}
Force Field: United atom model by Paul et al. with modifications by Bolton et al. and In't Veld and Rutledge
Source: Mechanical Properties of Glassy Polyethylene Nanofibers via Molecular Dynamics Simulations
DOI: https://doi.org/10.1021/ma900250y",property,1379,Polyethylene,United atom model by Paul et al. with modifications by Bolton et al. and In't Veld and Rutledge,radius_gyration,1.6,{},https://doi.org/10.1021/ma900250y,Mechanical Properties of Glassy Polyethylene Nanofibers via Molecular Dynamics Simulations,3c18954c5f5e
"Polymer: Polyethylene
Property: youngs_modulus = 1.05
Additional Info: {}
Force Field: United atom model by Paul et al. with modifications by Bolton et al. and In't Veld and Rutledge
Source: Mechanical Properties of Glassy Polyethylene Nanofibers via Molecular Dynamics Simulations
DOI: https://doi.org/10.1021/ma900250y",property,1382,Polyethylene,United atom model by Paul et al. with modifications by Bolton et al. and In't Veld and Rutledge,youngs_modulus,1.05,{},https://doi.org/10.1021/ma900250y,Mechanical Properties of Glassy Polyethylene Nanofibers via Molecular Dynamics Simulations,b3c37197bcd8
"Polymer: Polyethylene
Property: youngs_modulus = 0.89
Additional Info: {}
Force Field: United atom model by Paul et al. with modifications by Bolton et al. and In't Veld and Rutledge
Source: Mechanical Properties of Glassy Polyethylene Nanofibers via Molecular Dynamics Simulations
DOI: https://doi.org/10.1021/ma900250y",property,1384,Polyethylene,United atom model by Paul et al. with modifications by Bolton et al. and In't Veld and Rutledge,youngs_modulus,0.89,{},https://doi.org/10.1021/ma900250y,Mechanical Properties of Glassy Polyethylene Nanofibers via Molecular Dynamics Simulations,59581fef066e
"Polymer: Polyethylene
Property: youngs_modulus = 0.03
Additional Info: {}
Force Field: United atom model by Paul et al. with modifications by Bolton et al. and In't Veld and Rutledge
Source: Mechanical Properties of Glassy Polyethylene Nanofibers via Molecular Dynamics Simulations
DOI: https://doi.org/10.1021/ma900250y",property,1386,Polyethylene,United atom model by Paul et al. with modifications by Bolton et al. and In't Veld and Rutledge,youngs_modulus,0.03,{},https://doi.org/10.1021/ma900250y,Mechanical Properties of Glassy Polyethylene Nanofibers via Molecular Dynamics Simulations,b4c63c95648f
"Polymer: Polyethylene bulk
Property: youngs_modulus = 2.36
Additional Info: {""condition"": ""Bulk system""}
Force Field: United atom model by Paul et al. with modifications by Bolton et al. and In't Veld and Rutledge
Source: Mechanical Properties of Glassy Polyethylene Nanofibers via Molecular Dynamics Simulations
DOI: https://doi.org/10.1021/ma900250y",property,1388,Polyethylene bulk,United atom model by Paul et al. with modifications by Bolton et al. and In't Veld and Rutledge,youngs_modulus,2.36,"{""condition"": ""Bulk system""}",https://doi.org/10.1021/ma900250y,Mechanical Properties of Glassy Polyethylene Nanofibers via Molecular Dynamics Simulations,5ce0aaf3bcfb
"Polymer: Polyethylene bulk
Property: youngs_modulus = 1.838
Additional Info: {""condition"": ""Bulk system""}
Force Field: United atom model by Paul et al. with modifications by Bolton et al. and In't Veld and Rutledge
Source: Mechanical Properties of Glassy Polyethylene Nanofibers via Molecular Dynamics Simulations
DOI: https://doi.org/10.1021/ma900250y",property,1389,Polyethylene bulk,United atom model by Paul et al. with modifications by Bolton et al. and In't Veld and Rutledge,youngs_modulus,1.838,"{""condition"": ""Bulk system""}",https://doi.org/10.1021/ma900250y,Mechanical Properties of Glassy Polyethylene Nanofibers via Molecular Dynamics Simulations,bc6b26bc49b6
"Polymer: Polyethylene bulk
Property: youngs_modulus = 0.9
Additional Info: {""condition"": ""Bulk system""}
Force Field: United atom model by Paul et al. with modifications by Bolton et al. and In't Veld and Rutledge
Source: Mechanical Properties of Glassy Polyethylene Nanofibers via Molecular Dynamics Simulations
DOI: https://doi.org/10.1021/ma900250y",property,1390,Polyethylene bulk,United atom model by Paul et al. with modifications by Bolton et al. and In't Veld and Rutledge,youngs_modulus,0.9,"{""condition"": ""Bulk system""}",https://doi.org/10.1021/ma900250y,Mechanical Properties of Glassy Polyethylene Nanofibers via Molecular Dynamics Simulations,a52f71a8ec18
"Polymer: Polyethylene bulk
Property: youngs_modulus = 2.758
Additional Info: {""condition"": ""Bulk system""}
Force Field: United atom model by Paul et al. with modifications by Bolton et al. and In't Veld and Rutledge
Source: Mechanical Properties of Glassy Polyethylene Nanofibers via Molecular Dynamics Simulations
DOI: https://doi.org/10.1021/ma900250y",property,1391,Polyethylene bulk,United atom model by Paul et al. with modifications by Bolton et al. and In't Veld and Rutledge,youngs_modulus,2.758,"{""condition"": ""Bulk system""}",https://doi.org/10.1021/ma900250y,Mechanical Properties of Glassy Polyethylene Nanofibers via Molecular Dynamics Simulations,42837f4a1e50
"Polymer: Polyethylene bulk
Property: youngs_modulus = 2.49
Additional Info: {""condition"": ""Bulk system""}
Force Field: United atom model by Paul et al. with modifications by Bolton et al. and In't Veld and Rutledge
Source: Mechanical Properties of Glassy Polyethylene Nanofibers via Molecular Dynamics Simulations
DOI: https://doi.org/10.1021/ma900250y",property,1392,Polyethylene bulk,United atom model by Paul et al. with modifications by Bolton et al. and In't Veld and Rutledge,youngs_modulus,2.49,"{""condition"": ""Bulk system""}",https://doi.org/10.1021/ma900250y,Mechanical Properties of Glassy Polyethylene Nanofibers via Molecular Dynamics Simulations,1d5ada23d7b8
"Polymer: Polyethylene nanofibers
Property: youngs_modulus = 0.03 (surface layer at 200 K)
Additional Info: {""condition"": ""Nanofibers""}
Force Field: United atom model by Paul et al. with modifications by Bolton et al. and In't Veld and Rutledge
Source: Mechanical Properties of Glassy Polyethylene Nanofibers via Molecular Dynamics Simulations
DOI: https://doi.org/10.1021/ma900250y",property,1397,Polyethylene nanofibers,United atom model by Paul et al. with modifications by Bolton et al. and In't Veld and Rutledge,youngs_modulus,0.03 (surface layer at 200 K),"{""condition"": ""Nanofibers""}",https://doi.org/10.1021/ma900250y,Mechanical Properties of Glassy Polyethylene Nanofibers via Molecular Dynamics Simulations,4359511964c9
"Polymer: Polyethylene
Property: density = 0.9
Additional Info: {}
Force Field: Dreiding potential (united atom approach)
Source: Mechanical behaviors and molecular deformation mechanisms of polymers under high speed shock compression: A molecular dynamics simulation study
DOI: https://doi.org/10.1016/j.polymer.2016.06.047",property,1398,Polyethylene,Dreiding potential (united atom approach),density,0.9,{},https://doi.org/10.1016/j.polymer.2016.06.047,Mechanical behaviors and molecular deformation mechanisms of polymers under high speed shock compression: A molecular dynamics simulation study,62460fbd7be4
"Polymer: Poly(dicyclopentadiene)
Property: density = 1.02
Additional Info: {""condition"": ""0% NBOH""}
Force Field: GAFF
Source: Mechanics and nanovoid nucleation dynamics: effects of polar functionality in glassy polymer networks
DOI: https://doi.org/10.1039/c8sm01483c",property,1400,Poly(dicyclopentadiene),GAFF,density,1.02,"{""condition"": ""0% NBOH""}",https://doi.org/10.1039/c8sm01483c,Mechanics and nanovoid nucleation dynamics: effects of polar functionality in glassy polymer networks,6581a3cadf5f
"Polymer: Poly(dicyclopentadiene)
Property: glass_transition_temp = 421
Additional Info: {""condition"": ""0% NBOH""}
Force Field: GAFF
Source: Mechanics and nanovoid nucleation dynamics: effects of polar functionality in glassy polymer networks
DOI: https://doi.org/10.1039/c8sm01483c",property,1401,Poly(dicyclopentadiene),GAFF,glass_transition_temp,421,"{""condition"": ""0% NBOH""}",https://doi.org/10.1039/c8sm01483c,Mechanics and nanovoid nucleation dynamics: effects of polar functionality in glassy polymer networks,17c3b43f77c8
"Polymer: Poly(dicyclopentadiene)
Property: youngs_modulus = 2.5
Additional Info: {""condition"": ""0% NBOH""}
Force Field: GAFF
Source: Mechanics and nanovoid nucleation dynamics: effects of polar functionality in glassy polymer networks
DOI: https://doi.org/10.1039/c8sm01483c",property,1402,Poly(dicyclopentadiene),GAFF,youngs_modulus,2.5,"{""condition"": ""0% NBOH""}",https://doi.org/10.1039/c8sm01483c,Mechanics and nanovoid nucleation dynamics: effects of polar functionality in glassy polymer networks,d46e73aaa433
"Polymer: Poly(dicyclopentadiene-co-norbornene-2-methanol)
Property: density = 1.03
Additional Info: {""condition"": ""15% NBOH""}
Force Field: GAFF
Source: Mechanics and nanovoid nucleation dynamics: effects of polar functionality in glassy polymer networks
DOI: https://doi.org/10.1039/c8sm01483c",property,1403,Poly(dicyclopentadiene-co-norbornene-2-methanol),GAFF,density,1.03,"{""condition"": ""15% NBOH""}",https://doi.org/10.1039/c8sm01483c,Mechanics and nanovoid nucleation dynamics: effects of polar functionality in glassy polymer networks,6bfe20551d08
"Polymer: Poly(dicyclopentadiene-co-norbornene-2-methanol)
Property: glass_transition_temp = 421
Additional Info: {""condition"": ""15% NBOH""}
Force Field: GAFF
Source: Mechanics and nanovoid nucleation dynamics: effects of polar functionality in glassy polymer networks
DOI: https://doi.org/10.1039/c8sm01483c",property,1404,Poly(dicyclopentadiene-co-norbornene-2-methanol),GAFF,glass_transition_temp,421,"{""condition"": ""15% NBOH""}",https://doi.org/10.1039/c8sm01483c,Mechanics and nanovoid nucleation dynamics: effects of polar functionality in glassy polymer networks,b51e9854fc4d
"Polymer: Poly(dicyclopentadiene-co-norbornene-2-methanol)
Property: youngs_modulus = 2.6
Additional Info: {""condition"": ""15% NBOH""}
Force Field: GAFF
Source: Mechanics and nanovoid nucleation dynamics: effects of polar functionality in glassy polymer networks
DOI: https://doi.org/10.1039/c8sm01483c",property,1405,Poly(dicyclopentadiene-co-norbornene-2-methanol),GAFF,youngs_modulus,2.6,"{""condition"": ""15% NBOH""}",https://doi.org/10.1039/c8sm01483c,Mechanics and nanovoid nucleation dynamics: effects of polar functionality in glassy polymer networks,5698851285d8
"Polymer: Poly(dicyclopentadiene-co-norbornene-2-methanol)
Property: density = 1.04
Additional Info: {""condition"": ""50% NBOH""}
Force Field: GAFF
Source: Mechanics and nanovoid nucleation dynamics: effects of polar functionality in glassy polymer networks
DOI: https://doi.org/10.1039/c8sm01483c",property,1406,Poly(dicyclopentadiene-co-norbornene-2-methanol),GAFF,density,1.04,"{""condition"": ""50% NBOH""}",https://doi.org/10.1039/c8sm01483c,Mechanics and nanovoid nucleation dynamics: effects of polar functionality in glassy polymer networks,7b935cc4c850
"Polymer: Poly(dicyclopentadiene-co-norbornene-2-methanol)
Property: glass_transition_temp = 414
Additional Info: {""condition"": ""50% NBOH""}
Force Field: GAFF
Source: Mechanics and nanovoid nucleation dynamics: effects of polar functionality in glassy polymer networks
DOI: https://doi.org/10.1039/c8sm01483c",property,1407,Poly(dicyclopentadiene-co-norbornene-2-methanol),GAFF,glass_transition_temp,414,"{""condition"": ""50% NBOH""}",https://doi.org/10.1039/c8sm01483c,Mechanics and nanovoid nucleation dynamics: effects of polar functionality in glassy polymer networks,9e780398716b
"Polymer: Poly(dicyclopentadiene-co-norbornene-2-methanol)
Property: youngs_modulus = 3
Additional Info: {""condition"": ""50% NBOH""}
Force Field: GAFF
Source: Mechanics and nanovoid nucleation dynamics: effects of polar functionality in glassy polymer networks
DOI: https://doi.org/10.1039/c8sm01483c",property,1408,Poly(dicyclopentadiene-co-norbornene-2-methanol),GAFF,youngs_modulus,3,"{""condition"": ""50% NBOH""}",https://doi.org/10.1039/c8sm01483c,Mechanics and nanovoid nucleation dynamics: effects of polar functionality in glassy polymer networks,547d0586058b
"Polymer: Poly(norbornene-2-methanol)
Property: density = 1.07
Additional Info: {""condition"": ""100% NBOH""}
Force Field: GAFF
Source: Mechanics and nanovoid nucleation dynamics: effects of polar functionality in glassy polymer networks
DOI: https://doi.org/10.1039/c8sm01483c",property,1409,Poly(norbornene-2-methanol),GAFF,density,1.07,"{""condition"": ""100% NBOH""}",https://doi.org/10.1039/c8sm01483c,Mechanics and nanovoid nucleation dynamics: effects of polar functionality in glassy polymer networks,86528a8cd03e
"Polymer: Poly(norbornene-2-methanol)
Property: glass_transition_temp = 406
Additional Info: {""condition"": ""100% NBOH""}
Force Field: GAFF
Source: Mechanics and nanovoid nucleation dynamics: effects of polar functionality in glassy polymer networks
DOI: https://doi.org/10.1039/c8sm01483c",property,1410,Poly(norbornene-2-methanol),GAFF,glass_transition_temp,406,"{""condition"": ""100% NBOH""}",https://doi.org/10.1039/c8sm01483c,Mechanics and nanovoid nucleation dynamics: effects of polar functionality in glassy polymer networks,351de123b157
"Polymer: Poly(norbornene-2-methanol)
Property: youngs_modulus = 4.1
Additional Info: {""condition"": ""100% NBOH""}
Force Field: GAFF
Source: Mechanics and nanovoid nucleation dynamics: effects of polar functionality in glassy polymer networks
DOI: https://doi.org/10.1039/c8sm01483c",property,1411,Poly(norbornene-2-methanol),GAFF,youngs_modulus,4.1,"{""condition"": ""100% NBOH""}",https://doi.org/10.1039/c8sm01483c,Mechanics and nanovoid nucleation dynamics: effects of polar functionality in glassy polymer networks,81d25a247b4f
"Polymer: Polyethylene
Property: density = 0.92
Additional Info: {}
Force Field: united atom model
Source: Mechanisms of crazing in glassy polymers revealed by molecular dynamics simulations
DOI: https://doi.org/10.1103/physreve.86.021802",property,1412,Polyethylene,united atom model,density,0.92,{},https://doi.org/10.1103/physreve.86.021802,Mechanisms of crazing in glassy polymers revealed by molecular dynamics simulations,bd928923cff3
"Polymer: Polyethylene
Property: glass_transition_temp = 250
Additional Info: {}
Force Field: united atom model
Source: Mechanisms of crazing in glassy polymers revealed by molecular dynamics simulations
DOI: https://doi.org/10.1103/physreve.86.021802",property,1413,Polyethylene,united atom model,glass_transition_temp,250,{},https://doi.org/10.1103/physreve.86.021802,Mechanisms of crazing in glassy polymers revealed by molecular dynamics simulations,aeb0a3db6d52
"Polymer: Polyethylene (ring melt)
Property: density = 0.773
Additional Info: {""condition"":""chain lengths C100 and above""}
Force Field: united-atom (UA) model with parameters from Nath and Khare, Van der Ploeg and Berendsen, Toxvaerd, T
Source: Melt Structure and Dynamics of Unentangled Polyethylene Rings: Rouse Theory, Atomistic Molecular Dynamics Simulation, and Comparison with the Linear Analogues
DOI: https://doi.org/10.1021/ma1017555",property,1414,Polyethylene (ring melt),"united-atom (UA) model with parameters from Nath and Khare, Van der Ploeg and Berendsen, Toxvaerd, T",density,0.773,"{""condition"":""chain lengths C100 and above""}",https://doi.org/10.1021/ma1017555,"Melt Structure and Dynamics of Unentangled Polyethylene Rings: Rouse Theory, Atomistic Molecular Dynamics Simulation, and Comparison with the Linear Analogues",3534f27b64e0
"Polymer: Polyethylene (ring melt)
Property: radius_gyration = Varies with chain length; 
Additional Info: {""condition"": ""Ring melt""}
Force Field: united-atom (UA) model with parameters from Nath and Khare, Van der Ploeg and Berendsen, Toxvaerd, T
Source: Melt Structure and Dynamics of Unentangled Polyethylene Rings: Rouse Theory, Atomistic Molecular Dynamics Simulation, and Comparison with the Linear Analogues
DOI: https://doi.org/10.1021/ma1017555",property,1416,Polyethylene (ring melt),"united-atom (UA) model with parameters from Nath and Khare, Van der Ploeg and Berendsen, Toxvaerd, T",radius_gyration,Varies with chain length; ,"{""condition"": ""Ring melt""}",https://doi.org/10.1021/ma1017555,"Melt Structure and Dynamics of Unentangled Polyethylene Rings: Rouse Theory, Atomistic Molecular Dynamics Simulation, and Comparison with the Linear Analogues",2307c140981a
"Polymer: Poly(ethylene oxide) 10-mer
Property: density = 0.99123
Additional Info: {""condition"": ""10-mer oligomer""}
Force Field: Smith et al. adapted force field for DME and PEO in aqueous solutions
Source: Mesoscale Molecular Dynamics Simulations of the Force between Surfaces with Grafted Poly(ethylene oxide) Chains Derived from Atomistic Simulations
DOI: https://doi.org/10.1021/ma902060k",property,1418,Poly(ethylene oxide) 10-mer,Smith et al. adapted force field for DME and PEO in aqueous solutions,density,0.99123,"{""condition"": ""10-mer oligomer""}",https://doi.org/10.1021/ma902060k,Mesoscale Molecular Dynamics Simulations of the Force between Surfaces with Grafted Poly(ethylene oxide) Chains Derived from Atomistic Simulations,7ce73d681b85
"Polymer: Poly(ethylene oxide) 10-mer
Property: radius_gyration = 0.63
Additional Info: {""condition"": ""10-mer oligomer""}
Force Field: Smith et al. adapted force field for DME and PEO in aqueous solutions
Source: Mesoscale Molecular Dynamics Simulations of the Force between Surfaces with Grafted Poly(ethylene oxide) Chains Derived from Atomistic Simulations
DOI: https://doi.org/10.1021/ma902060k",property,1419,Poly(ethylene oxide) 10-mer,Smith et al. adapted force field for DME and PEO in aqueous solutions,radius_gyration,0.63,"{""condition"": ""10-mer oligomer""}",https://doi.org/10.1021/ma902060k,Mesoscale Molecular Dynamics Simulations of the Force between Surfaces with Grafted Poly(ethylene oxide) Chains Derived from Atomistic Simulations,b66f1e209519
"Polymer: Poly(ethylene oxide) 10-mer
Property: density = 0.99199
Additional Info: {""condition"": ""10-mer oligomer""}
Force Field: Smith et al. adapted force field for DME and PEO in aqueous solutions
Source: Mesoscale Molecular Dynamics Simulations of the Force between Surfaces with Grafted Poly(ethylene oxide) Chains Derived from Atomistic Simulations
DOI: https://doi.org/10.1021/ma902060k",property,1420,Poly(ethylene oxide) 10-mer,Smith et al. adapted force field for DME and PEO in aqueous solutions,density,0.99199,"{""condition"": ""10-mer oligomer""}",https://doi.org/10.1021/ma902060k,Mesoscale Molecular Dynamics Simulations of the Force between Surfaces with Grafted Poly(ethylene oxide) Chains Derived from Atomistic Simulations,4cf91a688d68
"Polymer: Poly(ethylene oxide) 10-mer
Property: radius_gyration = 0.61
Additional Info: {""condition"": ""10-mer oligomer""}
Force Field: Smith et al. adapted force field for DME and PEO in aqueous solutions
Source: Mesoscale Molecular Dynamics Simulations of the Force between Surfaces with Grafted Poly(ethylene oxide) Chains Derived from Atomistic Simulations
DOI: https://doi.org/10.1021/ma902060k",property,1421,Poly(ethylene oxide) 10-mer,Smith et al. adapted force field for DME and PEO in aqueous solutions,radius_gyration,0.61,"{""condition"": ""10-mer oligomer""}",https://doi.org/10.1021/ma902060k,Mesoscale Molecular Dynamics Simulations of the Force between Surfaces with Grafted Poly(ethylene oxide) Chains Derived from Atomistic Simulations,8d6a1429d3ef
"Polymer: Poly(ethersulfone)/Poly(tetrafluoroethylene) blend
Property: density = 2.09
Additional Info: {""condition"": ""10 wt% PES""}
Force Field: COMPASS
Source: Miscibility analysis of polyethersulfone and polytetrafluoroethylene using the molecular dynamics method
DOI: https://doi.org/10.1007/s12221-015-0510-2",property,1422,Poly(ethersulfone)/Poly(tetrafluoroethylene) blend,COMPASS,density,2.09,"{""condition"": ""10 wt% PES""}",https://doi.org/10.1007/s12221-015-0510-2,Miscibility analysis of polyethersulfone and polytetrafluoroethylene using the molecular dynamics method,5f25e2232470
"Polymer: Poly(ethersulfone)/Poly(tetrafluoroethylene) blend
Property: density = 1.99
Additional Info: {""condition"": ""20 wt% PES""}
Force Field: COMPASS
Source: Miscibility analysis of polyethersulfone and polytetrafluoroethylene using the molecular dynamics method
DOI: https://doi.org/10.1007/s12221-015-0510-2",property,1423,Poly(ethersulfone)/Poly(tetrafluoroethylene) blend,COMPASS,density,1.99,"{""condition"": ""20 wt% PES""}",https://doi.org/10.1007/s12221-015-0510-2,Miscibility analysis of polyethersulfone and polytetrafluoroethylene using the molecular dynamics method,e0cb89d95f83
"Polymer: Poly(ethersulfone)/Poly(tetrafluoroethylene) blend
Property: density = 1.9
Additional Info: {""condition"": ""30 wt% PES""}
Force Field: COMPASS
Source: Miscibility analysis of polyethersulfone and polytetrafluoroethylene using the molecular dynamics method
DOI: https://doi.org/10.1007/s12221-015-0510-2",property,1424,Poly(ethersulfone)/Poly(tetrafluoroethylene) blend,COMPASS,density,1.9,"{""condition"": ""30 wt% PES""}",https://doi.org/10.1007/s12221-015-0510-2,Miscibility analysis of polyethersulfone and polytetrafluoroethylene using the molecular dynamics method,7810dedfdfc3
"Polymer: Poly(ethersulfone)/Poly(tetrafluoroethylene) blend
Property: density = 1.82
Additional Info: {""condition"": ""40 wt% PES""}
Force Field: COMPASS
Source: Miscibility analysis of polyethersulfone and polytetrafluoroethylene using the molecular dynamics method
DOI: https://doi.org/10.1007/s12221-015-0510-2",property,1425,Poly(ethersulfone)/Poly(tetrafluoroethylene) blend,COMPASS,density,1.82,"{""condition"": ""40 wt% PES""}",https://doi.org/10.1007/s12221-015-0510-2,Miscibility analysis of polyethersulfone and polytetrafluoroethylene using the molecular dynamics method,bd3ef20fb9cb
"Polymer: Poly(ethersulfone)/Poly(tetrafluoroethylene) blend
Property: density = 1.74
Additional Info: {""condition"": ""50 wt% PES""}
Force Field: COMPASS
Source: Miscibility analysis of polyethersulfone and polytetrafluoroethylene using the molecular dynamics method
DOI: https://doi.org/10.1007/s12221-015-0510-2",property,1426,Poly(ethersulfone)/Poly(tetrafluoroethylene) blend,COMPASS,density,1.74,"{""condition"": ""50 wt% PES""}",https://doi.org/10.1007/s12221-015-0510-2,Miscibility analysis of polyethersulfone and polytetrafluoroethylene using the molecular dynamics method,a2685a2059a0
"Polymer: Poly(ethersulfone)/Poly(tetrafluoroethylene) blend
Property: density = 1.67
Additional Info: {""condition"": ""60 wt% PES""}
Force Field: COMPASS
Source: Miscibility analysis of polyethersulfone and polytetrafluoroethylene using the molecular dynamics method
DOI: https://doi.org/10.1007/s12221-015-0510-2",property,1427,Poly(ethersulfone)/Poly(tetrafluoroethylene) blend,COMPASS,density,1.67,"{""condition"": ""60 wt% PES""}",https://doi.org/10.1007/s12221-015-0510-2,Miscibility analysis of polyethersulfone and polytetrafluoroethylene using the molecular dynamics method,079ac4490399
"Polymer: Poly(ethersulfone)/Poly(tetrafluoroethylene) blend
Property: density = 1.61
Additional Info: {""condition"": ""70 wt% PES""}
Force Field: COMPASS
Source: Miscibility analysis of polyethersulfone and polytetrafluoroethylene using the molecular dynamics method
DOI: https://doi.org/10.1007/s12221-015-0510-2",property,1428,Poly(ethersulfone)/Poly(tetrafluoroethylene) blend,COMPASS,density,1.61,"{""condition"": ""70 wt% PES""}",https://doi.org/10.1007/s12221-015-0510-2,Miscibility analysis of polyethersulfone and polytetrafluoroethylene using the molecular dynamics method,dc7c8c9c7e19
"Polymer: Poly(ethersulfone)/Poly(tetrafluoroethylene) blend
Property: density = 1.55
Additional Info: {""condition"": ""80 wt% PES""}
Force Field: COMPASS
Source: Miscibility analysis of polyethersulfone and polytetrafluoroethylene using the molecular dynamics method
DOI: https://doi.org/10.1007/s12221-015-0510-2",property,1429,Poly(ethersulfone)/Poly(tetrafluoroethylene) blend,COMPASS,density,1.55,"{""condition"": ""80 wt% PES""}",https://doi.org/10.1007/s12221-015-0510-2,Miscibility analysis of polyethersulfone and polytetrafluoroethylene using the molecular dynamics method,599ef283f6c0
"Polymer: Epoxy (DGEBA-EDA)
Property: density = 1.118
Additional Info: {""condition"": ""Stoichiometric ratio 2:1 (slow cure, postcured, Tg ~391 K)""}
Force Field: GAFF 1.8
Source: Model of the DGEBA-EDA Epoxy Polymer: Experiments and Simulation Using Classical Molecular Dynamics
DOI: https://doi.org/10.1155/2019/9604714",property,1432,Epoxy (DGEBA-EDA),GAFF 1.8,density,1.118,"{""condition"": ""Stoichiometric ratio 2:1 (slow cure, postcured, Tg ~391 K)""}",https://doi.org/10.1155/2019/9604714,Model of the DGEBA-EDA Epoxy Polymer: Experiments and Simulation Using Classical Molecular Dynamics,808234aad864
"Polymer: Epoxy (DGEBA-EDA)
Property: glass_transition_temp = 390
Additional Info: {""condition"": ""Stoichiometric ratio 2:1 (slow cure, postcured, Tg ~391 K)""}
Force Field: GAFF 1.8
Source: Model of the DGEBA-EDA Epoxy Polymer: Experiments and Simulation Using Classical Molecular Dynamics
DOI: https://doi.org/10.1155/2019/9604714",property,1433,Epoxy (DGEBA-EDA),GAFF 1.8,glass_transition_temp,390,"{""condition"": ""Stoichiometric ratio 2:1 (slow cure, postcured, Tg ~391 K)""}",https://doi.org/10.1155/2019/9604714,Model of the DGEBA-EDA Epoxy Polymer: Experiments and Simulation Using Classical Molecular Dynamics,da61d0f4fc90
"Polymer: Epoxy (DGEBA-AFD)
Property: density = 1.18
Additional Info: {}
Force Field: cvff
Source: Modeling self-healing behavior of vitrimers using molecular dynamics with dynamic cross-linking capability
DOI: https://doi.org/10.1016/j.cplett.2020.137966",property,1434,Epoxy (DGEBA-AFD),cvff,density,1.18,{},https://doi.org/10.1016/j.cplett.2020.137966,Modeling self-healing behavior of vitrimers using molecular dynamics with dynamic cross-linking capability,e71ec5c5dcbe
"Polymer: Epoxy (DGEBA-AFD)
Property: youngs_modulus = 4.5
Additional Info: {}
Force Field: cvff
Source: Modeling self-healing behavior of vitrimers using molecular dynamics with dynamic cross-linking capability
DOI: https://doi.org/10.1016/j.cplett.2020.137966",property,1436,Epoxy (DGEBA-AFD),cvff,youngs_modulus,4.5,{},https://doi.org/10.1016/j.cplett.2020.137966,Modeling self-healing behavior of vitrimers using molecular dynamics with dynamic cross-linking capability,07f6b411457a
"Polymer: a
Property: density = 1.19
Additional Info: {""condition"": ""Damaged""}
Force Field: cvff
Source: Modeling self-healing behavior of vitrimers using molecular dynamics with dynamic cross-linking capability
DOI: https://doi.org/10.1016/j.cplett.2020.137966",property,1437,a,cvff,density,1.19,"{""condition"": ""Damaged""}",https://doi.org/10.1016/j.cplett.2020.137966,Modeling self-healing behavior of vitrimers using molecular dynamics with dynamic cross-linking capability,0db42e7c708f
"Polymer: Polypropylene
Property: density = 0.9
Additional Info: {}
Force Field: COMPASS
Source: Molecular Dynamic and Mesoscopic Dynamic Simulations for Polymer Blends
DOI: https://doi.org/10.4028/www.scientific.net/amr.1033-1034.496",property,1440,Polypropylene,COMPASS,density,0.9,{},https://doi.org/10.4028/www.scientific.net/amr.1033-1034.496,Molecular Dynamic and Mesoscopic Dynamic Simulations for Polymer Blends,fab64429182a
"Polymer: Polyamide 12
Property: density = 1.01
Additional Info: {}
Force Field: COMPASS
Source: Molecular Dynamic and Mesoscopic Dynamic Simulations for Polymer Blends
DOI: https://doi.org/10.4028/www.scientific.net/amr.1033-1034.496",property,1441,Polyamide 12,COMPASS,density,1.01,{},https://doi.org/10.4028/www.scientific.net/amr.1033-1034.496,Molecular Dynamic and Mesoscopic Dynamic Simulations for Polymer Blends,7be1fde2c0ab
"Polymer: Polypropylene / Polyamide 12 blend
Property: density = 0.95
Additional Info: {""condition"": ""10 wt% PA12""}
Force Field: COMPASS
Source: Molecular Dynamic and Mesoscopic Dynamic Simulations for Polymer Blends
DOI: https://doi.org/10.4028/www.scientific.net/amr.1033-1034.496",property,1442,Polypropylene / Polyamide 12 blend,COMPASS,density,0.95,"{""condition"": ""10 wt% PA12""}",https://doi.org/10.4028/www.scientific.net/amr.1033-1034.496,Molecular Dynamic and Mesoscopic Dynamic Simulations for Polymer Blends,d4b0994f3f42
"Polymer: Polypropylene / Polyamide 12 blend
Property: diffusion_coefficient = 1e-11
Additional Info: {""condition"": ""10 wt% PA12""}
Force Field: COMPASS
Source: Molecular Dynamic and Mesoscopic Dynamic Simulations for Polymer Blends
DOI: https://doi.org/10.4028/www.scientific.net/amr.1033-1034.496",property,1443,Polypropylene / Polyamide 12 blend,COMPASS,diffusion_coefficient,1e-11,"{""condition"": ""10 wt% PA12""}",https://doi.org/10.4028/www.scientific.net/amr.1033-1034.496,Molecular Dynamic and Mesoscopic Dynamic Simulations for Polymer Blends,4243ec0a9694
"Polymer: Hydroxypropylmethylcellulose
Property: density = 1.23
Additional Info: {}
Force Field: Amber and Glycam
Source: Molecular Dynamics Simulation of Amorphous Hydroxypropylmethylcellulose and Its Mixtures With Felodipine and Water
DOI: https://doi.org/10.1016/j.xphs.2016.10.026",property,1444,Hydroxypropylmethylcellulose,Amber and Glycam,density,1.23,{},https://doi.org/10.1016/j.xphs.2016.10.026,Molecular Dynamics Simulation of Amorphous Hydroxypropylmethylcellulose and Its Mixtures With Felodipine and Water,7f27e0620d83
"Polymer: Hydroxypropylmethylcellulose
Property: glass_transition_temp = 443
Additional Info: {}
Force Field: Amber and Glycam
Source: Molecular Dynamics Simulation of Amorphous Hydroxypropylmethylcellulose and Its Mixtures With Felodipine and Water
DOI: https://doi.org/10.1016/j.xphs.2016.10.026",property,1445,Hydroxypropylmethylcellulose,Amber and Glycam,glass_transition_temp,443,{},https://doi.org/10.1016/j.xphs.2016.10.026,Molecular Dynamics Simulation of Amorphous Hydroxypropylmethylcellulose and Its Mixtures With Felodipine and Water,8b67f699c02e
"Polymer: Hydroxypropylmethylcellulose
Property: density = 1.23
Additional Info: {}
Force Field: Amber and Glycam
Source: Molecular Dynamics Simulation of Amorphous Hydroxypropylmethylcellulose and Its Mixtures With Felodipine and Water
DOI: https://doi.org/10.1016/j.xphs.2016.10.026",property,1446,Hydroxypropylmethylcellulose,Amber and Glycam,density,1.23,{},https://doi.org/10.1016/j.xphs.2016.10.026,Molecular Dynamics Simulation of Amorphous Hydroxypropylmethylcellulose and Its Mixtures With Felodipine and Water,7f27e0620d83
"Polymer: Hydroxypropylmethylcellulose
Property: glass_transition_temp = 406
Additional Info: {}
Force Field: Amber and Glycam
Source: Molecular Dynamics Simulation of Amorphous Hydroxypropylmethylcellulose and Its Mixtures With Felodipine and Water
DOI: https://doi.org/10.1016/j.xphs.2016.10.026",property,1448,Hydroxypropylmethylcellulose,Amber and Glycam,glass_transition_temp,406,{},https://doi.org/10.1016/j.xphs.2016.10.026,Molecular Dynamics Simulation of Amorphous Hydroxypropylmethylcellulose and Its Mixtures With Felodipine and Water,0c072359a0d1
"Polymer: Hydroxypropylmethylcellulose
Property: density = 1.21
Additional Info: {}
Force Field: Amber and Glycam
Source: Molecular Dynamics Simulation of Amorphous Hydroxypropylmethylcellulose and Its Mixtures With Felodipine and Water
DOI: https://doi.org/10.1016/j.xphs.2016.10.026",property,1449,Hydroxypropylmethylcellulose,Amber and Glycam,density,1.21,{},https://doi.org/10.1016/j.xphs.2016.10.026,Molecular Dynamics Simulation of Amorphous Hydroxypropylmethylcellulose and Its Mixtures With Felodipine and Water,6a0c6813e013
"Polymer: Hydroxypropylmethylcellulose
Property: glass_transition_temp = 352
Additional Info: {}
Force Field: Amber and Glycam
Source: Molecular Dynamics Simulation of Amorphous Hydroxypropylmethylcellulose and Its Mixtures With Felodipine and Water
DOI: https://doi.org/10.1016/j.xphs.2016.10.026",property,1451,Hydroxypropylmethylcellulose,Amber and Glycam,glass_transition_temp,352,{},https://doi.org/10.1016/j.xphs.2016.10.026,Molecular Dynamics Simulation of Amorphous Hydroxypropylmethylcellulose and Its Mixtures With Felodipine and Water,099b215bf56f
"Polymer: Polyethylene (C150)
Property: diffusion_coefficient = 4.1e-11
Additional Info: {""Condition"": ""C150 melt at 450 K, 1 atm (explicitly reported)""}
Force Field: PYS united-atom
Source: Molecular Dynamics Simulation of Homogeneous Crystal Nucleation in Polyethylene
DOI: https://doi.org/10.1021/ma4004659",property,1452,Polyethylene (C150),PYS united-atom,diffusion_coefficient,4.1e-11,"{""Condition"": ""C150 melt at 450 K, 1 atm (explicitly reported)""}",https://doi.org/10.1021/ma4004659,Molecular Dynamics Simulation of Homogeneous Crystal Nucleation in Polyethylene,d6c5ebcd3b4a
"Polymer: Polyethylene (C150)
Property: glass_transition_temp = 215.22
Additional Info: {""condition"": ""C150 chain length""}
Force Field: PYS united-atom
Source: Molecular Dynamics Simulation of Homogeneous Crystal Nucleation in Polyethylene
DOI: https://doi.org/10.1021/ma4004659",property,1453,Polyethylene (C150),PYS united-atom,glass_transition_temp,215.22,"{""condition"": ""C150 chain length""}",https://doi.org/10.1021/ma4004659,Molecular Dynamics Simulation of Homogeneous Crystal Nucleation in Polyethylene,efd28a3db1a7
"Polymer: Polyethylene (C1000)
Property: glass_transition_temp = 223.04
Additional Info: {""condition"": ""C1000 chain length""}
Force Field: PYS united-atom
Source: Molecular Dynamics Simulation of Homogeneous Crystal Nucleation in Polyethylene
DOI: https://doi.org/10.1021/ma4004659",property,1454,Polyethylene (C1000),PYS united-atom,glass_transition_temp,223.04,"{""condition"": ""C1000 chain length""}",https://doi.org/10.1021/ma4004659,Molecular Dynamics Simulation of Homogeneous Crystal Nucleation in Polyethylene,2336c8f842fd
"Polymer: Poly(ethylene oxide)
Property: radius_gyration = 0.75
Additional Info: {}
Force Field: GROMOS 45a3
Source: Molecular Dynamics Simulation of Interactions between a Sodium Dodecyl Sulfate Micelle and a Poly(Ethylene Oxide) Polymer
DOI: https://doi.org/10.1021/jp0773841",property,1455,Poly(ethylene oxide),GROMOS 45a3,radius_gyration,0.75,{},https://doi.org/10.1021/jp0773841,Molecular Dynamics Simulation of Interactions between a Sodium Dodecyl Sulfate Micelle and a Poly(Ethylene Oxide) Polymer,6ee975cee9d5
"Polymer: Poly(ethylene oxide)
Property: radius_gyration = 1.08
Additional Info: {}
Force Field: GROMOS 45a3
Source: Molecular Dynamics Simulation of Interactions between a Sodium Dodecyl Sulfate Micelle and a Poly(Ethylene Oxide) Polymer
DOI: https://doi.org/10.1021/jp0773841",property,1456,Poly(ethylene oxide),GROMOS 45a3,radius_gyration,1.08,{},https://doi.org/10.1021/jp0773841,Molecular Dynamics Simulation of Interactions between a Sodium Dodecyl Sulfate Micelle and a Poly(Ethylene Oxide) Polymer,4dbb53a0b6ea
"Polymer: Poly(ethylene oxide)
Property: radius_gyration = 1.5
Additional Info: {}
Force Field: GROMOS 45a3
Source: Molecular Dynamics Simulation of Interactions between a Sodium Dodecyl Sulfate Micelle and a Poly(Ethylene Oxide) Polymer
DOI: https://doi.org/10.1021/jp0773841",property,1457,Poly(ethylene oxide),GROMOS 45a3,radius_gyration,1.5,{},https://doi.org/10.1021/jp0773841,Molecular Dynamics Simulation of Interactions between a Sodium Dodecyl Sulfate Micelle and a Poly(Ethylene Oxide) Polymer,1d87cc6a8ce8
"Polymer: Poly(ethylene oxide)
Property: radius_gyration = 1.96
Additional Info: {}
Force Field: GROMOS 45a3
Source: Molecular Dynamics Simulation of Interactions between a Sodium Dodecyl Sulfate Micelle and a Poly(Ethylene Oxide) Polymer
DOI: https://doi.org/10.1021/jp0773841",property,1458,Poly(ethylene oxide),GROMOS 45a3,radius_gyration,1.96,{},https://doi.org/10.1021/jp0773841,Molecular Dynamics Simulation of Interactions between a Sodium Dodecyl Sulfate Micelle and a Poly(Ethylene Oxide) Polymer,7485d19ed678
"Polymer: Poly(ethylene oxide)
Property: diffusion_coefficient = 3.9e-10
Additional Info: {}
Force Field: GROMOS 45a3
Source: Molecular Dynamics Simulation of Interactions between a Sodium Dodecyl Sulfate Micelle and a Poly(Ethylene Oxide) Polymer
DOI: https://doi.org/10.1021/jp0773841",property,1459,Poly(ethylene oxide),GROMOS 45a3,diffusion_coefficient,3.9e-10,{},https://doi.org/10.1021/jp0773841,Molecular Dynamics Simulation of Interactions between a Sodium Dodecyl Sulfate Micelle and a Poly(Ethylene Oxide) Polymer,4fb535e3229a
"Polymer: Benzocyclobutene
Property: radius_gyration = 5.3
Additional Info: {""condition"": ""Intramolecularly cross-linked (MD study)""}
Force Field: united atom model
Source: Molecular Dynamics Simulation of Intramolecular Cross-Linking of BCB/Styrene Copolymers
DOI: https://doi.org/10.1021/ma901486q",property,1460,Benzocyclobutene,united atom model,radius_gyration,5.3,"{""condition"": ""Intramolecularly cross-linked (MD study)""}",https://doi.org/10.1021/ma901486q,Molecular Dynamics Simulation of Intramolecular Cross-Linking of BCB/Styrene Copolymers,551348dd5ab0
"Polymer: Polyamide-6,6 oligomer (10 repeat units) + CNT (6,0)
Property: density = 0.9852
Additional Info: {""condition"": ""10 repeat units + CNT (6,0), diameter 0.475 nm""}
Force Field: YASP force field parameters from literature
Source: Molecular Dynamics Simulation of a Polyamide-66/Carbon Nanotube Nanocomposite
DOI: https://doi.org/10.1021/jp501672t",property,1469,"Polyamide-6,6 oligomer (10 repeat units) + CNT (6,0)",YASP force field parameters from literature,density,0.9852,"{""condition"": ""10 repeat units + CNT (6,0), diameter 0.475 nm""}",https://doi.org/10.1021/jp501672t,Molecular Dynamics Simulation of a Polyamide-66/Carbon Nanotube Nanocomposite,d2708c8517df
"Polymer: Polyamide-6,6 oligomer (10 repeat units) + CNT (10,0)
Property: density = 0.9815
Additional Info: {""condition"": ""10 repeat units + CNT (10,0), diameter 0.786 nm""}
Force Field: YASP force field parameters from literature
Source: Molecular Dynamics Simulation of a Polyamide-66/Carbon Nanotube Nanocomposite
DOI: https://doi.org/10.1021/jp501672t",property,1470,"Polyamide-6,6 oligomer (10 repeat units) + CNT (10,0)",YASP force field parameters from literature,density,0.9815,"{""condition"": ""10 repeat units + CNT (10,0), diameter 0.786 nm""}",https://doi.org/10.1021/jp501672t,Molecular Dynamics Simulation of a Polyamide-66/Carbon Nanotube Nanocomposite,1d5d3b33468e
"Polymer: Polyethylene (C78)
Property: density = 0.74
Additional Info: {""condition"": ""C78 chain length""}
Force Field: Atomistic united-atom force field with Lennard-Jones, bending, torsional potentials, Steele's potent
Source: Molecular Dynamics Simulation of a Polymer Melt/Solid Interface: Local Dynamics and Chain Mobility in a Thin Film of Polyethylene Melt Adsorbed on Graphite
DOI: https://doi.org/10.1021/ma050177j",property,1471,Polyethylene (C78),"Atomistic united-atom force field with Lennard-Jones, bending, torsional potentials, Steele's potent",density,0.74,"{""condition"": ""C78 chain length""}",https://doi.org/10.1021/ma050177j,Molecular Dynamics Simulation of a Polymer Melt/Solid Interface: Local Dynamics and Chain Mobility in a Thin Film of Polyethylene Melt Adsorbed on Graphite,77a9357f830e
"Polymer: Polyethylene (C156)
Property: density = 0.75
Additional Info: {""condition"": ""C156 chain length""}
Force Field: Atomistic united-atom force field with Lennard-Jones, bending, torsional potentials, Steele's potent
Source: Molecular Dynamics Simulation of a Polymer Melt/Solid Interface: Local Dynamics and Chain Mobility in a Thin Film of Polyethylene Melt Adsorbed on Graphite
DOI: https://doi.org/10.1021/ma050177j",property,1473,Polyethylene (C156),"Atomistic united-atom force field with Lennard-Jones, bending, torsional potentials, Steele's potent",density,0.75,"{""condition"": ""C156 chain length""}",https://doi.org/10.1021/ma050177j,Molecular Dynamics Simulation of a Polymer Melt/Solid Interface: Local Dynamics and Chain Mobility in a Thin Film of Polyethylene Melt Adsorbed on Graphite,f7d5eb873144
"Polymer: Polyethylene (C156)
Property: diffusion_coefficient = 7.5e-11
Additional Info: {""condition"": ""C156 chain length""}
Force Field: Atomistic united-atom force field with Lennard-Jones, bending, torsional potentials, Steele's potent
Source: Molecular Dynamics Simulation of a Polymer Melt/Solid Interface: Local Dynamics and Chain Mobility in a Thin Film of Polyethylene Melt Adsorbed on Graphite
DOI: https://doi.org/10.1021/ma050177j",property,1474,Polyethylene (C156),"Atomistic united-atom force field with Lennard-Jones, bending, torsional potentials, Steele's potent",diffusion_coefficient,7.5e-11,"{""condition"": ""C156 chain length""}",https://doi.org/10.1021/ma050177j,Molecular Dynamics Simulation of a Polymer Melt/Solid Interface: Local Dynamics and Chain Mobility in a Thin Film of Polyethylene Melt Adsorbed on Graphite,af1b029bc138
"Polymer: Polyethylene (C250)
Property: diffusion_coefficient = 2.5e-11
Additional Info: {""condition"": ""C250 chain length""}
Force Field: Atomistic united-atom force field with Lennard-Jones, bending, torsional potentials, Steele's potent
Source: Molecular Dynamics Simulation of a Polymer Melt/Solid Interface: Local Dynamics and Chain Mobility in a Thin Film of Polyethylene Melt Adsorbed on Graphite
DOI: https://doi.org/10.1021/ma050177j",property,1475,Polyethylene (C250),"Atomistic united-atom force field with Lennard-Jones, bending, torsional potentials, Steele's potent",diffusion_coefficient,2.5e-11,"{""condition"": ""C250 chain length""}",https://doi.org/10.1021/ma050177j,Molecular Dynamics Simulation of a Polymer Melt/Solid Interface: Local Dynamics and Chain Mobility in a Thin Film of Polyethylene Melt Adsorbed on Graphite,f1d48ebd2abd
"Polymer: Polyethylene (C78) adsorbed on graphite
Property: density = 0.694
Additional Info: {""condition"": ""C78 chain length, adsorbed on graphite (200-chain system)""}
Force Field: Atomistic united-atom force field with Lennard-Jones, bending, torsional potentials, Steele's potent
Source: Molecular Dynamics Simulation of a Polymer Melt/Solid Interface: Local Dynamics and Chain Mobility in a Thin Film of Polyethylene Melt Adsorbed on Graphite
DOI: https://doi.org/10.1021/ma050177j",property,1476,Polyethylene (C78) adsorbed on graphite,"Atomistic united-atom force field with Lennard-Jones, bending, torsional potentials, Steele's potent",density,0.694,"{""condition"": ""C78 chain length, adsorbed on graphite (200-chain system)""}",https://doi.org/10.1021/ma050177j,Molecular Dynamics Simulation of a Polymer Melt/Solid Interface: Local Dynamics and Chain Mobility in a Thin Film of Polyethylene Melt Adsorbed on Graphite,ed29d5daaa9f
"Polymer: Polyethylene
Property: density = 0.65
Additional Info: {}
Force Field: TraPPE-UA
Source: Molecular Dynamics Simulations for Resolving Scaling Laws of Polyethylene Melts
DOI: https://doi.org/10.3390/polym9010024",property,1479,Polyethylene,TraPPE-UA,density,0.65,{},https://doi.org/10.3390/polym9010024,Molecular Dynamics Simulations for Resolving Scaling Laws of Polyethylene Melts,3cd4a9e02ef0
"Polymer: Polyethylene (C192)
Property: density = 0.837
Additional Info: {""condition"": ""C192 chain length""}
Force Field: PYS
Source: Molecular Dynamics Simulations for the Description of Experimental Molecular Conformation, Melt Dynamics, and Phase Transitions in Polyethylene
DOI: https://doi.org/10.1021/acs.macromol.5b00823",property,1480,Polyethylene (C192),PYS,density,0.837,"{""condition"": ""C192 chain length""}",https://doi.org/10.1021/acs.macromol.5b00823,"Molecular Dynamics Simulations for the Description of Experimental Molecular Conformation, Melt Dynamics, and Phase Transitions in Polyethylene",210184ff446b
"Polymer: Polyethylene (C192)
Property: diffusion_coefficient = 1.7e-11
Additional Info: {""condition"": ""Temperature 410K, C192 chain length""}
Force Field: PYS
Source: Molecular Dynamics Simulations for the Description of Experimental Molecular Conformation, Melt Dynamics, and Phase Transitions in Polyethylene
DOI: https://doi.org/10.1021/acs.macromol.5b00823",property,1481,Polyethylene (C192),PYS,diffusion_coefficient,1.7e-11,"{""condition"": ""Temperature 410K, C192 chain length""}",https://doi.org/10.1021/acs.macromol.5b00823,"Molecular Dynamics Simulations for the Description of Experimental Molecular Conformation, Melt Dynamics, and Phase Transitions in Polyethylene",aa05e1dd4f28
"Polymer: Polyethylene (C192)
Property: glass_transition_temp = 214.1
Additional Info: {""condition"": ""C192 chain length""}
Force Field: PYS
Source: Molecular Dynamics Simulations for the Description of Experimental Molecular Conformation, Melt Dynamics, and Phase Transitions in Polyethylene
DOI: https://doi.org/10.1021/acs.macromol.5b00823",property,1482,Polyethylene (C192),PYS,glass_transition_temp,214.1,"{""condition"": ""C192 chain length""}",https://doi.org/10.1021/acs.macromol.5b00823,"Molecular Dynamics Simulations for the Description of Experimental Molecular Conformation, Melt Dynamics, and Phase Transitions in Polyethylene",b73062a35b1a
"Polymer: Polyethylene (C192)
Property: density = 0.779
Additional Info: {""condition"": ""C192 chain length""}
Force Field: TraPPe-UA
Source: Molecular Dynamics Simulations for the Description of Experimental Molecular Conformation, Melt Dynamics, and Phase Transitions in Polyethylene
DOI: https://doi.org/10.1021/acs.macromol.5b00823",property,1484,Polyethylene (C192),TraPPe-UA,density,0.779,"{""condition"": ""C192 chain length""}",https://doi.org/10.1021/acs.macromol.5b00823,"Molecular Dynamics Simulations for the Description of Experimental Molecular Conformation, Melt Dynamics, and Phase Transitions in Polyethylene",e30b5aec5852
"Polymer: Polyethylene (C192)
Property: diffusion_coefficient = 2.8e-11
Additional Info: {""condition"": ""C192 chain length""}
Force Field: TraPPe-UA
Source: Molecular Dynamics Simulations for the Description of Experimental Molecular Conformation, Melt Dynamics, and Phase Transitions in Polyethylene
DOI: https://doi.org/10.1021/acs.macromol.5b00823",property,1485,Polyethylene (C192),TraPPe-UA,diffusion_coefficient,2.8e-11,"{""condition"": ""C192 chain length""}",https://doi.org/10.1021/acs.macromol.5b00823,"Molecular Dynamics Simulations for the Description of Experimental Molecular Conformation, Melt Dynamics, and Phase Transitions in Polyethylene",12aa3300cd9a
"Polymer: Polyethylene (C192)
Property: glass_transition_temp = 187
Additional Info: {""condition"": ""C192 chain length""}
Force Field: TraPPe-UA
Source: Molecular Dynamics Simulations for the Description of Experimental Molecular Conformation, Melt Dynamics, and Phase Transitions in Polyethylene
DOI: https://doi.org/10.1021/acs.macromol.5b00823",property,1486,Polyethylene (C192),TraPPe-UA,glass_transition_temp,187,"{""condition"": ""C192 chain length""}",https://doi.org/10.1021/acs.macromol.5b00823,"Molecular Dynamics Simulations for the Description of Experimental Molecular Conformation, Melt Dynamics, and Phase Transitions in Polyethylene",396537b88764
"Polymer: Poly(vinylidene fluoride)
Property: youngs_modulus = 294
Additional Info: {""condition"" : ""Beta Phase""}
Force Field: C/H/O/F/Al ReaxFF
Source: C_H_O_F_Al ReaxFF Force Field Development and Application to Study the Condensed-Phase Poly(vinylidene fluoride) and Reaction Mechanisms with Aluminum
DOI: https://doi.org/10.1021/acs.jpcc.2c02043",property,266,Poly(vinylidene fluoride),C/H/O/F/Al ReaxFF,youngs_modulus,294,"{""condition"" : ""Beta Phase""}",https://doi.org/10.1021/acs.jpcc.2c02043,C_H_O_F_Al ReaxFF Force Field Development and Application to Study the Condensed-Phase Poly(vinylidene fluoride) and Reaction Mechanisms with Aluminum,333b363f53e4
"Polymer: Poly(vinylidene fluoride)
Property: youngs_modulus = 144
Additional Info: {""condition"" : ""Delta Phase""}
Force Field: C/H/O/F/Al ReaxFF
Source: C_H_O_F_Al ReaxFF Force Field Development and Application to Study the Condensed-Phase Poly(vinylidene fluoride) and Reaction Mechanisms with Aluminum
DOI: https://doi.org/10.1021/acs.jpcc.2c02043",property,266,Poly(vinylidene fluoride),C/H/O/F/Al ReaxFF,youngs_modulus,144,"{""condition"" : ""Delta Phase""}",https://doi.org/10.1021/acs.jpcc.2c02043,C_H_O_F_Al ReaxFF Force Field Development and Application to Study the Condensed-Phase Poly(vinylidene fluoride) and Reaction Mechanisms with Aluminum,e8b2c9c8cafd
"Polymer: Poly(vinylidene fluoride)
Property: youngs_modulus = 80
Additional Info: {""condition"" : ""Gamma Phase""}
Force Field: C/H/O/F/Al ReaxFF
Source: C_H_O_F_Al ReaxFF Force Field Development and Application to Study the Condensed-Phase Poly(vinylidene fluoride) and Reaction Mechanisms with Aluminum
DOI: https://doi.org/10.1021/acs.jpcc.2c02043",property,266,Poly(vinylidene fluoride),C/H/O/F/Al ReaxFF,youngs_modulus,80,"{""condition"" : ""Gamma Phase""}",https://doi.org/10.1021/acs.jpcc.2c02043,C_H_O_F_Al ReaxFF Force Field Development and Application to Study the Condensed-Phase Poly(vinylidene fluoride) and Reaction Mechanisms with Aluminum,462ae9801de9
